attr_label,gen_desc
1b8327f1_01_01_34,"This column contains the unique identification number of a specific oil and gas platform block, allowing users to analyze and group data based on these defined areas for spatial analysis and resource management."
1b8327f1_01_01_35,"This column indicates whether a lease was active or not, allowing users to filter and analyze data based on lease status."
1b8327f1_01_01_36,"This column contains the unique identification number for each offshore oil and gas platform area, allowing users to categorize and analyze platforms based on their specific location."
1b8327f1_01_01_37,"This column contains the geographical location of each oil and natural gas platform, allowing users to analyze production trends by region or identify areas with high concentrations of offshore drilling."
5ee3690a_01_01_01,"This column contains a unique numerical identifier for each road tunnel within the dataset, allowing users to track and reference individual tunnels for analysis or further investigation."
5ee3690a_01_01_02,"This column contains unique identifiers for National Geographic Areas, allowing researchers to categorize and analyze road tunnel locations based on their geographic region."
5ee3690a_01_01_03,"This column contains the names of road tunnels, and someone would use it to identify and locate specific tunnel structures within the dataset."
5ee3690a_01_01_04,"This column contains the physical location of each road tunnel, and it would be used to map tunnel routes, analyze traffic patterns, or locate emergency exits."
5ee3690a_01_01_05,"This column contains the name of the city where the road tunnel is located, allowing users to analyze tunnel data by geographic region."
5ee3690a_01_01_06,"This column contains the state in which the road tunnel is located, allowing users to analyze tunnel distribution and characteristics across different U.S. states."
5ee3690a_01_01_07,"This column contains the name of the county where the road tunnel is located, allowing users to analyze tunnel distribution and prevalence across different regions."
5ee3690a_01_01_08,"This column contains unique numerical identifiers for geographic areas, allowing users to link tunnel data to specific locations and analyze trends across different regions."
5ee3690a_01_01_09,"This column contains the navigational direction, such as ‘left’, ‘right’, or ‘straight’, that a vehicle is traveling in within the tunnel, allowing users to analyze traffic flow and potential hazards based on route choices."
5ee3690a_01_01_10,"This column contains the date and time a specific location was observed, allowing users to analyze road tunnel conditions and trends over time."
5ee3690a_01_01_11,"This column contains detailed geographic information about the tunnel's location, allowing users to analyze tunnel distribution, connectivity, and spatial relationships within a road network."
5ee3690a_01_01_12,"This column contains National Association of Insurance Commissioners (NAIC) codes, which are used to classify and categorize different types of insurance risks, allowing for analysis of tunnel-related incidents by risk type."
5ee3690a_01_01_13,"This column contains detailed North American Industry Classification System (NAICS) descriptions of businesses, allowing users to categorize and analyze tunnel-related companies based on their primary industry activities."
5ee3690a_01_01_14,"This column contains the origin point of a road segment, allowing users to analyze routes and understand where roads begin."
5ee3690a_01_01_15,"This column contains the two-letter postal code for each road tunnel, allowing users to filter and analyze tunnels by their location within the United States."
5ee3690a_01_01_16,"This column contains the name of the county where the road tunnel is located, allowing users to analyze tunnel distribution and prevalence across different geographic regions."
5ee3690a_01_01_17,"This column contains the design pre-approval status of a road tunnel, allowing engineers to assess the project's progress and regulatory compliance before construction."
5ee3690a_01_01_18,"This column contains detailed information about the characteristics of a road tunnel, such as its length, ventilation system, and lighting, allowing users to analyze tunnel design and performance for traffic management and safety studies."
5ee3690a_01_01_19,"This column contains the specific geographic location of each road tunnel, allowing users to analyze tunnel distribution and identify areas with high tunnel density."
5ee3690a_01_01_20,"This column contains the latitude coordinates of each road tunnel, allowing users to map their locations and analyze their distribution across a geographic area."
5ee3690a_01_01_21,"This column contains the longitude coordinates of the road tunnel, allowing users to map tunnel locations and analyze their distribution relative to roads and other geographic features."
5ee3690a_01_01_22,"This column represents the length of the detour route, and someone would use it to analyze the impact of road closures or construction on travel times and distances."
5ee3690a_01_01_23,"This column contains the amount of money paid to pass through a road tunnel, and it would be used to analyze toll revenue trends or assess traffic patterns within tunnels."
5ee3690a_01_01_24,"This column indicates whether the road tunnel is currently undergoing maintenance, allowing analysts to assess tunnel conditions and prioritize repair efforts."
5ee3690a_01_01_25,"This column contains the name of the entity responsible for the road tunnel's ownership, allowing users to analyze tunnel management and responsibility."
5ee3690a_01_01_26,"This column contains binary labels indicating whether an image depicts a vertebrate animal, such as a bird or mammal, within a road tunnel."
5ee3690a_01_01_27,"This column contains the year a road tunnel was constructed, allowing users to analyze tunnel construction trends over time or assess the age of specific tunnels for maintenance or historical research."
5ee3690a_01_01_28,"This column indicates whether the road tunnel was constructed as part of a new highway project or as a subsequent modification to an existing road, allowing analysts to investigate the timing and context of tunnel construction."
5ee3690a_01_01_29,"This column contains the maximum load a road tunnel is designed to withstand, allowing engineers and designers to assess structural safety and ensure the tunnel can handle anticipated traffic and potential overloads."
5ee3690a_01_01_30,"This column contains the approximate width of a road tunnel, and it would be used to measure and compare tunnel dimensions for design, construction, or safety assessments."
5ee3690a_01_01_31,"This column represents the distance in meters from the tunnel entrance to the point where the tunnel becomes completely dark, providing a metric for assessing tunnel brightness and potentially used to classify tunnel types based on illumination levels."
5ee3690a_01_01_32,"This column contains the design specifications for the road tunnel, allowing users to analyze tunnel characteristics like shape, curvature, and overall layout to understand their impact on traffic flow and safety."
5ee3690a_01_01_33,"This column contains the horizontal illumination rating (IRTEHORZCL) from the tunnel environment, which engineers and designers would use to assess and optimize lighting levels for safety and visibility within the tunnel."
5ee3690a_01_01_34,"This column contains the structural level of the road tunnel, allowing users to analyze tunnel designs and compare their construction features."
5ee3690a_01_01_35,"This column contains information about the type of road structure above the tunnel, allowing users to analyze tunnel construction in relation to surrounding infrastructure."
5ee3690a_01_01_36,"This column contains the date of each inspection, allowing users to analyze tunnel inspection trends over time and identify patterns in maintenance or safety issues."
5ee3690a_01_01_37,"This column contains a numerical value representing the strain threshold for a road tunnel, and it would be used to assess the structural integrity and potential for deformation within the tunnel based on sensor readings."
5ee3690a_01_01_38,"This column contains the design standard for a road tunnel, allowing engineers and planners to assess and compare tunnel designs based on established industry benchmarks."
5ee3690a_01_01_39,"This column contains data representing the level of dirt traffic within a road tunnel, allowing users to analyze and understand the impact of surface materials and external conditions on tunnel visibility and maintenance needs."
5ee3690a_01_01_40,"This column contains information about the type of highway system present in a given area, allowing users to analyze road networks and understand the prevalence of different highway types."
5ee3690a_01_01_41,"This column represents the network distance traveled by the vehicle within the tunnel, allowing analysts to investigate how tunnel length impacts travel time and route selection."
5ee3690a_01_01_42,"This column indicates the operational state of the road tunnel, allowing users to filter and analyze data based on whether the tunnel is open, closed, or undergoing maintenance."
5ee3690a_01_01_43,"This column contains free-text descriptions provided by users regarding their experiences or observations within the road tunnels, which could be used to identify common issues, assess safety concerns, or gather feedback for improvements."
5ee3690a_01_01_44,"This column contains the length of road tunnel shapes, allowing users to analyze tunnel dimensions and potentially identify patterns related to tunnel design or construction."
cc51c539_01_01_01,"This column contains a unique numerical identifier for each refinery object in the dataset, allowing users to track and reference individual refineries for analysis or further investigation."
cc51c539_01_01_02,"This column contains a unique identifier for each oil refinery, allowing users to track and analyze specific refinery operations and their associated data."
cc51c539_01_01_03,"This column contains the unique names of individual oil refineries, allowing users to identify and differentiate between specific facilities within the dataset."
cc51c539_01_01_04,"This column contains the physical location of each oil refinery, and users would leverage this information for mapping, logistics planning, and understanding the geographic distribution of the industry."
cc51c539_01_01_05,"This column contains the location of each oil refinery, and users could leverage this information to analyze refinery distribution, identify regional concentrations, or determine proximity to transportation networks."
cc51c539_01_01_06,"This column contains the state where the oil refinery is located, allowing users to analyze refinery distribution and concentration across different regions."
cc51c539_01_01_07,"This column contains the postal zip code for each refinery, allowing users to analyze refinery locations and potentially identify clusters or geographic patterns related to the data."
cc51c539_01_01_08,"This column contains a five-digit zip code, allowing users to pinpoint the geographic location of each oil refinery for analysis, mapping, and logistics purposes."
cc51c539_01_01_09,"This column contains the phone numbers of oil refineries, which can be used for contacting the facilities directly for inquiries, support, or emergency situations."
cc51c539_01_01_10,"This column indicates the specific kind of oil refinery, allowing users to categorize and analyze refineries based on their processing capabilities and product outputs."
cc51c539_01_01_11,"This column indicates whether the oil refinery is currently operational, allowing users to analyze refinery availability and potential production capacity."
cc51c539_01_01_12,"This column contains the total population of the area surrounding each oil refinery, allowing analysts to investigate the potential impact of refinery operations on local communities and assess the demand for petroleum products."
cc51c539_01_01_13,"This column contains the name of the county where the oil refinery is located, allowing users to analyze refinery distribution and concentration across different geographic regions."
cc51c539_01_01_14,"This column contains unique five-digit codes identifying each U.S. county, allowing users to analyze oil refinery locations and their distribution across different geographic regions."
cc51c539_01_01_15,"This column contains the nation where the oil refinery is located, allowing users to analyze refinery distribution and concentration by geographic region."
cc51c539_01_01_16,"This column contains the geographical coordinates of each refinery, allowing users to map their locations and analyze spatial relationships within the oil refining industry."
cc51c539_01_01_17,"This column contains the geographical longitude coordinates of each oil refinery, allowing users to map their locations and analyze spatial distributions."
cc51c539_01_01_18,"This column contains the North American Industry Classification System code for each refinery, allowing users to categorize and analyze refineries based on their specific production processes and industry sector."
cc51c539_01_01_19,"This column contains detailed North American Industry Classification System descriptions of the refineries, allowing users to categorize and analyze refineries based on their specific operations and products."
cc51c539_01_01_20,"This column contains the origin of the refinery data, allowing users to filter and analyze information based on where the source information came from, such as government reports, industry publications, or internal company records."
cc51c539_01_01_21,"This column contains the date each refinery's data was sourced, allowing users to analyze trends and historical patterns in refinery operations over time."
cc51c539_01_01_22,"This column contains the method used to evaluate the refinery's performance, allowing analysts to compare different assessment techniques and understand the data's reliability."
cc51c539_01_01_23,"This column contains the date of each refinery valuation, allowing users to analyze trends and performance over time."
cc51c539_01_01_24,"This column contains the URL of each oil refinery’s official website, allowing users to access company information, operational details, and potentially track refinery activity."
cc51c539_01_01_25,"This column contains the name of the entity that owns the oil refinery, and it would be used to analyze refinery ownership structures and identify key stakeholders within the industry."
cc51c539_01_01_26,"The `Opername` column contains the name of the refinery operating at the time of the data record, which can be used to identify the specific facility involved in a particular event or measurement."
cc51c539_01_01_27,"This column contains a unique identifier for each oil refinery, allowing users to track and analyze specific refinery operations and their associated data."
cc51c539_01_01_28,"This column contains the unique Environmental Protection Agency identification number for each refinery, allowing users to identify and track specific facilities based on EPA regulations and reporting requirements."
cc51c539_01_01_29,"This column indicates the relative position of a refinery to its neighboring facilities, providing insights into potential spatial relationships and impacts for analysis like pipeline routing or environmental risk assessment."
cc51c539_01_01_30,"This column contains the processing volume, allowing users to analyze refinery output, compare production levels, and assess operational efficiency."
cc51c539_01_01_31,"This column contains the U.S. ranking of each refinery, allowing users to analyze refinery capacity and relative importance within the American petroleum industry."
cc51c539_01_01_32,"This column contains the quantity of crude oil processed at a refinery, allowing analysts to track production volumes and assess refinery performance."
cc51c539_01_01_33,"The column holds the vacuum distillation temperature, which engineers and analysts would use to monitor and optimize the separation of crude oil into its various components during the refining process."
cc51c539_01_01_34,"This column indicates whether a refinery engages in the process of converting heavy crude oil into lighter products through a coking process, allowing analysts to assess refinery operations and production capabilities."
cc51c539_01_01_35,"The column contains temperature readings from various points within the oil refinery, allowing engineers to monitor operational efficiency, identify potential issues, and optimize processes."
cc51c539_01_01_36,"This column contains categorical data indicating whether a refinery is associated with the Catcrack product, allowing analysts to segment refinery operations and understand production volumes related to this specific product."
cc51c539_01_01_37,"This column contains information about the refinery's catalytic reforming process, allowing analysts to assess its operational characteristics and potential for producing high-value gasoline components."
cc51c539_01_01_38,"This column contains the catalytic cracking diesel yield, a key metric used to assess the efficiency and quality of diesel production in oil refineries."
cc51c539_01_01_39,"This column contains hydrogen trichloride measurements, which refinery operators use to monitor and control the efficiency of hydrotreating processes."
cc51c539_01_01_40,"This column represents the alkane content of the crude oil, and analysts would use it to assess the quality and potential yield of products from the refinery."
cc51c539_01_01_41,"The column contains a categorical variable representing the Poldim, a Russian administrative district, where the oil refinery is located, allowing analysts to study regional variations in refinery operations and performance."
cc51c539_01_01_42,"This column contains measurements indicating the level of aromatic hydrocarbons present, which refinery operators would use to assess product quality, monitor emissions, and ensure compliance with environmental regulations."
cc51c539_01_01_43,"This column contains the specific chemical isomer of a hydrocarbon, allowing analysts to investigate how different molecular structures impact refinery processes and product properties."
cc51c539_01_01_44,"This column indicates whether the refinery produces lubricating oils and fluids, allowing analysts to understand a refinery’s product portfolio and target markets for these specialized products."
cc51c539_01_01_45,"This column indicates the presence or absence of oxygenates, which are substances added to gasoline to improve its combustion properties and reduce emissions, allowing analysts to assess refinery product composition and blending strategies."
cc51c539_01_01_46,"This column contains the hydrogen production rate, which engineers and analysts would use to monitor refinery operations, assess efficiency, and troubleshoot potential issues related to hydrogen generation."
cc51c539_01_01_47,"This column contains the quantity of coke produced by the oil refinery, which engineers and analysts would use to monitor production levels, assess operational efficiency, and track trends in the refinery's output."
cc51c539_01_01_48,"This column contains the amount of sulfur present in the oil being processed, which refinery operators would use to monitor emissions, ensure compliance with environmental regulations, and optimize refining processes."
cc51c539_01_01_49,"This column contains the quantity of asphalt produced by the refinery, allowing analysts to track production levels and assess refinery output."
dbaeac55_01_01_01,"This column contains a unique identifier for each rail object, allowing users to track and manage individual components within the rail system."
dbaeac55_01_01_02,"This column contains unique codes identifying railroad companies, allowing users to categorize and analyze rail transport operations based on their specific industry classifications."
dbaeac55_01_01_03,"This column contains the company's overall profitability after all expenses, allowing analysts to assess financial performance and make informed business decisions."
dbaeac55_01_01_04,"This column contains a unique code representing a specific train or vehicle, allowing users to identify and track individual units within the rail company's fleet."
dbaeac55_01_01_05,"This column contains the unique transaction code used to identify specific operations or events within the rail company's systems, allowing users to track and analyze individual train movements, maintenance activities, or operational changes."
dbaeac55_01_01_06,"This column contains the name of the railway company, which would be used to identify and categorize different rail operators within the dataset."
dbaeac55_01_01_07,"This column contains customer feedback and opinions expressed in free-text comments, which can be used to understand customer sentiment, identify common issues, and improve service offerings."
dbaeac55_01_01_08,"This column contains miscellaneous information not captured by other categories, allowing analysts to investigate unique or unexpected events within the rail company's operations."
d8a5b023_01_01_01,"This column contains a unique numerical identifier for each object within the dataset, allowing users to track and reference specific instances for analysis or reporting."
d8a5b023_01_01_03,"This column contains the type of product being operated on, allowing users to categorize and analyze industrial operations based on the specific goods involved."
d8a5b023_01_01_04,"This column contains the names of various industrial sites, and someone would use it to identify and categorize the specific manufacturing locations within the dataset."
d8a5b023_01_01_05,"This column contains the names of the companies featured in the dataset, allowing users to analyze operational data by specific organizations or to identify trends across different businesses."
d8a5b023_01_01_06,"This column contains the geographical location of the industrial operation, allowing users to analyze trends and patterns by state."
d8a5b023_01_01_07,"This column contains the name of the county where the industrial operation is located, allowing users to analyze operational data by geographic region."
d8a5b023_01_01_08,"This column contains the geographical coordinates for each observation, allowing users to analyze spatial patterns and relationships within the dataset."
d8a5b023_01_01_09,"This column contains the geographical longitude coordinates, allowing users to map and analyze operational data based on location."
d8a5b023_01_01_10,"This column indicates whether a facility is involved in mining operations, allowing users to filter and analyze data related to industrial plants with mining activities."
a758ee3c_01_01_01,"This column contains a unique numerical identifier for each transit route, allowing users to reference and distinguish individual routes within the dataset."
a758ee3c_01_01_02,"This column contains a unique identifier for each transit route, allowing users to easily reference and distinguish between different routes within the dataset."
a758ee3c_01_01_03,"This column indicates the specific transit agency operating the route, allowing users to filter or analyze data by the system responsible for providing the service."
a758ee3c_01_01_04,"This column contains the URL for accessing the transit system's website, allowing users to explore routes, schedules, and other relevant information."
a758ee3c_01_01_05,"This column contains the name of the transit agency responsible for operating the route, allowing users to filter or analyze data by agency."
a758ee3c_01_01_06,"This column contains a unique identifier for each transit route, allowing users to track and analyze specific bus or train lines within the transit network."
a758ee3c_01_01_07,"This column contains the names of public transit routes, allowing users to identify and track specific bus or train lines within a transit system."
a758ee3c_01_01_08,"This column contains the URL for a public transit route, allowing users to access detailed information about the route's stops, schedule, and other relevant details online."
a758ee3c_01_01_09,"This column contains a unique identifier for each public transit route, allowing users to reference and analyze specific routes within the dataset."
a758ee3c_01_01_10,"This column indicates the type of transportation used for a trip, allowing users to analyze travel patterns by mode such as bus, train, or ferry."
a758ee3c_01_01_11,"The column holds the unique identifier for each transit route, allowing users to track and analyze specific routes within the public transit system."
a758ee3c_01_01_12,"This column contains unique codes identifying specific transit areas, allowing users to analyze and map routes based on geographical regions served by public transportation."
a758ee3c_01_01_13,"This column indicates whether a transit route is currently operational, allowing users to filter for active routes and analyze service disruptions."
a758ee3c_01_01_14,"This column contains the starting point of a transit route, allowing users to identify where a journey begins and plan their travel accordingly."
a758ee3c_01_01_15,"This column contains the date the transit route data was originally sourced, allowing users to analyze route changes and trends over time."
a758ee3c_01_01_17,"This column represents the length of a transit route in meters, allowing users to analyze and compare the distances of different routes for planning and optimization purposes."
779c74c8_01_01_01,"This column contains a unique identifier for each record in the dataset, allowing users to track and reference individual trauma level entries for analysis or reporting."
779c74c8_01_01_02,"This column contains a categorical representation of the participant's reported state at the time of the study, allowing researchers to analyze trauma levels in relation to different states of awareness or emotional response."
779c74c8_01_01_03,"This column contains a numerical representation of an individual's reported trauma level, allowing researchers or clinicians to quantify the severity of traumatic experiences and analyze relationships with other variables."
779c74c8_01_01_04,"This column contains a detailed explanation of what constitutes a specific level of trauma, allowing users to understand the nuanced criteria for each stage of trauma response and its impact."
779c74c8_01_01_05,"This column contains the method through which the trauma information was obtained, allowing researchers to analyze the reliability and potential biases associated with different data collection sources."
779c74c8_01_01_06,"This column contains the date the source information was obtained, allowing users to analyze trauma levels over time or investigate specific periods of data collection."
8e7be837_01_01_01,"This column contains a unique numerical identifier for each planning area record, allowing users to reference and distinguish individual planning areas within the dataset."
8e7be837_01_01_02,"This column contains a unique numerical identifier for each planning area, allowing users to reference and distinguish between different areas within the dataset."
9b56fd68_01_01_03,"This column contains the names of various petroleum reserves, and someone would use it to identify and categorize specific areas with potential oil and gas resources."
9b56fd68_01_01_04,"This column contains the physical location of each petroleum reserve, allowing users to map, analyze, and understand the geographic distribution of these resources."
9b56fd68_01_01_05,"This column contains the names of the cities where petroleum reserves are located, allowing users to analyze and map the geographic distribution of these resources."
9b56fd68_01_01_06,"This column contains the names of the U.S. states where petroleum reserves are located, allowing users to analyze and compare reserves by geographic region."
9b56fd68_01_01_07,"This column contains postal codes, which can be used to geographically analyze the distribution of Doe Petroleum Reserves and understand their location across different regions."
9b56fd68_01_01_08,"This column contains five-digit zip code extensions, allowing users to refine geographic analysis and pinpoint locations with greater precision."
9b56fd68_01_01_09,"This column contains telephone numbers, which could be used to contact Doe Petroleum for inquiries, sales, or other business-related communications."
9b56fd68_01_01_10,"This column indicates the specific category of petroleum reserve, allowing users to analyze and segment reserves based on their characteristics, such as oil, gas, or condensate."
9b56fd68_01_01_11,"This column indicates the current operational status of each petroleum reserve, allowing users to filter and analyze data based on whether a reserve is active, inactive, under development, or otherwise managed."
9b56fd68_01_01_12,"This column contains the total population figures for each area, allowing users to analyze population trends and relationships with other variables like oil reserves."
9b56fd68_01_01_13,"This column contains the names of the counties where Doe Petroleum Reserves are located, allowing users to analyze and map the distribution of these reserves across different geographic regions."
9b56fd68_01_01_14,"This column contains unique numerical codes identifying each U.S. county, allowing users to link petroleum reserve data to specific geographic locations for analysis and mapping."
9b56fd68_01_01_15,"This column contains the names of the countries where Doe Petroleum holds oil reserves, allowing users to analyze and compare reserves by geographic location."
9b56fd68_01_01_16,"This column contains the geographical coordinates of each petroleum reserve, allowing users to map and analyze the distribution of these resources across different locations."
9b56fd68_01_01_17,"This column contains the longitude coordinates of each petroleum reserve, allowing users to map and analyze the spatial distribution of these resources."
9b56fd68_01_01_18,"This column contains the North American Industry Classification System (NAICS) code for each petroleum reserve, allowing users to categorize and analyze reserves by industry sector."
9b56fd68_01_01_19,"This column contains the North American Industry Classification System description for each company, allowing users to categorize and analyze petroleum reserves by industry sector."
9b56fd68_01_01_20,"This column indicates the origin of the petroleum reserve data, allowing users to assess the reliability and potential biases of the information based on its source."
9b56fd68_01_01_21,"This column contains the date each data entry was sourced, allowing users to track the timeline of the petroleum reserve information and analyze trends over time."
9b56fd68_01_01_22,"This column indicates the method used to determine the petroleum reserves, allowing analysts to understand the reliability and approach behind each reported value."
9b56fd68_01_01_23,"This column contains the date of each petroleum reserve record, allowing users to analyze trends and changes in reserves over time."
9b56fd68_01_01_24,"This column contains the URL addresses of Doe Petroleum's various websites, which researchers could use to access company information, news, and potentially explore their operations."
9b56fd68_01_01_25,"This column contains the name of the company responsible for managing the petroleum reserves, allowing users to analyze production and ownership data by operator."
9b56fd68_01_01_26,"This column contains the relative position of each oil reserve within a given field, allowing users to analyze the spatial distribution and ranking of reserves for strategic planning and resource management."
9b56fd68_01_01_27,"This column holds the total storage capacity of petroleum reserves, allowing users to analyze the volume of oil and gas resources available for potential production or sale."
9b56fd68_01_01_28,"This column indicates the presence and extent of underground salt caverns, which petroleum companies would use to store natural gas or other volatile liquids due to their unique properties."
9b56fd68_01_01_29,"This column contains a unique identifier for each oil and gas well, allowing users to track and analyze individual well production data for reservoir management and performance monitoring."
9b56fd68_01_01_30,"This column contains the diameter measurements of oil reservoirs, which petroleum engineers would use to calculate volume, estimate production rates, and assess reservoir characteristics."
9b56fd68_01_01_31,"This column contains information about the presence and extent of oil pipelines associated with Doe Petroleum Reserves, allowing analysts to assess infrastructure networks and potential risks related to transportation."
9b56fd68_01_01_32,"This column contains the type of petroleum product being measured, allowing users to analyze reserves by fuel type like crude oil, gasoline, or natural gas."
9b56fd68_01_01_33,"This column represents the amount by which the oil reservoir pressure has decreased over time, allowing analysts to track depletion rates and predict remaining reserves."
dc36197a_01_01_01,"This column contains a unique identifier for each prison boundary, allowing users to link and analyze data related to specific correctional facilities."
dc36197a_01_01_02,"This column contains a unique identifier for each correctional facility, allowing users to locate, categorize, and analyze data related to specific prisons and their geographic locations."
dc36197a_01_01_03,"This column contains the names of individual prisons, allowing users to identify and locate specific correctional facilities within the dataset."
dc36197a_01_01_04,"This column contains the street address of each prison, allowing users to locate them on a map or analyze their distribution geographically."
dc36197a_01_01_05,"This column contains the names of the cities where prisons are located, allowing users to analyze prison distribution by geographic location."
dc36197a_01_01_06,"This column contains the names of the U.S. states, and someone would use it to identify and categorize prison locations by their respective state of operation."
dc36197a_01_01_07,"This column contains the postal zip codes associated with each prison boundary, allowing users to analyze prison locations by geographic region and demographic data linked to those areas."
dc36197a_01_01_08,"This column contains a four-digit zip code segment, which can be used to pinpoint the precise location of a prison within a larger geographic area for mapping, analysis, and demographic studies."
dc36197a_01_01_09,"This column contains the telephone numbers associated with each prison, which could be used to identify contact information for outreach, investigations, or emergency services."
dc36197a_01_01_10,"This column indicates the specific kind of correctional facility represented by each boundary, allowing users to categorize prisons by their function, such as state, federal, or juvenile."
dc36197a_01_01_11,"This column indicates whether a prison facility is currently operational or closed, allowing users to analyze prison populations, assess capacity, or investigate changes in the correctional system."
dc36197a_01_01_12,"This column contains the number of people residing within the boundaries of each prison, allowing users to analyze population density around correctional facilities."
dc36197a_01_01_13,"This column contains the name of the county in which a prison boundary is located, allowing users to analyze prison distribution by geographic region."
dc36197a_01_01_14,"This column contains unique five-digit codes identifying each U.S. county, allowing users to geographically locate and analyze prison locations within specific counties."
dc36197a_01_01_15,"This column contains the names of the countries where prison boundaries are located, allowing users to analyze prison distribution and patterns across different nations."
dc36197a_01_01_16,"This column contains the North American Industry Classification System code, allowing users to categorize prisons by their primary industry sector and analyze prison populations by economic activity."
dc36197a_01_01_17,"This column contains detailed North American Industry Classification System descriptions, allowing users to analyze the types of businesses located within each prison boundary."
dc36197a_01_01_18,"This column indicates the origin of the prison boundary data, allowing users to understand the data's provenance and potentially assess its reliability for various geographic analyses."
dc36197a_01_01_19,"This column contains the date the prison boundary data was originally sourced, allowing users to assess the data's age and potential relevance for specific time periods."
dc36197a_01_01_20,"This column contains the method used to determine the boundaries of each prison, allowing users to analyze and compare different boundary determination techniques."
dc36197a_01_01_21,"This column contains the date each prison boundary was recorded, allowing users to analyze changes in prison locations over time."
dc36197a_01_01_22,"This column contains the URLs of the official websites for each prison, which could be used to access information about the facility, its operations, or inmate details."
dc36197a_01_01_23,"This column indicates the security level of a prison, allowing users to analyze incarceration patterns based on the degree of restriction and risk associated with each facility."
dc36197a_01_01_24,"This column contains the maximum number of inmates a prison facility can hold, allowing users to analyze prison system capacity and potentially assess overcrowding or resource needs."
dc36197a_01_01_25,"This column contains the length of each prison's boundary shape, allowing users to analyze the size and area of correctional facilities."
dc36197a_01_01_26,"This column contains the linear measurement of each prison’s boundary in meters, allowing users to analyze prison sizes and compare them geographically."
dc36197a_01_01_27,"This column contains the calculated area in square meters of each prison boundary shape, allowing users to analyze the size of correctional facilities."
c5461429_01_01_01,"This column contains a unique numerical identifier for each compressor station in the dataset, allowing users to easily reference and distinguish individual stations for analysis or tracking."
c5461429_01_01_02,"This column contains a unique identifier for each natural gas compressor station, allowing users to track, analyze, and relate data specific to individual stations within the dataset."
c5461429_01_01_03,"This column contains the unique identifier for each natural gas compressor station, allowing users to easily locate and reference specific facilities within the dataset."
c5461429_01_01_04,"This column contains the physical location of each natural gas compressor station, allowing users to map their distribution network, analyze proximity to gas sources and consumers, and plan maintenance or expansion efforts."
c5461429_01_01_05,"This column contains the names of the cities where the natural gas compressor stations are located, allowing users to analyze station distribution and identify regional concentrations."
c5461429_01_01_06,"This column contains the U.S. state where the natural gas compressor station is located, allowing users to analyze compressor station distribution and concentration across different regions."
c5461429_01_01_07,"This column contains the postal zip code for each compressor station, allowing users to analyze compressor station locations geographically and identify clusters or patterns based on zip code regions."
c5461429_01_01_08,"This column contains the five-digit zip code block, which can be used to pinpoint the geographic location of each compressor station for mapping, analysis, and operational efficiency studies."
c5461429_01_01_09,"This column indicates the specific kind of natural gas compressor station, allowing users to analyze trends and characteristics based on station type, such as centrifugal, reciprocating, or positive displacement."
c5461429_01_01_10,"This column indicates the operational state of the natural gas compressor station, allowing users to monitor equipment availability, identify potential downtime issues, and optimize maintenance schedules."
c5461429_01_01_11,"This column contains the name of the county in which each natural gas compressor station is located, allowing users to analyze compressor station distribution across different geographic regions."
c5461429_01_01_12,"This column contains unique five-digit codes identifying each U.S. county, allowing users to filter and analyze natural gas compressor station locations by geographic region."
c5461429_01_01_13,"This column contains the nation where the natural gas compressor station is located, allowing users to analyze compressor station distribution and trends across different countries."
c5461429_01_01_14,"This column contains the geographical coordinates of each compressor station, allowing users to map their locations and analyze distribution patterns."
c5461429_01_01_15,"This column contains the geographical longitude coordinates of each compressor station, allowing users to map their locations and analyze spatial distributions for various applications like pipeline network optimization or geographic risk assessment."
c5461429_01_01_16,"This column contains the North American Industry Classification System (NAICS) code for each compressor station, allowing users to categorize and analyze the industry based on specific operational classifications."
c5461429_01_01_17,"This column contains detailed North American Industry Classification System descriptions of the compressor station businesses, allowing users to categorize and analyze them based on their specific operations and services."
c5461429_01_01_18,"This column contains the origin of the natural gas, allowing users to analyze compressor station operations based on the source of the gas being processed."
c5461429_01_01_19,"This column contains the date each compressor station's data was sourced, allowing users to analyze trends and historical performance over time."
c5461429_01_01_20,"This column indicates the specific method used to determine the compressor station's performance values, allowing users to analyze and compare different measurement techniques."
c5461429_01_01_21,"This column contains the date of a specific measurement, allowing users to analyze compressor station performance trends over time and identify patterns related to production or maintenance schedules."
c5461429_01_01_22,"This column contains the URL of the natural gas compressor station's website, which can be used to gather information about its operations, location, and maintenance records."
c5461429_01_01_23,"This column contains the name of the compressor station, which engineers and analysts would use to identify and locate specific facilities within the natural gas pipeline network."
c5461429_01_01_24,"This column contains a unique identifier for each natural gas compressor station, allowing users to track, analyze, and manage individual stations within the dataset."
c5461429_01_01_25,"This column contains the name or identifier of the individual or team responsible for operating each natural gas compressor station, allowing users to analyze operational efficiency and performance based on staffing levels."
c5461429_01_01_26,"This column indicates the spatial relationship between the compressor station and its surrounding features, such as pipelines, wells, or other infrastructure, allowing analysts to understand the station's connectivity and proximity to key resources."
c5461429_01_01_27,"This column represents the number of compressor units at a natural gas station, allowing users to analyze the scale of operations and compare compressor station capacities."
c5461429_01_01_28,"This column represents the certification horsepower of the natural gas compressor station, allowing users to assess the station's rated capacity and performance for comparison or regulatory compliance."
c5461429_01_01_29,"This column represents the total financial cost associated with operating a natural gas compressor station, allowing users to analyze investment decisions, assess operational expenses, and compare the economic viability of different facilities."
c5461429_01_01_30,"This column contains the amount of fuel consumed by the compressor station during a specific measurement, allowing users to analyze fuel efficiency and identify potential operational issues."
c5461429_01_01_31,"This column contains miscellaneous operational data from the compressor stations, allowing users to investigate factors beyond the primary measured parameters for anomaly detection or performance analysis."
c5461429_01_01_32,"This column contains the measured flow rate of natural gas passing through a compressor station, allowing users to analyze compressor performance, identify potential bottlenecks, and optimize operational efficiency."
c5461429_01_01_36,"This column contains the measured electrical power consumption of the compressor station, allowing users to analyze energy efficiency, identify operational anomalies, or predict future power demands."
c5461429_01_01_37,"This column represents the electrical power consumption of a natural gas compressor station, allowing users to analyze energy usage patterns and optimize operational efficiency."
92fd4de4_01_01_01,"This column contains unique identifiers for geographic features, allowing users to track and reference specific objects within the dataset."
92fd4de4_01_01_03,"This column contains unique identifiers for each data point, which users would leverage for tracking, referencing, and potentially linking records across different datasets."
92fd4de4_01_01_04,"This column contains the Windows Registry Item key, which security analysts and researchers would use to investigate malware infections and track their modifications within the system."
92fd4de4_01_01_05,"This column contains the primary sodium concentration values, which a user could utilize to analyze sodium levels in a sample or dataset."
92fd4de4_01_01_06,"This column contains the geographical location of a specific entity, allowing users to analyze spatial patterns and relationships within the dataset."
92fd4de4_01_01_07,"This column contains the names of cities, allowing users to analyze location-based patterns or filter data based on urban areas."
92fd4de4_01_01_08,"This column contains the names of counties, allowing users to analyze and filter data based on geographic location."
92fd4de4_01_01_09,"This column contains unique five-digit codes representing U.S. federal counties, which can be used to identify and analyze geographic data related to specific locations."
92fd4de4_01_01_10,"This column contains two-letter postal codes representing the state where a transaction or record originated, allowing users to analyze data by geographic location."
92fd4de4_01_01_11,"This column contains postal codes, which can be used to identify and locate addresses for various purposes like shipping, mapping, or demographic analysis."
92fd4de4_01_01_12,"This column contains geographic coordinates representing locations on the WGS 83 ellipsoid, allowing users to analyze spatial patterns and perform location-based analysis."
92fd4de4_01_01_13,"This column contains longitude coordinates, which can be used to map locations and analyze spatial patterns."
92fd4de4_01_01_14,"This column contains Huc8 codes, which are used to identify and categorize specific products or services within a dataset, likely for analysis or reporting purposes."
92fd4de4_01_01_15,"This column contains the accuracy score for a given value, allowing users to analyze the performance of a model or system based on its predictive correctness."
92fd4de4_01_01_16,"This column contains measurements of collected material, allowing users to analyze and compare quantities of a substance in various samples or experiments."
92fd4de4_01_01_17,This column contains the reference point coordinates used for various spatial analyses and measurements within the dataset.
92fd4de4_01_01_18,"This column contains the date when a record was created, allowing users to analyze data trends over time."
92fd4de4_01_01_19,"This column contains timestamp data representing when a record was last updated, allowing users to track changes and analyze data freshness."
92fd4de4_01_01_20,"This column contains the most recent report entry, allowing users to track the latest updates or findings associated with a specific record."
92fd4de4_01_01_21,"This column contains URLs of product pages, allowing users to access and view detailed information about the products featured in the dataset."
92fd4de4_01_01_24,"This column contains the interest rate values, which can be used to analyze lending trends, calculate financial metrics, or predict loan performance."
92fd4de4_01_01_25,"This column likely indicates whether a specific device or component is currently active, allowing users to filter or analyze data based on operational status."
92fd4de4_01_01_26,"This column indicates whether a record represents a publicly traded company or not, allowing users to filter or analyze data based on ownership structure."
92fd4de4_01_01_27,"This column contains the URL of the program being analyzed, which researchers would use to access and investigate the software's functionality and potential threats."
92fd4de4_01_01_28,"This column contains detailed pathology reports generated from medical imaging, allowing clinicians to assess findings and diagnose conditions."
9536bf3d_01_01_01,"The `objectid` column contains a unique numerical identifier for each uranium vanadium deposit, allowing users to track and reference specific deposits within the dataset."
9536bf3d_01_01_02,"This column contains unique identifiers for uranium vanadium deposits, allowing users to track, categorize, and analyze individual deposits within the dataset."
9536bf3d_01_01_03,"This column contains a unique numerical identifier assigned by the USGS Mineral Resources Data System (MRDS) for each reported uranium and vanadium occurrence, allowing researchers to track and analyze individual deposits."
9536bf3d_01_01_04,"The `Mas Id` column contains unique identifiers for each uranium vanadium deposit, allowing researchers to track and differentiate individual deposits within the dataset."
9536bf3d_01_01_05,"This column contains the names of individual uranium vanadium deposit locations, allowing users to identify and analyze specific sites within the dataset for geological or resource assessment purposes."
9536bf3d_01_01_06,"This column contains the geographical coordinates of the uranium vanadium deposits, allowing users to map their locations and analyze their distribution relative to other geological features."
9536bf3d_01_01_07,"This column contains the geographic longitude coordinates of the uranium vanadium deposits, allowing users to map their locations and analyze spatial distributions."
9536bf3d_01_01_08,"This column contains the geographical location of the uranium vanadium deposits, allowing users to analyze and compare deposit distributions across different regions."
9536bf3d_01_01_09,"This column contains the names of the countries where uranium vanadium deposits are located, allowing users to analyze the geographic distribution of these resources."
9536bf3d_01_01_10,"This column contains the names of the U.S. states where uranium vanadium deposits are located, allowing users to analyze the geographic distribution of these resources."
9536bf3d_01_01_11,"This column contains the name of the county where the uranium vanadium deposit is located, allowing users to analyze and map the geographic distribution of these resources."
9536bf3d_01_01_12,"This column indicates the type of geological formation where the uranium and vanadium deposits are found, allowing users to analyze and filter data based on specific deposit characteristics."
9536bf3d_01_01_13,"This column contains the major compositional components of the uranium-vanadium deposits, allowing geologists to analyze the mineralogical makeup of the ore bodies and understand their formation processes."
9536bf3d_01_01_14,"This column contains the concentrations of minor elements in the uranium vanadium deposits, allowing researchers to analyze geochemical trends and potentially correlate them with mineralization styles and ore grade predictions."
9536bf3d_01_01_15,"This column contains trace element data, likely used to assess the geochemical characteristics and potential mineralization associated with uranium and vanadium deposits."
9536bf3d_01_01_16,"This column indicates the type of operation performed, allowing users to categorize and analyze uranium vanadium deposits based on the nature of the mining or exploration activity."
9536bf3d_01_01_17,"This column indicates the specific type of deposit where uranium and vanadium are found, allowing users to categorize and analyze the geological characteristics of these mineral resources."
9536bf3d_01_01_18,"This column represents the measured production size of uranium vanadium deposits, allowing users to analyze the scale of potential resources and compare different deposits based on their output capacity."
9536bf3d_01_01_19,"This column contains statistical data related to the development status of uranium vanadium deposits, allowing users to assess the maturity and potential of these resources for exploration and investment."
9536bf3d_01_01_20,"This column contains the type of ore found at each uranium vanadium deposit, allowing researchers to analyze the composition and potential yield of these valuable resources."
9536bf3d_01_01_21,"This column contains the composition of the rock material surrounding the uranium and vanadium minerals, allowing analysts to assess the overall mineralogical context and potentially refine estimates of ore grade and deposit characteristics."
9536bf3d_01_01_22,"This column contains a textual description of supplementary materials associated with the uranium vanadium deposits, allowing analysts to understand the composition and nature of these materials beyond the primary ore itself."
9536bf3d_01_01_23,"This column contains the formation name of the uranium vanadium orebody, allowing users to categorize and analyze deposits based on their geological context."
9536bf3d_01_01_24,"This column indicates the specific type of mining or processing activity undertaken for the uranium and vanadium deposits, allowing users to analyze trends in extraction methods and their associated costs or efficiencies."
9536bf3d_01_01_25,"This column contains the model used to generate the uranium vanadium deposit predictions, allowing users to assess the reliability and performance of different geological modeling approaches."
9536bf3d_01_01_26,"This column contains descriptions of the types of rock alteration observed at uranium vanadium deposits, which geologists would use to identify favorable mineralization zones and understand the geochemical processes associated with ore formation."
9536bf3d_01_01_27,"This column contains the processed concentration of uranium and vanadium, and it would be used to analyze the efficiency of the extraction process or to correlate concentration levels with other geological factors."
9536bf3d_01_01_28,"This column contains the previous name of a uranium vanadium deposit, allowing researchers to trace the evolution of ore systems and potentially identify patterns in naming conventions related to discovery or initial assessment."
9536bf3d_01_01_29,"This column indicates the control method used for classifying the ore, allowing analysts to understand how the data was initially categorized and potentially assess the reliability of the classification."
9536bf3d_01_01_30,"This column contains the name or identifier of the individual or organization that reported the information about the uranium vanadium deposit, allowing users to trace the source of the data and assess potential biases or expertise."
9536bf3d_01_01_31,"This column contains the lithostratigraphic unit designation (Hrock Unit) used to characterize the rock formations within the uranium vanadium deposits, allowing geologists to analyze and interpret the geological context of mineralization."
9536bf3d_01_01_32,"The `hrock_type` column contains the lithology of the host rock surrounding the uranium-vanadium mineralization, allowing users to analyze the geological context and potentially correlate rock type with mineralization intensity."
9536bf3d_01_01_33,"This column contains the lithology or rock unit designation, allowing users to analyze the geological context of uranium vanadium deposits and understand the rock types associated with mineralization."
9536bf3d_01_01_34,"This column contains the lithology or rock type of the uranium-vanadium deposit, allowing geologists to analyze the geological context and potentially correlate rock types with mineralization patterns."
9536bf3d_01_01_35,"This column contains textural descriptions of the uranium vanadium deposits, allowing researchers to analyze and compare the spatial arrangement and characteristics of the mineral phases within each sample."
9536bf3d_01_01_36,"This column contains information describing the geological tectonic setting of the uranium vanadium deposits, allowing researchers to investigate how tectonic activity influenced the formation and distribution of these valuable mineral resources."
9536bf3d_01_01_37,"The ‘Ref’ column contains a unique reference identifier for each uranium vanadium deposit, allowing researchers to track and link specific deposits across different datasets and analyses."
9536bf3d_01_01_38,"The column holds barium-corrected uranium-vanadium phosphate values, which geologists would use to quantify the concentration of these elements in a rock sample and assess the potential for a valuable deposit."
9536bf3d_01_01_40,"The column holds the barium concentration (in mol/L) of uranium vanadium deposits, and a geologist would use this data to assess the potential grade and economic viability of these deposits."
9536bf3d_01_01_42,"The column holds depth values in meters below the surface, and a geologist would use this data to map the subsurface extent and geometry of uranium vanadium deposits."
9536bf3d_01_01_43,"This column contains the year a disc discovery was made, allowing analysts to investigate trends in discovery dates across uranium vanadium deposits and potentially correlate them with geological factors."
9536bf3d_01_01_44,"This column contains the years in which uranium vanadium deposits were produced, allowing analysts to track production trends over time and assess historical mining activity."
9536bf3d_01_01_45,"This column contains discrete geochemical measurements of the uranium-vanadium deposits, allowing researchers to analyze and compare the chemical characteristics of different samples to understand deposit formation and potential resource evaluation."
9536bf3d_01_01_46,"This column contains a unique identifier for each geological rule applied to the uranium vanadium deposits, allowing users to track and analyze the specific criteria used to classify and understand the deposits."
964c8e3d_01_01_01,"This column contains a unique numerical identifier for each fire station record, allowing users to distinguish and reference individual stations within the dataset."
964c8e3d_01_01_02,"This column contains a unique, unchanging code assigned to each fire station, allowing users to reliably identify and track specific stations across different datasets and systems."
964c8e3d_01_01_03,"This column contains a unique identifier for each feature associated with a fire station, allowing users to track and analyze specific characteristics like building type, occupancy, or proximity to other resources."
964c8e3d_01_01_04,"This column identifies the original dataset from which the fire station data originated, allowing users to trace the data's lineage and understand its context."
964c8e3d_01_01_05,"This column contains a textual description of the data source used to create the record, allowing users to understand the origin and potential limitations of the information."
964c8e3d_01_01_06,"This column indicates the original source of the fire station data, allowing users to trace the data's lineage and assess its reliability."
964c8e3d_01_01_07,"This column indicates the level of data security measures implemented at each fire station, allowing users to assess the protection of sensitive information and resources."
964c8e3d_01_01_08,"This column contains the operational strategy a fire station uses to allocate its resources and personnel, allowing analysts to understand how stations respond to different types of emergencies and assess potential staffing or resource needs."
964c8e3d_01_01_09,"This column stores the date the fire station data was loaded into the system, allowing users to analyze trends and patterns over time."
964c8e3d_01_01_10,"This column indicates the type of fire station, allowing users to analyze station characteristics like response capabilities or service area."
964c8e3d_01_01_11,"This column contains a unique, standardized code identifying each fire station, allowing users to easily locate and differentiate between stations based on their specific location and characteristics."
964c8e3d_01_01_12,"This column contains the names of individual fire stations, allowing users to identify and locate specific emergency response locations."
964c8e3d_01_01_13,"This column contains the name of the island where a fire station is located, allowing users to analyze fire station distribution across different islands."
964c8e3d_01_01_14,"This column indicates the specific type of location represented by each fire station, such as a street address or a more detailed geographic point, allowing users to analyze station placement based on location characteristics."
964c8e3d_01_01_15,"This column indicates the type of administrative entity responsible for the fire station, allowing users to analyze trends in station management by government level (e.g., city, county, state)."
964c8e3d_01_01_16,"This column contains the specific street address and building name where a fire station is located, allowing users to pinpoint its exact location for response planning or mapping purposes."
964c8e3d_01_01_17,"This column contains the physical location of each fire station, and users would utilize it to map fire station distribution, analyze response times, or determine optimal placement for new facilities."
964c8e3d_01_01_18,"This column contains the name of the city where the fire station is located, allowing users to analyze fire station distribution and patterns across different urban areas."
964c8e3d_01_01_19,"This column contains the state in which each fire station is located, allowing users to analyze fire station distribution and patterns across different states."
964c8e3d_01_01_20,"This column contains a five-digit numerical code used for postal delivery, and someone would use it to identify the geographic area served by a nearby fire station."
964c8e3d_01_01_21,"This column contains a unique numerical identifier assigned by the U.S. Geological Survey (USGS) for geographic features, allowing users to precisely locate and reference fire stations on a map and in datasets."
964c8e3d_01_01_22,"This column contains a unique identifier for each firefighter, allowing users to track individual personnel and their responses to incidents."
964c8e3d_01_01_23,"This column contains the unique identifier for a residential complex, allowing users to group fire station locations by the buildings they serve."
964c8e3d_01_01_24,"This column contains a unique identifier for each fire station, allowing users to track and differentiate individual stations within the dataset."
f15708ff_01_01_01,"This column contains a unique numerical identifier for each mining operation, allowing users to track and reference specific mines within the dataset."
f15708ff_01_01_03,"This column contains the specific type of nonferrous metal being mined, allowing users to analyze production volumes and trends by metal type."
f15708ff_01_01_04,"This column contains the names of individual nonferrous metal mining sites, which can be used to identify locations, track operations, or analyze geographic distributions of mining activities."
f15708ff_01_01_05,"This column contains the names of the companies involved in the nonferrous metal mining industry, allowing users to analyze company involvement, track market share, or investigate specific mining operations."
f15708ff_01_01_06,"This column contains the names of the U.S. states where nonferrous metal mines are located, allowing users to analyze mining activity by geographic region."
f15708ff_01_01_07,"This column contains the names of the counties where nonferrous metal mines are located, allowing users to analyze mining activity by geographic region."
f15708ff_01_01_08,"This column contains the geographical coordinates of the nonferrous metal mines, allowing users to map their locations and analyze distributions across different regions."
f15708ff_01_01_09,"This column contains the geographical longitude coordinates of each mine, allowing users to map their locations and analyze distributions across regions."
f15708ff_01_01_10,"This column contains the names of various metal mining plants, allowing users to identify and categorize different mining operations within the dataset."
bad8baaa_01_01_01,"This column contains a unique numerical identifier for each record in the table, allowing users to reference and relate specific secondary bottom well links within the dataset."
bad8baaa_01_01_02,"This column contains a unique numerical identifier for each secondary bottom well, allowing users to reference and connect specific wells within the dataset for analysis and tracking."
bad8baaa_01_01_03,"This column contains the names of the secondary bottom wells, and users would utilize it to identify and link these wells within a larger dataset, likely for analysis of fluid flow or geological relationships."
bad8baaa_01_01_04,"This column contains the names of the states where the secondary bottom wells are located, allowing users to analyze well connections by geographic region."
bad8baaa_01_01_05,"This column indicates the operational state of the secondary bottom well link, allowing users to filter and analyze data based on whether the link is active, inactive, or otherwise defined by its status."
bad8baaa_01_01_06,"This column contains the country where a secondary bottom well is located, allowing users to analyze or filter data based on geographic location."
bad8baaa_01_01_07,"This column contains the geographical coordinates of each well, allowing users to map and analyze the spatial distribution of the secondary bottom wells within the dataset."
bad8baaa_01_01_08,"This column contains the geographical longitude coordinates of the secondary bottom wells, allowing users to map and analyze their spatial distribution for various geological or engineering applications."
bad8baaa_01_01_09,"This column contains unique identifiers for secondary bottom wells, allowing users to link and analyze connections between wells within a project."
bad8baaa_01_01_10,"This column contains unique API identifiers for wells, allowing users to link and analyze data related to specific well locations and operations."
bad8baaa_01_01_11,"This column contains the permit number associated with a secondary bottom well, and it would be used to identify and link wells based on their regulatory authorization."
bad8baaa_01_01_12,"This column contains the name of the company responsible for operating the secondary bottom wells, allowing users to analyze drilling activity and operator performance across the dataset."
bad8baaa_01_01_13,"This column contains the type of production being carried out at a well, allowing users to categorize and analyze production data based on the specific fluid or material being extracted."
bad8baaa_01_01_14,"This column contains the names of the secondary bottom wells, allowing users to link and analyze connections between different well locations within a project."
bad8baaa_01_01_15,"The `compdate` column stores the completion date of a well, allowing users to analyze well development timelines, identify trends in production, or correlate completions with subsequent performance metrics."
bad8baaa_01_01_16,"This column contains unique identifiers for links between secondary bottom wells, allowing users to track and analyze the connections between these wells within a dataset."
4247b381_01_01_01,"This column contains a unique numerical identifier for each transmission line object, allowing users to track and reference specific lines within the dataset."
4247b381_01_01_02,"This column contains a unique identifier for each transmission line, allowing users to track and reference specific lines within the dataset for analysis or modeling."
4247b381_01_01_03,"This column indicates the specific kind of transmission line being recorded, allowing users to categorize and analyze data based on line characteristics like conductor material, insulation type, or voltage level."
4247b381_01_01_04,"This column indicates the operational state of the transmission line, allowing users to analyze line performance, identify potential faults, and optimize grid management."
4247b381_01_01_05,"This column contains the North American Industry Classification System code, allowing users to categorize transmission line companies by their specific industry sector and analyze trends within the energy transmission market."
4247b381_01_01_06,"This column contains detailed North American Industry Classification System descriptions of transmission line companies, allowing users to categorize and analyze businesses based on their specific industry activities."
4247b381_01_01_07,"This column contains the identifier of the power source connected to the transmission line, allowing users to trace the origin of the electrical current and analyze power flow."
4247b381_01_01_08,"This column contains the date when the transmission line data was sourced, allowing users to analyze trends and patterns over time."
4247b381_01_01_09,"This column indicates the specific method used for evaluating the transmission line performance, allowing users to analyze and compare the results based on the chosen evaluation technique."
4247b381_01_01_10,"This column stores the date of each transmission line measurement, allowing users to analyze trends and patterns in line performance over time."
4247b381_01_01_11,"This column contains the name of the entity responsible for the transmission line, allowing users to analyze ownership structures and potential liabilities within the network."
4247b381_01_01_12,"This column holds the electrical voltage measured along a transmission line, and engineers would use it to analyze power flow, identify potential issues, and optimize system performance."
4247b381_01_01_13,"This column indicates the voltage class of a transmission line, allowing engineers to assess its suitability for carrying specific power levels and ensuring safe operation."
4247b381_01_01_14,"This column contains predicted values for transmission line characteristics, allowing users to assess performance, identify potential issues, and optimize network design."
4247b381_01_01_15,"This column contains the name of the transmission line segment, and engineers would use it to identify and track specific sections within a power grid network."
4247b381_01_01_16,"This column contains the current flow measured through the second conductor of a transmission line, allowing engineers to monitor and analyze the line's performance and identify potential issues related to load or faults."
4247b381_01_01_17,"This column contains the linear dimensions of transmission line shapes, allowing engineers to analyze and design electrical systems based on their physical characteristics."
669d68c2_01_01_01,"This column contains a unique numerical identifier for each school record, allowing users to track and reference individual schools within the dataset."
669d68c2_01_01_02,"This column contains a unique identifier assigned to each public school by the National Center for Education Statistics, allowing users to track and analyze data related to specific schools and their performance."
669d68c2_01_01_03,"This column contains the names of individual public schools, which can be used to identify and locate specific educational institutions within the dataset."
669d68c2_01_01_04,"This column contains the physical street address of each school, which can be used to locate schools on a map, determine their geographic distribution, or calculate distances between them."
669d68c2_01_01_05,"This column contains the city where each public school is located, allowing users to analyze school performance and demographics by geographic region."
669d68c2_01_01_06,"This column contains the state in which each public school is located, allowing users to analyze school performance and trends by geographic region."
669d68c2_01_01_07,"This column contains the five-digit zip code for each school, allowing users to analyze school performance and demographics by geographic location."
669d68c2_01_01_08,"This column contains a four-digit zip code, which educators and researchers can use to geographically analyze student populations and understand school performance within specific areas."
669d68c2_01_01_09,"This column contains the phone numbers of the public schools, which could be used for contacting the schools directly."
669d68c2_01_01_10,"This column indicates the type of school, such as elementary, middle, or high school, allowing users to analyze school types and their characteristics within the dataset."
669d68c2_01_01_11,"This column indicates whether a school is currently operational, allowing users to filter and analyze data based on the active status of public schools."
669d68c2_01_01_12,"This column contains the total student population of each school, allowing users to analyze school sizes and potentially identify trends related to enrollment numbers."
669d68c2_01_01_13,"This column contains the county in which each public school is located, allowing users to analyze school performance and trends by geographic region."
669d68c2_01_01_14,"This column contains unique numerical codes identifying each U.S. county, allowing users to analyze school performance and trends by geographic location."
669d68c2_01_01_15,"This column contains the nation where the school is located, allowing users to analyze educational trends and performance by country."
669d68c2_01_01_16,"This column contains the geographical coordinates of each school, allowing users to visualize their locations on a map and analyze spatial patterns in education data."
669d68c2_01_01_17,"This column contains the geographic coordinates of each school, allowing users to map and analyze school locations relative to other features or to understand spatial patterns in education."
669d68c2_01_01_18,"This column contains the North American Industry Classification System code for each school, allowing users to categorize schools by their primary industry sector and analyze trends within specific industries."
669d68c2_01_01_19,"This column contains a detailed description of the primary industry sector for each public school, allowing users to analyze school enrollment trends by industry type."
669d68c2_01_01_20,"This column indicates the origin of the data, allowing users to understand where the information about a school came from, such as a government report or a specific survey."
669d68c2_01_01_21,"This column contains the date the data was originally sourced, allowing users to track the age and potential reliability of the information regarding a school."
669d68c2_01_01_22,"This column indicates the specific validation method employed during the model's training process, allowing users to analyze the effectiveness of different evaluation techniques."
669d68c2_01_01_23,"This column contains the date of a school's valuation, allowing users to analyze trends in property values over time or identify specific periods of significant change within the school system."
669d68c2_01_01_24,"This column contains the web addresses of public schools, which can be used to access school information, resources, and communicate with administrators and staff."
669d68c2_01_01_25,"This column contains the academic level of the school, allowing users to filter or group schools based on their grade levels, such as elementary, middle, or high school."
669d68c2_01_01_26,"This column contains the number of students currently attending each school, allowing users to analyze school sizes and potentially identify trends in student populations."
669d68c2_01_01_27,"This column contains the grade level of each student attending a public school, allowing users to analyze student populations by academic level or identify schools serving specific grade ranges."
669d68c2_01_01_28,"This column contains the final grade level a student reached at a particular school, allowing users to analyze school performance based on student achievement levels."
669d68c2_01_01_29,"This column contains a unique identifier for each school district, allowing users to group and analyze data by geographic location and understand district-level trends and performance."
669d68c2_01_01_30,"This column contains the number of full-time teachers at each school, allowing users to analyze staffing levels and compare educational resources across different schools."
669d68c2_01_01_31,"This column contains a unique identifier for each shelter, allowing users to track and analyze data related to specific homeless shelters within the dataset."
8a56cd47_01_01_01,"This column contains a unique numerical identifier for each object in the dataset, allowing users to track and reference specific instances within the Pol Pumping Station."
8a56cd47_01_01_02,"This column contains a unique identifier for each pump within the Pol Pumping Station, allowing users to track individual pump performance, maintenance records, and operational data."
8a56cd47_01_01_03,"This column contains the unique identifier for each pumping station within the Pol Pumping Station dataset, allowing users to track and analyze individual stations."
8a56cd47_01_01_04,"This column contains the physical location of the pumping station, allowing users to map, locate, and analyze the distribution network's infrastructure."
8a56cd47_01_01_05,"The column contains supplemental address information, such as apartment numbers or building names, which can be used to refine location accuracy and understand the specific location of the pumping station."
8a56cd47_01_01_06,"This column contains the name of the city where the pumping station is located, allowing users to analyze pumping station data by geographic region."
8a56cd47_01_01_07,"This column indicates the operational state of the Pol Pumping Station, allowing users to analyze equipment status and identify potential issues or maintenance needs."
8a56cd47_01_01_08,"This column contains postal codes, which can be used to geographically analyze the pumping station's location and potentially identify areas with high water usage or vulnerability to flooding."
8a56cd47_01_01_09,"This column contains the four-digit zip code segment, which can be used to refine location-based analysis and targeting within a specific geographic area."
8a56cd47_01_01_10,"This column contains telephone numbers, which could be used to contact the pumping station or investigate related incidents."
8a56cd47_01_01_11,"This column indicates the type of pump used at the Pol Pumping Station, allowing users to analyze pump performance and maintenance needs based on their specific design and function."
8a56cd47_01_01_12,"This column indicates the operational state of the pump, allowing users to monitor whether the pumping station is running, stopped, or experiencing an issue."
8a56cd47_01_01_13,"This column contains the name of the county where the pumping station is located, allowing users to analyze pumping station distribution and trends across different geographic regions."
8a56cd47_01_01_14,"This column contains unique numerical identifiers for each U.S. county, allowing users to filter and analyze data based on geographic location."
8a56cd47_01_01_15,"This column contains the country where the Pol Pumping Station is located, allowing users to analyze pumping station data by geographic region."
8a56cd47_01_01_16,"This column contains the geographical coordinates of the pumping station, allowing users to map its location and analyze its spatial relationship to other features in the dataset."
8a56cd47_01_01_17,"This column contains the geographical longitude coordinates for each pumping station, allowing users to map their locations and analyze spatial patterns."
8a56cd47_01_01_18,"This column contains the North American Industry Classification System code, allowing users to categorize the Pol Pumping Station based on its specific industry sector and for analysis of industry trends."
8a56cd47_01_01_19,"This column contains the North American Industry Classification System description for each business, allowing users to categorize and analyze businesses by their industry sector."
8a56cd47_01_01_20,"This column contains the origin of the water being pumped, allowing users to analyze pumping patterns based on where the water is coming from."
8a56cd47_01_01_21,"This column contains the date each pump's data was sourced, allowing users to analyze pumping trends and historical performance over time."
8a56cd47_01_01_22,"This column records the specific method used to measure the pump's performance, allowing users to analyze and compare different measurement techniques for the Pol Pumping Station."
8a56cd47_01_01_23,"This column contains the date of each pumping station measurement, allowing users to analyze trends and patterns in water levels over time."
8a56cd47_01_01_24,"This column contains the URL of the Pol Pumping Station website, which could be used to access information about the facility, its operations, or related data."
8a56cd47_01_01_25,"This column contains the names of the individual pumping units within the Pol Pumping Station, allowing users to identify and track specific equipment for maintenance, monitoring, or operational analysis."
8a56cd47_01_01_26,"This column contains the name of the entity responsible for the Pol Pumping Station, allowing users to identify ownership and potentially investigate management or responsibility for the facility."
8a56cd47_01_01_27,"This column contains the name of the individual operating the Pol Pumping Station, allowing users to track operator activity and potentially analyze operational patterns."
8a56cd47_01_01_28,"The column holds information about the spatial relationship between two points within the pumping station, allowing users to analyze how objects are positioned relative to each other."
8a56cd47_01_01_29,"This column contains the type of goods being transported through the Pol Pumping Station, allowing users to analyze the flow of different commodities and understand the station's operational activity."
8a56cd47_01_01_30,"This column contains a unique identifier assigned to each Environmental Protection Agency (EPA) facility, allowing users to track and analyze data related to specific pollution sources and their associated regulatory oversight."
8a56cd47_01_01_31,"This column contains unique identifiers for each operator working at the Pol Pumping Station, allowing analysts to track and investigate operational activity by individual personnel."
8a56cd47_01_01_32,"This column represents the unique identifier for each pumping station within the Pol Pumping Station dataset, allowing users to track and analyze individual units for operational insights and maintenance records."
acff248b_01_01_01,"This column contains a unique numerical identifier for each record within the Veterans Health Administration Medical Facilities dataset, allowing users to track and reference individual patient or facility entries."
acff248b_01_01_02,"This column contains the names of various healthcare facilities associated with the Veterans Health Administration, allowing users to identify and locate specific locations for research or analysis."
acff248b_01_01_03,"This column contains the physical location of each patient’s healthcare visit, allowing users to map patient journeys, analyze geographic health trends, and understand the distribution of VA facilities."
acff248b_01_01_04,"This column contains secondary address information, such as apartment numbers or building names, which clinicians and researchers can utilize to refine patient location data and improve geographic analysis."
acff248b_01_01_05,"This column contains the city where each patient receives their healthcare, allowing users to analyze patient populations by geographic location and identify trends in health outcomes across different cities."
acff248b_01_01_06,"This column contains the state where each patient receives their healthcare, allowing users to analyze health trends and outcomes by geographic location."
acff248b_01_01_07,"This column contains the patient's zip code, which can be used for geographic analysis, mapping patient locations, and understanding healthcare access patterns within specific communities."
acff248b_01_01_08,"This column contains the unique four-digit zip code for each patient's location, allowing researchers to analyze health trends and outcomes geographically."
acff248b_01_01_09,"This column contains the county in which each veteran patient receives care, allowing researchers to analyze health trends and disparities across different geographic regions."
acff248b_01_01_10,"This column contains the Federal Information Processing Standards (FIPS) code, a unique numerical identifier for each healthcare facility within the Veterans Health Administration, allowing users to identify and locate specific locations for analysis or reporting."
acff248b_01_01_11,"This column contains textual instructions detailing the route to a medical facility, which clinicians and researchers could use to analyze travel patterns and understand patient access to care."
acff248b_01_01_12,"This column contains the date a consultation was recorded, allowing users to analyze trends in patient consultations over time or identify specific dates of care."
acff248b_01_01_13,"This column contains the number of times a patient has been hospitalized, providing clinicians with a key metric for assessing a veteran’s overall healthcare utilization and potential risk factors."
acff248b_01_01_14,"This column contains the date a patient was seen at a Veterans Health Administration facility, allowing researchers to analyze trends in healthcare utilization and patient demographics over time."
acff248b_01_01_15,"This column contains detailed information about the location of a patient’s visit, such as the specific building, room, or facility where the encounter occurred, allowing researchers to analyze healthcare utilization and patterns by geographic location."
acff248b_01_01_16,"This column contains National Institute of Child Health and Human Development (NICHD) clinical modification codes, allowing users to categorize diagnoses and procedures for research and analysis within the Veterans Health Administration's medical records."
acff248b_01_01_17,"This column contains a textual description of the North American Industry Classification System (NAICS) code, allowing users to categorize healthcare facilities by their primary business activity and analyze trends within specific industries."
acff248b_01_01_18,"This column contains a unique identifier for each Veterans Health Administration facility, allowing users to pinpoint specific locations and track patient care across different VA hospitals and clinics."
acff248b_01_01_19,"This column contains the geographical longitude coordinates of each medical facility within the Veterans Health Administration, allowing users to map locations, analyze spatial patterns of healthcare access, and perform distance-based analyses."
acff248b_01_01_20,"This column contains the geographical coordinates of each facility, allowing users to map the locations of VA medical centers and analyze their distribution across geographic regions."
acff248b_01_01_21,"This column contains the names of the vendors providing services to Veterans Health Administration facilities, allowing users to analyze vendor relationships, track spending, and assess service quality."
acff248b_01_01_22,"This column contains the version number of the electronic health record (EHR) system being used at each Veterans Health Administration facility, allowing users to track system updates and compatibility."
acff248b_01_01_23,"This column contains geographic location data, allowing users to analyze patient demographics and healthcare utilization patterns based on their physical location."
acff248b_01_01_24,"This column contains the telephone area code and exchange for each patient, allowing healthcare professionals to identify a patient’s location for communication and potentially track geographic health trends."
acff248b_01_01_25,"This column indicates the quality control and quality assurance status of a record, allowing users to filter or analyze data based on the level of review and accuracy performed."
acff248b_01_01_26,"This column contains the unique identification number for each Veterans Health Administration facility, allowing users to identify and locate specific medical locations within the VA system."
acff248b_01_01_27,"This column contains unique patient identifiers within the Veterans Health Administration system, allowing researchers and analysts to track individual patients and their medical records across multiple facilities."
acff248b_01_01_28,"This column contains the date of the patient's encounter with the Veterans Health Administration, allowing users to analyze healthcare trends and patterns over time."
acff248b_01_01_29,"This column contains the Veterans Affairs Medical Center’s geographic location within the Department of Veterans Affairs’ 13 Veterans Integrated Service Networks, allowing users to analyze patient populations and healthcare delivery by network."
acff248b_01_01_30,"This column contains the provider's name, allowing users to analyze patient care by identifying the specific healthcare facility that delivered services."
acff248b_01_01_31,"This column contains a textual description of the patient's current condition, allowing clinicians to track and document the patient’s ongoing health status and treatment needs."
acff248b_01_01_33,"This column contains the patient's primary care outpatient department, allowing users to analyze patient distribution and identify trends in access to care within the Veterans Health Administration."
acff248b_01_01_34,"This column contains the date a Veterans Health Administration facility began operating, allowing users to analyze trends in facility establishment and track the expansion of the VA healthcare system."
acff248b_01_01_36,"This column contains the codes assigned to Certified Billing and Coding Specialists, allowing users to track and analyze the staffing levels of these specialists within VA healthcare facilities."
acff248b_01_01_37,"The column contains a patient’s recorded rate of respiratory treatment progression, allowing clinicians to track and monitor the effectiveness of their respiratory therapies over time."
acff248b_01_01_38,"The ‘Ioc’ column in the Veterans Health Administration Medical Facilities dataset indicates whether the patient was involved in a suspected or confirmed illicit drug use event, allowing researchers to investigate patterns of substance abuse within the veteran population."
acff248b_01_01_39,"This column contains the Medical Facility Location Code, which healthcare professionals and researchers use to identify and categorize the specific VA medical center where a patient received care."
acff248b_01_01_40,"This column indicates whether a patient's record originated from a Veterans Affairs Medical Center, allowing researchers to analyze healthcare utilization and outcomes specifically within VA facilities."
acff248b_01_01_41,"This column contains the vector quantity of a specific measurement, typically used for analyzing and interpreting diagnostic test results within the Veterans Health Administration."
acff248b_01_01_42,"This column indicates the healthcare facility type for each patient record, allowing researchers to analyze patient populations based on the type of facility where they received care, such as a community-based outpatient clinic or a hospital."
acff248b_01_01_43,"This column contains a unique identifier for each Veterans Health Administration medical facility, allowing researchers to track and analyze patient data and facility-specific healthcare outcomes."
acff248b_01_01_44,"This column indicates the presence of the CD115 protein, a marker often used to identify and study certain types of immune cells, particularly neutrophils, within patient samples."
acff248b_01_01_45,"This column contains the primary service provided to a patient during a visit, allowing researchers to analyze the types of care received and identify common service patterns within the Veterans Health Administration."
acff248b_01_01_46,"This column contains unique identifiers for each patient record within the Veterans Health Administration, allowing researchers to track and analyze individual patient journeys across multiple facilities."
acff248b_01_01_47,"This column contains the Metropolitan Statistical Area (MSA) code, allowing users to analyze healthcare utilization and demographics by geographic region to understand population characteristics and healthcare needs within specific communities."
acff248b_01_01_48,"This column contains information about a patient's utilization of services within the Veterans Health Administration, allowing researchers to analyze patterns of healthcare access and resource consumption."
acff248b_01_01_49,"This column contains a unique identifier for each patient record within the Veterans Health Administration, allowing researchers and analysts to track and link patient data across different facilities and time periods."
acff248b_01_01_50,"This column contains a unique identifier for each patient record within the Veterans Health Administration, allowing researchers and analysts to track individual patients and their medical history across multiple facilities."
acff248b_01_01_51,"This column contains the fax number for a Veterans Health Administration facility, which could be used to send or receive medical records and communications."
acff248b_01_01_52,"This column contains a unique identifier for each patient record within the Veterans Health Administration, allowing researchers to track and analyze individual patient journeys and outcomes."
acff248b_01_01_53,"This column contains telephone numbers associated with veterans' healthcare facilities, allowing users to contact those locations for inquiries or appointments."
4daaa5fe_01_01_01,"This column contains a unique numerical identifier for each record, allowing users to track and reference specific incidents or objects within the dataset."
4daaa5fe_01_01_02,"This column contains a unique identifier for each law enforcement agency, allowing users to track and differentiate between individual departments within the dataset."
4daaa5fe_01_01_03,"This column contains the full name of the law enforcement officer, which can be used to identify and track individuals within the dataset."
4daaa5fe_01_01_04,"This column contains the physical location of a law enforcement agency, which can be used for mapping, locating officers, and understanding jurisdictional boundaries."
4daaa5fe_01_01_05,"This column contains the name of the city where the local law enforcement agency is located, and it would be used to analyze crime rates or police staffing levels by geographic region."
4daaa5fe_01_01_06,"This column contains the state in which the local law enforcement agency is located, allowing users to analyze law enforcement trends and performance by geographic region."
4daaa5fe_01_01_07,"This column contains the five-digit zip code associated with a law enforcement agency, allowing users to analyze crime rates or investigate incidents by geographic location."
4daaa5fe_01_01_08,"This column contains a five-digit zip code, allowing users to pinpoint the geographic location of law enforcement agencies for analysis, mapping, and investigative purposes."
4daaa5fe_01_01_09,"This column contains the contact telephone numbers for local law enforcement agencies, which can be used to report crimes, request assistance, or obtain information."
4daaa5fe_01_01_10,"This column indicates the specific category of law enforcement agency, such as a police department, sheriff’s office, or state trooper unit, allowing users to analyze the composition of local law enforcement across different jurisdictions."
4daaa5fe_01_01_11,"This column indicates whether an officer is currently active, on leave, or otherwise unavailable for duty, allowing analysts to understand officer availability and resource allocation."
4daaa5fe_01_01_12,"This column contains the total number of residents within a specific jurisdiction, which can be used to analyze crime rates, resource allocation, and demographic trends within a local law enforcement area."
4daaa5fe_01_01_13,"This column contains the name of the county where the law enforcement agency is located, allowing users to analyze trends and patterns in policing across different geographic regions."
4daaa5fe_01_01_14,"This column contains unique numerical identifiers for each county in the United States, allowing users to analyze crime data and trends by geographic location."
4daaa5fe_01_01_15,"This column contains the nation where the local law enforcement agency is located, allowing users to analyze policing trends and patterns across different countries."
4daaa5fe_01_01_16,"This column contains the precise geographic coordinates of each law enforcement agency, allowing users to map their locations and analyze patterns in policing across different regions."
4daaa5fe_01_01_17,"This column contains the east-west coordinates of each law enforcement location, allowing users to map their activity and analyze patterns based on geographic positioning."
4daaa5fe_01_01_18,"This column contains the North American Industry Classification System code, allowing users to categorize law enforcement agencies based on the industries they primarily serve."
4daaa5fe_01_01_19,"This column contains the North American Industry Classification System description for each law enforcement agency, allowing users to categorize agencies by their primary industry sector."
4daaa5fe_01_01_20,"This column indicates the origin of the data, allowing users to understand where the information about local law enforcement came from, such as police reports, news articles, or government databases."
4daaa5fe_01_01_21,"This column contains the date the data was originally sourced, allowing users to track the timeline of information and assess its relevance or reliability."
4daaa5fe_01_01_22,"This column indicates the specific technique or process used by law enforcement during the validation process, allowing analysts to understand how evidence was assessed and confirmed."
4daaa5fe_01_01_23,"This column contains the date on which a law enforcement event was validated or recorded, allowing users to analyze trends and patterns in incidents over time."
4daaa5fe_01_01_24,"This column contains the URL of the local law enforcement agency's official website, which researchers could use to access information about departments, officers, and public safety initiatives."
4daaa5fe_01_01_25,"This column contains a unique identifier for each police department, allowing users to track and analyze data related to specific law enforcement agencies."
4daaa5fe_01_01_26,"This column contains a unique identifier assigned to each law enforcement agency participating in the CSLLEA program, allowing researchers to track and analyze data across different agencies."
4daaa5fe_01_01_27,"This column contains the primary type of crime reported by the law enforcement agency, allowing users to categorize and analyze criminal activity by its core nature."
4daaa5fe_01_01_28,"This column contains detailed categorization of the type of law enforcement activity, allowing users to analyze specific types of incidents like traffic stops, arrests, or investigations."
4daaa5fe_01_01_29,"This column indicates whether the law enforcement agency has a specific affiliation or relationship with a Native American tribe, allowing users to analyze the extent of tribal-local government partnerships and collaborations."
4daaa5fe_01_01_30,"This column represents the number of prior arrests a person has, which law enforcement would use to assess risk, inform investigative strategies, and evaluate potential criminal behavior."
4daaa5fe_01_01_31,"This column contains the number of times a subject was fixed during a police investigation, allowing analysts to examine the frequency of arrests related to specific offenses or individuals."
4daaa5fe_01_01_32,"This column contains the number of mobile devices associated with a particular individual, which law enforcement could use to investigate potential criminal activity or identify suspects."
4daaa5fe_01_01_33,"This column indicates whether an officer is part of the field-trialed sworn personnel within the local law enforcement agency, allowing for analysis of officer composition and deployment."
4daaa5fe_01_01_34,"This column indicates the frequency of formal training exercises conducted by local law enforcement agencies, allowing users to analyze training investment and preparedness levels."
4daaa5fe_01_01_35,"This column represents the number of points sworn by a law enforcement officer, which is used to track their performance and training progress within the department."
4daaa5fe_01_01_36,"This column indicates whether a police officer was involved in a civilian-involved incident, providing valuable data for analyzing police behavior and incident types."
3eedda07_01_01_01,"This column holds unique identifiers for geographic features, allowing users to track and reference specific objects within the dataset."
3eedda07_01_01_03,"This column contains unique identifiers for each image within the dataset, allowing users to track and reference specific images for analysis or processing."
3eedda07_01_01_04,"This column contains unique registry identifiers, allowing users to categorize and analyze data based on its registration status."
3eedda07_01_01_05,"This column contains the primary name associated with a record, which can be used to identify or categorize the data based on its main identifier."
3eedda07_01_01_06,"This column contains the location identified as 'Location A', which could be used to categorize or analyze data based on where a specific event or entity occurred."
3eedda07_01_01_07,"This column contains the names of cities, allowing users to analyze geographic patterns and relationships within the dataset."
3eedda07_01_01_08,"This column contains the names of counties, allowing users to analyze and filter data based on geographic location."
3eedda07_01_01_09,"This column contains unique five-digit codes representing U.S. counties, allowing users to identify and analyze data based on specific geographic locations."
3eedda07_01_01_10,"This column contains two-letter postal codes representing the state where a transaction or event occurred, allowing users to analyze data by geographic location."
3eedda07_01_01_11,"This column contains postal codes, which can be used to identify geographic locations and facilitate address-based analysis or targeting."
3eedda07_01_01_12,"This column contains geographic coordinates expressed in the Latitude 83 reference system, allowing users to analyze and visualize location data with respect to that specific projection."
3eedda07_01_01_13,"This column contains longitude coordinates, which can be used to map locations and analyze spatial data."
3eedda07_01_01_14,"This column contains the Huc8 code, which is used to categorize and identify specific types of products or services within the dataset."
3eedda07_01_01_15,"This column contains the accuracy scores for a given instance, allowing users to evaluate the performance of a model or system on a specific data point."
3eedda07_01_01_16,"This column contains measurements of collected mountain top data, allowing users to analyze variations in elevation or other relevant metrics at high altitudes."
3eedda07_01_01_17,This column contains the reference point coordinates used for spatial analysis and tracking objects within the dataset.
3eedda07_01_01_18,"This column contains the date when a record was created, allowing users to analyze trends and patterns over time."
3eedda07_01_01_19,"This column contains timestamp data representing when a record was last updated, allowing users to track changes and analyze data freshness."
3eedda07_01_01_20,"This column contains the most recent report date associated with a given record, allowing users to analyze trends and timelines of reporting activity."
3eedda07_01_01_21,"This column contains URLs of faces, which could be used for tasks like facial recognition, image analysis, or verifying identity."
3eedda07_01_01_24,"This column contains interest rate data, which could be used to analyze lending trends, assess financial risk, or model investment returns."
3eedda07_01_01_25,"This column indicates whether a specific station is currently active, allowing users to filter or analyze data based on operational status."
3eedda07_01_01_26,"This column indicates whether a record represents a publicly traded company or not, allowing users to filter or analyze data based on ownership structure."
3eedda07_01_01_27,"This column contains the unique identifier for a program, allowing users to categorize and track different software applications or initiatives."
3eedda07_01_01_28,"This column contains a textual report summarizing the findings of a program evaluation, allowing users to analyze and interpret the results of a specific program."
628239e7_01_01_01,"This column holds a unique identifier for each feature within the dataset, allowing users to track and reference specific geographic objects across different tables or analyses."
628239e7_01_01_03,"This column contains unique identifiers for each object within the dataset, allowing users to track and reference specific instances for analysis or retrieval."
628239e7_01_01_04,"This column contains information about the individual components within a system or product, allowing users to analyze and categorize them based on their specific functions or characteristics."
628239e7_01_01_05,"This column contains the names of different websites, and someone would use it to categorize or analyze data based on the source of information."
628239e7_01_01_06,"This column contains information indicating whether a given entity is a Joint Base, allowing users to analyze and categorize locations based on their military affiliation."
628239e7_01_01_07,"This column contains information about the state or territory a data point belongs to, allowing users to analyze geographic distributions and patterns within the dataset."
628239e7_01_01_08,"This column contains the country of origin for each data point, allowing users to analyze trends and patterns based on geographic location."
628239e7_01_01_09,"This column contains a numerical representation of the operational status of a device, allowing users to analyze device performance and identify potential issues based on its operational state."
b948c7dc_01_01_01,"This column contains a unique numerical identifier for each object in the dataset, allowing users to track and reference specific instances within the fairgrounds data."
b948c7dc_01_01_02,"This column contains a unique identifier for each convention center fairground, allowing users to distinguish and reference specific venues within the dataset."
b948c7dc_01_01_03,"This column contains the names of convention centers and fairgrounds, allowing users to identify and locate specific venues for events or gatherings."
b948c7dc_01_01_04,"This column contains the physical street address of each fairground convention center, allowing users to locate venues on a map or for address-based searches."
b948c7dc_01_01_05,"This column contains the name of the city where the convention center is located, allowing users to analyze convention center distribution and trends across different urban areas."
b948c7dc_01_01_06,"This column contains the state in which the convention center is located, allowing users to analyze venue distribution and trends across different states."
b948c7dc_01_01_07,"This column contains postal codes, which can be used to analyze the geographic distribution of the convention centers and fairgrounds."
b948c7dc_01_01_08,"This column contains a five-digit zip code increment, allowing users to pinpoint locations with greater precision than a standard zip code and for tasks like market analysis or event planning."
b948c7dc_01_01_09,"This column contains contact telephone numbers for the fairgrounds, allowing users to reach event organizers or obtain further information."
b948c7dc_01_01_10,"This column indicates the primary function of each convention center, allowing users to filter and analyze data based on whether it’s a general fairground or specifically designed for conventions."
b948c7dc_01_01_11,"This column indicates whether a convention center is currently open for business or not, allowing users to filter and analyze data based on operational availability."
b948c7dc_01_01_12,"This column contains the name of the county in which the convention center is located, allowing users to analyze convention center distribution by geographic region."
b948c7dc_01_01_13,"This column contains unique numerical codes identifying each county in the United States, allowing users to analyze and filter data by geographic location."
b948c7dc_01_01_14,"This column contains the nation where the convention center is located, allowing users to analyze event distribution by geographic region."
b948c7dc_01_01_15,"This column contains the geographical coordinates indicating the location of each fairground, allowing users to map and analyze the distribution of convention centers across different regions."
b948c7dc_01_01_16,"This column contains the east-west coordinates of each fairground, allowing users to map locations and analyze their distribution across a geographic area."
b948c7dc_01_01_17,"This column contains the North American Industry Classification System code for each convention center, allowing users to categorize and analyze venues based on their primary business activities."
b948c7dc_01_01_18,"This column contains detailed North American Industry Classification System descriptions of the convention centers' primary business activities, allowing users to analyze their industry focus and compare them to other venues."
b948c7dc_01_01_19,"This column indicates the origin of the event data, allowing users to analyze event distributions across different sources like fairgrounds or convention centers."
b948c7dc_01_01_20,"This column contains the date the convention center or fairground was sourced, allowing users to analyze trends in venue acquisition over time."
b948c7dc_01_01_21,"This column contains the evaluation method used for the fairground valuation, allowing users to analyze and compare the results based on different assessment techniques."
b948c7dc_01_01_22,"This column contains the date of a valuation, allowing users to analyze trends and patterns in property values over time."
b948c7dc_01_01_23,"This column contains the URL of the convention center's website, which users could utilize to access information about events, facilities, and contact details."
b948c7dc_01_01_24,"This column contains the number of floors in a convention center, allowing users to analyze the size and capacity of venues for events."
b948c7dc_01_01_25,"This column contains the previous name of the convention center, which can be used to trace its history and understand its evolution."
b948c7dc_01_01_26,"This column contains the year in which a convention center change occurred, allowing users to analyze trends in construction, renovations, or expansions over time."
b948c7dc_01_01_27,"This column indicates whether the convention center is permanently located on a fairgrounds site, allowing analysts to understand the stability and context of venue locations."
b948c7dc_01_01_28,"This column indicates the type of event space, specifically a large, dedicated room within a convention center, and would be used to categorize venues based on their capacity and intended use for gatherings."
b948c7dc_01_01_29,"This column contains information about the individual exhibits present at the fairgrounds, allowing users to analyze which exhibits were featured and potentially understand attendee engagement with specific displays."
b948c7dc_01_01_30,"This column contains descriptions of the lobby areas within convention centers, allowing users to analyze and categorize spaces based on their design and function."
b948c7dc_01_01_31,"This column contains the floor plan designation for the main level of a convention center, allowing users to analyze the layout and identify key areas like exhibit halls or the main lobby."
b948c7dc_01_01_32,"This column indicates whether the convention center is located on a fairgrounds setting, allowing users to analyze the type of venue based on its outdoor accessibility."
b948c7dc_01_01_33,"This column indicates the type of function or event held at the convention center, allowing users to categorize and analyze event types based on their specific characteristics."
b948c7dc_01_01_34,"This column contains information about the availability and characteristics of meeting rooms within the fairgrounds, allowing users to identify suitable spaces for conventions and events."
e3304b35_01_01_01,"This column contains a unique, system-generated identifier for each power plant facility within the EPA’s Facility Registry Service, allowing users to track and manage individual plants across the database."
e3304b35_01_01_03,"This column contains a unique identifier for each power plant listed in the EPA’s Facility Registry Service, allowing users to track and analyze individual facilities within the database."
e3304b35_01_01_04,"The `objectid` column is a unique numerical identifier assigned to each power plant listed in the EPA's Facility Registry Service, allowing users to track and retrieve specific plant records for analysis or reporting."
e3304b35_01_01_05,"This column contains a unique identifier for the utility company that owns or operates the power plant, allowing users to track and analyze power generation activities by energy provider."
e3304b35_01_01_06,"This column contains the name of the utility company that owns and operates the power plant, allowing users to analyze power generation by utility provider and investigate ownership structures."
e3304b35_01_01_07,"This column contains a unique identifier for each power plant listed in the EPA’s Facility Registry Service, allowing users to track and analyze emissions data for these facilities."
e3304b35_01_01_08,"This column contains the names of power plants listed in the EPA’s Facility Registry Service, and users can leverage this information to identify and investigate specific power plants for environmental monitoring or regulatory purposes."
e3304b35_01_01_09,"The column contains the state in which each power plant is located, allowing users to analyze power generation activity by geographic region."
e3304b35_01_01_10,"This column contains the county in which each power plant is located, allowing users to analyze power plant distribution and concentration across different geographic regions."
e3304b35_01_01_11,"This column contains a textual description of the power plant’s generator, allowing users to identify the type and size of the generator used at each facility for analysis and comparison of power generation capabilities."
e3304b35_01_01_12,"This column indicates whether a power plant is undergoing a significant change in its operations, such as a capacity increase or decrease, which analysts would use to assess trends and potential impacts within the power generation sector."
e3304b35_01_01_13,"The unit_code column contains a unique identifier for each power plant listed in the EPA’s Facility Registry Service, allowing users to track and analyze specific facilities based on their assigned code."
e3304b35_01_01_14,"This column indicates the type of entity that owns the power plant, allowing users to analyze power generation by ownership structure and identify key stakeholders in the energy sector."
e3304b35_01_01_15,"This column contains the duct burner efficiency, a key metric used to assess a power plant’s combustion performance and its potential impact on air emissions."
e3304b35_01_01_16,"The ‘Status’ column indicates the operational state of the power plant, allowing users to filter and analyze data based on whether a facility is currently active, inactive, or under review."
e3304b35_01_01_17,"This column indicates whether a power plant is currently operational, allowing users to filter and analyze data on active facilities within the EPA’s Facility Registry Service."
e3304b35_01_01_18,"This column contains the primary operating status of the power plant, allowing users to identify whether a facility was active, idle, or permanently shut down."
e3304b35_01_01_19,"This column indicates the planned retirement date of the power plant, allowing users to analyze the aging fleet and predict future capacity changes."
e3304b35_01_01_20,"This column indicates the planned start date of operation for the power plant, allowing users to assess the project's timeline and potential future emissions."
e3304b35_01_01_21,"The `sector_nam` column contains the industry sector classification of each power plant, allowing users to filter and analyze power plants based on their primary operational sector, such as coal, natural gas, or oil."
e3304b35_01_01_22,"This column indicates the primary industrial sector to which a power plant belongs, allowing users to filter and analyze power plants based on their operational focus, such as electricity generation or combined heat and power."
e3304b35_01_01_23,"This column indicates the primary source of energy used by the power plant, allowing users to analyze the fuel mix and associated emissions of the facility."
e3304b35_01_01_24,"This column contains the primary fuel source used by the power plant, allowing users to analyze power generation by fuel type and understand the energy mix of the facility."
e3304b35_01_01_25,"This column contains the primary fuel source used by the power plant, allowing users to analyze energy production by fuel type and understand the sector's energy mix."
e3304b35_01_01_26,"This column contains the primary fuel source used by the power plant, allowing users to analyze power generation by fuel type and understand the energy mix of the facility."
e3304b35_01_01_27,"This column contains the primary fuel source used by the power plant, allowing users to analyze power generation by fuel type and understand the energy mix of the facility."
e3304b35_01_01_28,"This column contains the primary fuel source used by the power plant, allowing users to analyze power generation by fuel type and understand the energy mix of the facility."
e3304b35_01_01_29,"The startup SO column contains the sulfur oxide emission rate recorded during a power plant's startup phase, allowing users to analyze emissions trends and assess a plant’s operational characteristics."
e3304b35_01_01_30,"This column indicates whether the power plant was operational at the time the facility was registered, allowing users to analyze the operational status of power plants within the EPA’s registry."
e3304b35_01_01_31,"This column indicates the date when the power plant’s startup equipment was initially commissioned, allowing users to analyze the age and operational history of facilities."
e3304b35_01_01_32,"This column indicates the startup status of the power plant, allowing users to analyze when a facility began operation or initiated its startup process."
e3304b35_01_01_33,"This column contains the planned energy output capacity of the power plant in megawatt-hours per year, allowing users to assess the potential impact of the facility on energy production and environmental emissions."
e3304b35_01_01_34,"This column contains the planned capacity of the power plant in megawatts, allowing users to assess the potential output and impact of each facility."
e3304b35_01_01_35,"This column indicates the planned operational status of the power plant, allowing users to assess the anticipated timeline for construction, commissioning, or operation of the facility."
e3304b35_01_01_36,"The column holds a unique identifier assigned to each power plant listed in the EPA’s Facility Registry Service, allowing users to track and analyze the characteristics of individual plants within the database."
e3304b35_01_01_37,"This column contains the primary air pollutant emitted by the power plant, allowing users to analyze emissions data and assess a facility's contribution to air quality issues."
e3304b35_01_01_38,"The column contains the geographic coordinates (latitude and longitude) of each power plant, allowing users to map their locations and analyze their distribution across different regions."
e3304b35_01_01_39,"The column contains the name of the city where the power plant is located, which can be used to analyze power plant distribution, identify regional trends, or assess environmental impacts based on location."
e3304b35_01_01_40,"This column contains the name of the county in which each power plant facility is located, allowing users to analyze power plant distribution and concentration across different geographic regions."
e3304b35_01_01_41,"This column contains the two-digit state code for each power plant facility, allowing users to filter and analyze power plant locations by state."
e3304b35_01_01_42,"This column contains the postal code for each power plant facility, allowing users to pinpoint their location and potentially analyze power generation activity by geographic region."
e3304b35_01_01_43,"This column contains a unique numerical code identifying the geographic location of each power plant, allowing users to pinpoint facilities on a map and analyze power generation activity by region."
e3304b35_01_01_44,"This column contains the name of the country where the power plant is located, allowing users to filter and analyze power plant data by geographic region."
e3304b35_01_01_47,"This column contains the geographical coordinates of the power plant’s location in Latitude 83, allowing users to map and analyze the distribution of power plants across the United States."
e3304b35_01_01_48,"This column contains the longitude coordinates of each power plant, allowing users to map their locations and analyze spatial patterns in power generation."
e3304b35_01_01_49,"This column contains the specific location identifier for a power plant, allowing users to pinpoint its geographic coordinates and use it for mapping, spatial analysis, and verifying facility data."
e3304b35_01_01_50,"This column contains a numerical value representing a derived heat unit (DHU) score, which can be used to assess a power plant's energy efficiency and compare its performance against other facilities."
e3304b35_01_01_51,"This column contains the calculated megawatt capacity of the power plant, allowing users to analyze power generation potential and compare facilities based on their output."
e3304b35_01_01_52,"This column contains calculated carbon dioxide emissions data for each power plant, allowing users to assess a facility’s contribution to greenhouse gas emissions and compare it against regulatory standards."
e3304b35_01_01_53,"This column contains a code representing the type of power generation technology used at the facility, allowing users to categorize and analyze power plants based on their operational methods."
e3304b35_01_01_54,"This column contains the hourly ozone concentration in parts per million (ppm) measured at a power plant, allowing users to assess a facility’s contribution to ozone pollution and its potential impact on air quality standards."
e3304b35_01_01_55,"This column contains the annual report (AR) for each power plant listed in the EPA’s Facility Registry Service, allowing users to track emissions data and assess a plant’s environmental performance over time."
e3304b35_01_01_56,"This column contains annual particulate matter with a diameter of 2.5 micrometers or less (PM25) measured in 1997, allowing researchers to analyze historical air quality data and assess trends in pollution levels for power plants."
e3304b35_01_01_57,"This column contains the annual particulate matter with a diameter of 2.5 micrometers or less (PM25) measured in 2006 for each facility, allowing researchers to analyze air quality levels at power plants over a specific time period."
e3304b35_01_01_58,"This column contains hourly ozone concentrations measured in parts per million (ppm) at a specific facility, allowing users to analyze air quality trends and assess potential health impacts related to ozone pollution."
e3304b35_01_01_59,"This column indicates whether the power plant is subject to federal agricultural regulations, allowing users to filter and analyze power plants with specific environmental compliance requirements."
e3304b35_01_01_60,"This column contains the Hydrographic Unit Code (HUC) 12, a hierarchical classification of watersheds used to identify the specific river basin where a power plant is located, allowing users to analyze power plant distribution and impacts within broader hydrological regions."
e3304b35_01_01_61,"This column contains the state-level federal land agency responsible for permitting or oversight of the power plant, allowing users to analyze regulatory relationships and potential jurisdictional overlaps."
934c1f2c_01_01_01,"This column contains a unique identifier assigned by the EPA’s Comprehensive Environmental Response, Compensation, and Liability Information System (CERCLA), and it’s used to track and link specific sites and related records within the system."
934c1f2c_01_01_03,"The column holds a unique numerical identifier for each facility listed in the EPA’s CERCLA database, allowing users to track and reference specific sites within the dataset."
934c1f2c_01_01_04,"This column contains the names of the cities where EPA Superfund sites are located, allowing users to identify the geographic locations of contaminated facilities and investigate potential environmental impacts."
934c1f2c_01_01_05,"This column contains unique five-digit numerical codes identifying specific geographic locations, primarily used to link EPA’s CERCLA sites to corresponding state and federal jurisdictions for reporting and analysis."
934c1f2c_01_01_06,"This column contains the two-digit state code for each facility listed in the EPA’s database, allowing users to filter and analyze contamination data by geographic location."
934c1f2c_01_01_07,"This column contains the latitude coordinates in the WGS 84 (Latitude 83) reference system, allowing users to map and analyze the locations of EPA facilities within a global coordinate framework."
934c1f2c_01_01_08,"This column contains the Hydrogeological Unit Code 8 (HUC8) classification, which allows users to categorize and analyze Superfund sites based on their watershed and river basin characteristics for environmental investigations and risk assessments."
934c1f2c_01_01_09,"This column contains the URL for the facility listed in the dataset, allowing users to access detailed information about the site's location, operations, and potential environmental issues."
934c1f2c_01_01_11,"This column indicates whether a facility is publicly owned or operated, allowing users to filter and analyze data on Superfund sites based on ownership status."
934c1f2c_01_01_12,"This column contains the EPA’s Registry I identification number for each Superfund site, which is used to track and manage the progress of cleanup activities and associated legal proceedings."
934c1f2c_01_01_13,"This column indicates whether the facility is the primary responsible party for a CERCLA action, allowing users to identify the main liable entity within a Superfund site investigation."
934c1f2c_01_01_14,"The column holds the geographic location associated with the initial site of a Superfund cleanup project, and someone would use it to track the locations where EPA investigated and addressed contaminated sites."
934c1f2c_01_01_15,"This column contains the names of the counties where EPA Superfund sites are located, allowing users to analyze contamination patterns and liabilities by geographic region."
934c1f2c_01_01_16,"This column contains the postal code for each facility listed in the EPA’s database, allowing users to geographically locate contaminated sites and analyze environmental liabilities by location."
934c1f2c_01_01_17,"This column contains the longitude coordinates of each facility listed in the EPA’s database, allowing users to map and analyze the geographic distribution of contaminated sites."
934c1f2c_01_01_18,"This column contains the accuracy value for each facility record, allowing users to assess the reliability of the reported data and potentially identify records needing further verification."
934c1f2c_01_01_19,"This column indicates the method used to collect the measurement data, allowing users to understand the data collection process and potentially assess its reliability."
934c1f2c_01_01_20,"This column contains the unique identifier for a specific monitoring point or measurement location associated with a Superfund site, allowing users to track and analyze environmental data collected at those locations."
934c1f2c_01_01_21,"This column stores the date when a facility was created, allowing users to analyze trends in facility establishment over time within the EPA’s CERCLA database."
934c1f2c_01_01_22,"This column contains the date of the most recent update to the facility information within the EPA’s CERCLA database, allowing users to track changes and assess the current status of remediation efforts."
934c1f2c_01_01_23,"This column contains the date of the most recently submitted report regarding a facility's environmental response and cleanup activities, allowing users to track the progress and status of remediation efforts."
934c1f2c_01_01_25,"The column holds the type of interest the responsible party has in the Superfund site, allowing users to categorize sites based on the nature of their involvement, such as ownership, control, or responsibility."
934c1f2c_01_01_26,"This column contains the unique identifier for each EPA Superfund program, allowing users to track and analyze specific cleanup efforts and their associated details."
934c1f2c_01_01_27,"This column contains the full text of the preliminary governmental reports generated during the EPA’s Superfund investigations, allowing users to analyze historical investigation findings and remediation strategies."
934c1f2c_01_01_28,This column indicates whether a Superfund site is currently being actively managed and addressed by a responsible party or regulatory agency.
4e347e71_01_01_01,"This column contains a unique identifier assigned by the EPA for each facility listed in the Toxic Release Inventory, allowing users to track and reference specific facilities within the dataset."
4e347e71_01_01_03,"This column contains a unique identifier for each facility listed in the Toxic Release Inventory dataset, allowing users to track and reference specific facilities within the EPA's reporting system."
4e347e71_01_01_04,"This column contains the unique EPA Registry Identifier for each facility listed in the Toxic Release Inventory, allowing users to track and analyze releases reported by specific facilities over time."
4e347e71_01_01_05,"This column contains the primary National category assigned to each facility reporting toxic release data, allowing users to categorize and analyze releases by industry sector."
4e347e71_01_01_06,"This column contains the geographic location of the facility associated with each TRI record, allowing users to analyze toxic release patterns by facility location."
4e347e71_01_01_07,"This column contains the names of the cities where facilities listed in the Toxic Release Inventory are located, allowing users to analyze toxic release patterns by geographic region."
4e347e71_01_01_08,"This column contains the name of the county where a facility listed in the TRI database is located, allowing users to analyze toxic release data by geographic region."
4e347e71_01_01_09,"This column contains unique five-digit codes identifying specific geographic locations, allowing users to pinpoint the exact facility associated with each toxic release record within the EPA's TRI database."
4e347e71_01_01_10,"This column contains the two-letter postal code for each facility reporting toxic release data, allowing users to analyze release trends by geographic location."
4e347e71_01_01_11,"This column contains the postal code for each facility listed in the TRI database, allowing users to pinpoint the geographic location of industrial sites and analyze toxic release data by region."
4e347e71_01_01_12,"This column contains the geographical coordinates of each facility’s location in the WGS 83 coordinate system, allowing users to map and analyze the spatial distribution of toxic releases."
4e347e71_01_01_13,"This column contains the longitude coordinates of each facility, allowing users to map the locations of facilities reporting toxic releases and analyze their spatial distribution."
4e347e71_01_01_14,"The HUC8 code represents a hierarchical watershed code, allowing users to identify the specific river basin or drainage area where a facility is located for environmental analysis and tracking of toxic releases."
4e347e71_01_01_15,"This column contains the accuracy value, which a user would utilize to assess the reliability or precision of the data related to toxic release reporting facilities."
4e347e71_01_01_16,"This column contains the total mass of toxic chemicals collected by a facility, allowing users to assess the scale of releases and compare environmental impact across different sites."
4e347e71_01_01_17,"This column contains the specific location identifier for a facility, allowing users to pinpoint the exact site where toxic release data was reported."
4e347e71_01_01_18,"This column indicates the date when the facility's data was created within the Toxic Release Inventory (TRI) reporting system, allowing users to track the timeline of reporting and assess data reliability."
4e347e71_01_01_19,"This column contains the date of the last update for each facility's TRI reporting record, allowing users to track the timeliness and currency of the data."
4e347e71_01_01_20,"This column contains the date of the most recently reported toxic release information for a facility, allowing users to track a facility’s compliance history and trends in emissions over time."
4e347e71_01_01_21,"This column contains the URL of each facility listed in the Toxic Release Inventory, allowing users to access detailed information about the specific site and its reported releases."
4e347e71_01_01_24,"This column contains a numerical value representing the total toxic release quantity reported by a facility, allowing users to analyze the magnitude of chemical releases and assess potential environmental impact."
4e347e71_01_01_25,"This column contains the funding amount allocated to a specific EPA program, allowing users to analyze the financial resources invested in emergency response activities and track program priorities."
4e347e71_01_01_26,"This column indicates whether the facility is publicly owned, allowing users to analyze the distribution of TRI facilities based on ownership type and assess potential public health and environmental impacts."
4e347e71_01_01_27,"This column contains the names of the states where the listed facilities are located, allowing users to analyze toxic release data by geographic region."
4e347e71_01_01_28,"This column contains textual reports submitted by facilities detailing their hazardous chemical releases, allowing users to analyze trends in toxic emissions and assess environmental impact."
844cacf4_01_01_01,"This column contains a unique, system-generated identifier for each facility within the EPA’s RCRA Treatment Storage and Disposal Facilities dataset, allowing users to track and reference specific facilities across the database."
844cacf4_01_01_03,"The column holds a unique numerical identifier for each facility within the EPA’s RCRA Treatment Storage and Disposal Facilities dataset, allowing users to track and reference specific facilities for analysis or reporting."
844cacf4_01_01_04,"This column contains the unique EPA identification number assigned to each Resource Conservation and Recovery Act Treatment, Storage, and Disposal Facility (RCRA TSDF), allowing users to identify and track specific facilities within the EPA’s database."
844cacf4_01_01_05,"This column contains the primary name of the RCRA treatment, storage, and disposal facility, allowing users to identify and categorize facilities based on their official designation."
844cacf4_01_01_06,"The column contains the geographic location of the Resource Conservation and Recovery Act Treatment Storage and Disposal Facility, allowing users to map and analyze the distribution of these facilities across different areas."
844cacf4_01_01_07,"The column contains the names of the cities where Resource Conservation and Recovery Act Treatment Storage and Disposal Facilities are located, allowing users to identify the geographic distribution of these facilities."
844cacf4_01_01_08,"This column contains the names of the counties where Resource Conservation and Recovery Act Treatment Storage and Disposal Facilities are located, allowing users to analyze facility distribution and identify areas with a high concentration of these facilities."
844cacf4_01_01_09,"This column contains the Federal Information Processing Standards (FIPS) code for each treatment, storage, and disposal facility, allowing users to identify and locate specific facilities based on their geographic location."
844cacf4_01_01_10,"This column contains the two-letter postal code for each treatment, storage, and disposal facility managed under the EPA’s Resource Conservation and Recovery Act, allowing users to analyze facility locations and distributions across different states."
844cacf4_01_01_11,"The column contains the postal code for each treatment storage and disposal facility, allowing users to geographically locate facilities and analyze their distribution across different regions."
844cacf4_01_01_12,"This column contains the geographic coordinates of each facility’s location in Latitude 83, allowing users to map and analyze the spatial distribution of RCRA treatment, storage, and disposal facilities."
844cacf4_01_01_13,"This column contains the longitude coordinates of each treatment storage and disposal facility, allowing users to map the locations of RCRA facilities and analyze their spatial distribution."
844cacf4_01_01_14,"This column contains eight-digit Hydrographic Unit Classification (HUC8) codes, which are used to geographically classify the location of RCRA treatment, storage, and disposal facilities for watershed analysis and environmental monitoring."
844cacf4_01_01_15,"This column contains the accuracy score for a given observation, allowing users to assess the reliability of the data and potentially prioritize observations for further investigation or analysis."
844cacf4_01_01_16,"This column contains the total mass of hazardous waste collected by the treatment storage and disposal facility, allowing users to track the volume of waste managed and assess facility performance."
844cacf4_01_01_17,"This column contains the specific location or point of measurement associated with a treatment, storage, and disposal facility, allowing users to pinpoint the facility's operational area and monitor environmental data."
844cacf4_01_01_18,"This column contains the date when the RCRA treatment, storage, and disposal facility was created, allowing users to analyze facility establishment timelines and trends."
844cacf4_01_01_19,"This column contains the date of the most recent update to the information for each treatment, storage, and disposal facility, allowing users to track changes and assess the current status of RCRA sites."
844cacf4_01_01_20,"This column contains the URL for each Resource Conservation and Recovery Act Treatment Storage and Disposal Facility, allowing users to access detailed information about the facility's operations and location."
844cacf4_01_01_23,"The column contains the type of interest held in the treatment storage and disposal facility, allowing users to categorize facilities based on their ownership structure or stakeholder involvement."
844cacf4_01_01_24,"This column contains unique identification numbers assigned to EPA Resource Conservation and Recovery Act Treatment Storage and Disposal Facilities, allowing users to track and differentiate between individual facilities within the EPA’s database."
844cacf4_01_01_25,"This column indicates whether the RCRA treatment, storage, and disposal facility is publicly owned, allowing users to filter and analyze data based on ownership structure for research or regulatory purposes."
844cacf4_01_01_26,"This column indicates whether a Resource Conservation and Recovery Act treatment, storage, and disposal facility is currently operational, allowing users to identify facilities actively managing hazardous waste."
844cacf4_01_01_27,"This column contains the date of the most recently submitted report for a hazardous waste treatment, storage, and disposal facility, allowing users to track facility compliance and regulatory activity over time."
844cacf4_01_01_28,"This column contains textual reports submitted by RCRA treatment, storage, and disposal facilities, allowing users to analyze facility operations, compliance, and potential environmental issues."
62562f68_01_01_01,"This column contains a unique identifier for each object in the dataset, allowing users to track and reference specific instances for analysis or retrieval."
62562f68_01_01_02,"This column represents the unique identifier for each venue, allowing users to track and analyze usage patterns across different locations."
62562f68_01_01_03,"This column indicates whether a user engaged with a specific item, providing a simple binary signal for tracking user interaction."
62562f68_01_01_04,"This column represents the population using a particular service or product, allowing users to analyze usage patterns and understand customer adoption rates."
62562f68_01_01_05,"This column contains the name of the sports team being tracked, allowing users to analyze team performance and identify trends."
62562f68_01_01_06,"This column contains the name of the sports league a player or team belongs to, allowing users to filter and analyze data by competition level."
62562f68_01_01_07,"This column indicates the name of the academic conference where the research was presented, allowing users to analyze trends in conference participation or identify research associated with specific events."
62562f68_01_01_08,"This column indicates the specific department or area within a company where a user's activity is taking place, allowing for analysis of usage patterns by business unit."
62562f68_01_01_09,"This column indicates the institutional affiliation of the user, allowing for analysis of user demographics and potential connections between institutions and specific usage patterns."
62562f68_01_01_10,"This column indicates the type of activity a user was engaged in, allowing analysts to segment users based on their engagement patterns and understand which activities are most popular."
62562f68_01_01_11,"This column contains the length of a trip in miles, allowing users to analyze travel distances or compare trip durations."
62562f68_01_01_12,"This column contains information about the style of roof on a building, allowing users to analyze housing data by roof type for trends, comparisons, or to identify specific property characteristics."
62562f68_01_01_13,"This column contains information about the stadium's capacity, allowing users to analyze stadium sizes and potentially identify venues suitable for specific events or teams."
62562f68_01_01_14,"This column stores the date when a new item was added to the system, allowing users to track when content was introduced or when a user began using a particular feature."
62562f68_01_01_15,"This column indicates whether a user has visited a website, allowing researchers to analyze browsing behavior and understand user engagement."
62562f68_01_01_16,"This column contains user-submitted text feedback and opinions, which can be used to understand sentiment, identify common issues, and improve the product or service."
5c91101d_01_01_01,"This column contains a unique identifier for each nursing home record, allowing users to track and reference specific facilities within the dataset."
5c91101d_01_01_02,"This column contains a unique identifier for each nursing home record, allowing users to track and reference specific facilities within the dataset."
5c91101d_01_01_03,"This column contains the unique names of each nursing home, allowing users to identify and differentiate between facilities within the dataset."
5c91101d_01_01_04,"This column contains the physical street address of each nursing home, which can be used to determine location, calculate distances, and analyze geographic patterns of care."
5c91101d_01_01_05,"This column contains the city where each nursing home is located, and it can be used to analyze facility distribution, identify regional trends, or determine proximity to resources."
5c91101d_01_01_06,"This column contains the state in which each nursing home is located, allowing users to analyze trends and patterns in care across different regions."
5c91101d_01_01_07,"This column contains the postal zip code for each nursing home, which can be used to analyze geographic distribution, identify regional trends, or target specific populations."
5c91101d_01_01_08,"This column contains the five-digit zip code block, which can be used to pinpoint the exact location of each nursing home for mapping, demographic analysis, and understanding regional healthcare access."
5c91101d_01_01_09,"This column contains the phone numbers of the nursing homes, which can be used to contact them for further information or to investigate their services."
5c91101d_01_01_10,"This column indicates the specific type of nursing home facility, allowing users to analyze trends and characteristics across different care models like skilled nursing, memory care, or assisted living."
5c91101d_01_01_11,"This column indicates whether a nursing home is currently operational, allowing analysts to identify facilities providing care and assess trends in nursing home availability."
5c91101d_01_01_12,"This column contains the total number of residents living in each nursing home, allowing users to analyze population density, staffing needs, and resource allocation within the facilities."
5c91101d_01_01_13,"This column contains the county in which each nursing home is located, allowing users to analyze trends and patterns in care across different geographic regions."
5c91101d_01_01_14,"This column contains unique five-digit codes identifying each U.S. county, allowing users to analyze nursing home distribution and trends across different geographic regions."
5c91101d_01_01_15,"This column contains the nation where the nursing home facility is located, allowing users to analyze trends and characteristics of care across different countries."
5c91101d_01_01_16,"This column contains the geographical coordinates of each nursing home, allowing users to map their locations and analyze spatial patterns related to the dataset."
5c91101d_01_01_17,"This column contains the geographical longitude coordinates of each nursing home, allowing users to map their locations and analyze spatial patterns related to the dataset."
5c91101d_01_01_18,"This column contains the North American Industry Classification System code for each nursing home, allowing users to categorize and analyze nursing homes based on their specific services and industry sector."
5c91101d_01_01_19,"This column contains the North American Industry Classification System description for each nursing home, allowing users to categorize and analyze nursing homes based on their specific services and industry sector."
5c91101d_01_01_20,"This column contains the type of facility where the resident received care, allowing users to analyze trends in care settings and understand where patients are being admitted from."
5c91101d_01_01_21,"This column contains the date the resident was sourced, allowing analysts to track recruitment timelines, assess referral effectiveness, and understand the origin of new admissions to the nursing home."
5c91101d_01_01_22,"This column indicates the specific method used for validating the nursing home’s quality measures, allowing researchers to analyze the rigor and approach of the data used to assess care."
5c91101d_01_01_23,"This column contains the date of a facility's valuation, allowing analysts to track trends in nursing home values over time and assess their financial health."
5c91101d_01_01_24,"This column contains the URL of each nursing home's website, allowing users to access information about services, staff, and resident experiences."
5c91101d_01_01_25,"This column represents the total resident days spent in the nursing home, allowing users to analyze occupancy rates and track the length of stay for each resident."
5c91101d_01_01_26,"This column represents the total number of staff members working at a nursing home, and it would be used to analyze staffing levels and their potential impact on resident care."
5c91101d_01_01_27,"This column represents the total number of beds available at a nursing home, allowing users to analyze facility capacity and potentially identify areas with unmet demand."
5c91101d_01_01_28,"This column contains the number of unoccupied beds in a nursing home, allowing analysts to identify facilities with potential overcapacity and assess resource allocation needs."
5c91101d_01_01_29,"This column indicates the type of entity that owns the nursing home, allowing analysts to investigate potential correlations between ownership structure and facility performance, quality of care, or financial stability."
5c91101d_01_01_30,"This column contains a unique identifier for each nursing home receiving Medicaid funding, allowing analysts to track and investigate the utilization of these services by residents."
5c91101d_01_01_31,"This column contains unique Medicare identification numbers for each nursing home facility, allowing researchers to track and analyze patient populations and outcomes associated with specific care providers."
5c91101d_01_01_32,"This column contains the unique identifier assigned by each state to nursing homes, allowing users to analyze facility licensing and regulatory compliance across different locations."
5c91101d_01_01_33,"This column contains the original categorization of the log event, allowing users to filter and analyze nursing home data based on its source or type of record."
7c7c203b_01_01_01,"This column contains a unique numerical identifier for each terminal in the dataset, allowing users to easily reference and distinguish individual terminals for analysis or tracking."
7c7c203b_01_01_02,"This column contains a unique identifier for each liquefied natural gas (LNG) import/export terminal, allowing users to track and analyze specific terminal operations and data."
7c7c203b_01_01_03,"This column contains the names of liquefied natural gas (LNG) import and export terminals, allowing users to identify and locate these facilities for analysis or tracking purposes."
7c7c203b_01_01_04,"This column contains the physical location of liquefied natural gas import and export terminals, allowing users to identify the specific sites involved in these trade activities."
7c7c203b_01_01_05,"This column contains the names of cities where liquefied natural gas import and export terminals are located, allowing users to analyze terminal distribution and regional trade patterns."
7c7c203b_01_01_06,"This column contains the geographical location of the LNG import/export terminal, allowing users to analyze import/export volumes by region or state."
7c7c203b_01_01_07,"This column contains the postal code for each terminal, allowing users to geographically analyze import and export locations."
7c7c203b_01_01_08,"This column contains the four-digit zip code associated with a terminal's location, allowing users to pinpoint its geographic location for analysis, mapping, and logistics planning."
7c7c203b_01_01_09,"This column contains the telephone numbers of the LNG import and export terminals, allowing users to contact them for inquiries, logistics coordination, or operational updates."
7c7c203b_01_01_10,"This column indicates the operational nature of the terminal, such as storage, blending, or transfer, allowing users to filter and analyze import/export activities based on terminal function."
7c7c203b_01_01_11,"This column indicates the operational state of the LNG terminal, allowing users to analyze terminal availability, planned shutdowns, or current activity levels."
7c7c203b_01_01_12,"This column contains the population figures for the LNG import/export terminals, allowing users to analyze the impact of terminal activity on surrounding communities or to assess the scale of operations relative to local populations."
7c7c203b_01_01_13,"This column contains the name of the county where the LNG import or export terminal is located, allowing users to analyze import/export activity by geographic region."
7c7c203b_01_01_14,"This column contains unique numerical identifiers for counties, allowing users to link terminal import/export data to specific geographic locations for analysis and mapping."
7c7c203b_01_01_15,"This column contains the names of the countries involved in LNG import and export activities, allowing users to analyze trade flows and identify key partners for these terminals."
7c7c203b_01_01_16,"This column contains the geographical coordinates of each terminal, allowing users to visualize their locations on a map and analyze import/export patterns based on geographic proximity."
7c7c203b_01_01_17,"This column contains the geographical longitude coordinates of each terminal, allowing users to visualize their locations on a map and analyze import/export patterns based on geographic proximity."
7c7c203b_01_01_18,"This column contains the North American Industry Classification System (NAICS) code for each terminal, allowing users to categorize and analyze terminals based on their specific industry activities."
7c7c203b_01_01_19,North American Industry Classification System description
7c7c203b_01_01_20,"This column contains the origin of the liquefied natural gas, allowing users to analyze import and export patterns by identifying the countries or regions supplying the terminals."
7c7c203b_01_01_21,"This column contains the date on which the LNG was sourced, allowing users to analyze import trends over time and understand the origin of shipments."
7c7c203b_01_01_22,"This column indicates the specific method used for valuing the import or export transactions, allowing users to analyze valuation trends and understand how volumes are assessed."
7c7c203b_01_01_23,"This column contains the date of each import or export transaction, allowing users to analyze trends in LNG shipments over time and understand historical trading patterns."
7c7c203b_01_01_24,"This column contains the URL addresses of the terminals' websites, which can be used to access company information, operational data, and contact details."
7c7c203b_01_01_25,"This column contains the Environmental Protection Agency identification number for each terminal, allowing users to identify and track specific facilities based on EPA regulations and oversight."
7c7c203b_01_01_26,"The `alt_name` column contains alternative names or synonyms for the terminal, which can be used to identify the same facility through different naming conventions or historical designations."
7c7c203b_01_01_27,"This column contains the name of the entity that owns and operates the LNG import/export terminal, allowing users to analyze terminal ownership and potential market influences."
7c7c203b_01_01_28,"This column indicates the relative position of a terminal within a list of terminals, typically used to understand the hierarchy and relationships between import/export facilities."
7c7c203b_01_01_29,"This column contains the jurisdictional designation for a specific terminal, allowing users to analyze import/export activity by region or regulatory authority."
7c7c203b_01_01_30,"This column holds the type of container used for shipping goods, and someone would use it to analyze container types associated with import and export volumes at terminals."
7c7c203b_01_01_31,"This column contains the names of liquefied natural gas import/export terminals, allowing users to identify and analyze the locations where these critical energy transfers occur."
7c7c203b_01_01_32,"This column contains the number of individual loading/unloading spaces or docks available at each LNG import/export terminal, allowing users to analyze port capacity and potential throughput."
7c7c203b_01_01_33,"This column contains the volume of liquid stored at each terminal, allowing users to analyze storage capacity and track changes in inventory levels."
7c7c203b_01_01_34,"This column represents the storage capacity of liquefied natural gas (LNG) import and export terminals, allowing users to analyze and compare the infrastructure's ability to hold LNG volumes."
7c7c203b_01_01_35,"This column represents the current storage capacity of the LNG import/export terminal, allowing users to assess the available volume for liquid natural gas storage and potentially analyze terminal utilization."
7c7c203b_01_01_36,"This column represents the available capacity for applications at liquefied natural gas (LNG) import and export terminals, allowing users to assess potential throughput volumes."
7c7c203b_01_01_37,"This column contains the year in which a liquefied natural gas import or export operation occurred, allowing users to analyze trends and volumes over time."
7c7c203b_01_01_38,"This column contains the unique identifier for an import/export activity record, allowing users to track and analyze specific trading transactions at terminals."
7c7c203b_01_01_39,"This column contains the quantity of liquefied natural gas imported or exported through the terminals, allowing users to analyze trade flows and assess terminal throughput."
7c7c203b_01_01_40,"This column contains the recorded price of liquefied natural gas imports and exports, allowing users to analyze price trends, identify market fluctuations, and assess trading opportunities within the terminal industry."
1107e9d2_01_01_01,"This column contains a unique numerical identifier for each record in the dataset, allowing users to easily reference and distinguish individual natural gas import and export transactions."
1107e9d2_01_01_02,"This column contains a unique identifier for each natural gas import/export transaction, allowing users to track and analyze specific trade records within the dataset."
1107e9d2_01_01_03,"This column contains the names of the countries involved in natural gas import and export transactions, allowing users to identify trading partners and analyze trade flows."
1107e9d2_01_01_04,"This column contains the names of cities involved in natural gas import and export activities, allowing users to analyze trade patterns and volumes by location."
1107e9d2_01_01_05,"This column contains the name of the U.S. state where natural gas import or export activity occurred, allowing users to analyze trade patterns by geographic location."
1107e9d2_01_01_06,This column indicates whether the data represents an import or export transaction of natural gas.
1107e9d2_01_01_07,"This column indicates the current state of the natural gas trade, allowing users to analyze trends in import and export activity, such as whether a shipment is in transit, completed, or delayed."
1107e9d2_01_01_08,"This column contains the name of the county where natural gas import and export activity is occurring, allowing users to analyze trade patterns by geographic location."
1107e9d2_01_01_09,"This column contains unique numerical identifiers for each U.S. county, allowing users to analyze natural gas import and export data by geographic location."
1107e9d2_01_01_10,"This column contains the names of the countries involved in natural gas imports and exports, allowing users to analyze trade flows and identify key partners for these commodities."
1107e9d2_01_01_11,"This column contains the geographical coordinates of each natural gas import/export location, allowing users to visualize trade patterns and analyze relationships between regions based on their location."
1107e9d2_01_01_12,"This column contains the geographical longitude coordinates for each natural gas import or export location, allowing users to visualize trade patterns and analyze spatial relationships between supply and demand."
1107e9d2_01_01_13,"This column contains the North American Industry Classification System (NAICS) code for the companies involved in natural gas import and export, allowing users to analyze trade patterns by industry sector."
1107e9d2_01_01_14,"This column contains the North American Industry Classification System description for each company, allowing users to analyze natural gas import and export activity by industry sector."
1107e9d2_01_01_15,"This column indicates the origin country of the natural gas being imported or exported, allowing users to analyze trade flows and identify key suppliers and consumers."
1107e9d2_01_01_16,"This column contains the date on which natural gas was sourced, allowing users to analyze import/export trends over time and understand the timing of supply chains."
1107e9d2_01_01_17,"This column indicates the specific method used for valuing natural gas imports and exports, allowing analysts to understand how trade volumes are assessed and reported."
1107e9d2_01_01_18,"This column contains the date of each natural gas import or export transaction, allowing users to analyze trends and patterns in trade over time."
1107e9d2_01_01_19,"This column indicates the relative position of the importing country in relation to the exporting country, providing insights into trade dynamics and potential dependencies between nations."
1107e9d2_01_01_20,"This column contains the name of the entity responsible for the natural gas import or export activity, allowing users to analyze trade patterns by identifying the companies or organizations involved."
1107e9d2_01_01_21,"This column contains the name of the company responsible for transporting the natural gas, allowing users to analyze trade patterns by transportation provider or investigate specific operator activity."
1107e9d2_01_01_22,"This column contains the monthly natural gas import or export volume in trillions of cubic feet, allowing users to analyze trade flows and trends over time."
1107e9d2_01_01_23,"This column contains the location of the foreign origin of natural gas shipments, allowing users to analyze trade flows and identify key import/export regions."
1107e9d2_01_01_24,"This column contains the destination country for natural gas imports, allowing analysts to investigate trade flows and identify key markets for gas supply."
1107e9d2_01_01_25,"This column indicates whether natural gas was transported via pipeline during the reporting period, allowing analysts to examine the proportion of imports and exports reliant on this method."
1107e9d2_01_01_26,"This column indicates whether natural gas was transported via pipelines located within the United States, allowing analysts to understand the primary mode of transport for this commodity."
1107e9d2_01_01_27,"This column represents the daily volume of natural gas transported via pipeline in millions of cubic feet, allowing analysts to track pipeline capacity and assess trade flows between countries."
1107e9d2_01_01_28,"This column indicates whether a natural gas pipeline or related infrastructure project is currently operational and supplying gas to consumers or transmission networks, allowing analysts to assess the active capacity and flow of natural gas."
1107e9d2_01_01_29,"This column represents the volume of natural gas imported, allowing analysts to track trade flows and assess the demand and supply dynamics of natural gas markets."
1107e9d2_01_01_30,"This column represents the volume of natural gas exported, allowing users to analyze trade flows and understand the quantity of gas moving across borders."
1107e9d2_01_01_31,"This column contains the fluctuating market price of imported natural gas, allowing users to analyze trends, predict future costs, and assess the impact of import volumes on overall energy prices."
1107e9d2_01_01_32,"This column contains the export price of natural gas, allowing users to analyze price trends, identify market fluctuations, and assess the economic value of natural gas exports."
65bc860f_01_01_01,"This column contains a unique identifier assigned to each Formerly Used Defense Sites (Fuds) project, allowing users to track and reference specific projects within the dataset."
65bc860f_01_01_03,"This column contains a unique numerical identifier for each project within the dataset, allowing users to track and reference specific former defense sites projects for analysis or investigation."
65bc860f_01_01_04,"This column contains the total cost associated with each Formerly Used Defense Sites (FUD) project, allowing users to analyze project expenses and potentially identify cost trends or outliers."
65bc860f_01_01_05,"This column contains descriptions of formerly used defense sites projects, allowing researchers to categorize and analyze the scope and nature of these projects for historical or environmental assessment purposes."
65bc860f_01_01_06,"This column contains a numerical point value representing the extent of former Department of Defense (DoD) activities at a specific site, allowing users to quantify the scale of past military operations and associated environmental concerns."
65bc860f_01_01_07,"This column contains a unique identifier for each Formerly Used Defense Sites (FUD) project, allowing users to track and analyze specific projects within the Department of Defense’s remediation efforts."
65bc860f_01_01_08,"This column contains the management activity employed at each Formerly Used Defense Site project, allowing users to analyze the strategies used for site remediation and restoration."
65bc860f_01_01_09,"This column contains a numerical score representing the degree of environmental restoration achieved at a former defense site project, allowing users to assess the success of remediation efforts."
65bc860f_01_01_10,"This column contains data representing the environmental restoration efforts undertaken at each former defense site, allowing users to assess the extent and type of remediation work completed."
65bc860f_01_01_11,"This column contains information about the environmental restoration activities undertaken at former defense sites, allowing users to assess the extent and type of remediation efforts conducted."
65bc860f_01_01_12,"This column contains the name of the federal agency involved in the FUD project, allowing users to analyze which government departments were responsible for each site."
65bc860f_01_01_13,"This column indicates whether a former defense site project was associated with a federal agency, specifically the Department of Defense, allowing researchers to analyze the extent of federal involvement in these sites."
65bc860f_01_01_14,"This column contains the point value assigned to each formerly used defense site project, allowing users to quantify the extent of each project's impact or footprint."
65bc860f_01_01_15,"This column contains the specific point value assigned to each formerly used defense site project, allowing users to quantify the extent of contamination and assess potential remediation efforts."
65bc860f_01_01_16,"This column contains a unique identifier for each formerly used defense site project, allowing users to track and reference specific sites within the dataset."
65bc860f_01_01_17,"This column contains the geographical coordinates of each former defense site project, allowing users to map their locations and analyze spatial patterns related to these sites."
65bc860f_01_01_18,"This column contains the geographical longitude coordinates of former defense sites, allowing users to map their locations and analyze spatial patterns related to these projects."
65bc860f_01_01_19,"This column indicates the degree to which a FUD project overlapped with other projects, allowing analysts to assess the complexity and potential conflicts within a defense site's development."
65bc860f_01_01_20,"This column contains unique numerical identifiers assigned to each Formerly Used Defense Sites (Fuds) project, allowing users to track and differentiate individual projects within the dataset."
65bc860f_01_01_21,"This column contains unique identifiers for each formerly used defense site project, allowing users to track and reference specific projects within the dataset."
65bc860f_01_01_22,"This column contains the point value assigned to each formerly used defense site project, allowing users to assess the scale and impact of remediation efforts."
65bc860f_01_01_23,"This column contains the specific remediation method employed at each former defense site project, allowing users to analyze and categorize the types of cleanup actions undertaken."
65bc860f_01_01_24,"This column contains the name of the responding company involved in a Formerly Used Defense Site (FUD) project, allowing users to identify the parties responsible for remediation efforts."
65bc860f_01_01_25,"This column contains a numerical value representing the assessed risk level associated with a former defense site project, allowing users to prioritize remediation efforts or analyze potential hazards."
65bc860f_01_01_26,"This column contains the state or territory where a former defense site project was located, allowing users to analyze project distribution and concentrations across different geographic areas."
65bc860f_01_01_27,"This column indicates whether a former defense site project was formally closed, providing a key indicator for assessing the completion and final status of remediation efforts."
65bc860f_01_01_28,"This column contains the point value assigned to each formerly used defense site project, allowing users to quantify the extent of remediation efforts or assess the overall impact of these sites."
65bc860f_01_01_29,"This column contains the strategic reporting category for each Formerly Used Defense Site (FUD) project, allowing users to analyze project classifications and understand the strategic context of remediation efforts."
8c9ed617_01_01_01,"This column contains a unique, persistent identifier for each property within the dataset, allowing users to consistently reference and track specific sites among the Formerly Used Defense Sites public properties."
8c9ed617_01_01_03,"This column contains a unique numerical identifier for each object within the dataset, allowing users to track and reference specific properties from the Formerly Used Defense Sites public properties program."
8c9ed617_01_01_04,"This column contains the latitude and longitude coordinates of the center point for each former defense site property, allowing users to visualize their locations and analyze spatial relationships within the dataset."
8c9ed617_01_01_05,"This column contains the latitude and longitude coordinates of the center point for each former defense site property, allowing users to map and analyze the spatial distribution of these locations."
8c9ed617_01_01_06,"This column contains the name of the nearest incorporated city to each former defense site, allowing users to analyze the proximity of these sites to populated areas."
8c9ed617_01_01_07,"This column contains the congressional district where a former defense site is located, allowing users to analyze the geographic distribution of these sites across the United States and potentially identify patterns related to congressional representation or policy influence."
8c9ed617_01_01_08,"This column contains the name of the county where a former defense site is located, allowing users to identify the geographic location of each property for mapping, analysis, and research purposes."
8c9ed617_01_01_09,"This column indicates the current ownership status of each former defense site property, allowing researchers and analysts to determine who currently controls or manages these locations."
8c9ed617_01_01_10,"This column contains detailed information about former Department of Defense sites, including property characteristics, environmental assessments, and historical usage, allowing users to research and analyze these sites for remediation, redevelopment, or historical preservation purposes."
8c9ed617_01_01_11,"This column indicates whether a former defense site property is eligible for reuse, allowing users to identify properties suitable for redevelopment or alternative uses based on regulatory status."
8c9ed617_01_01_12,"This column contains the management activity codes used to describe how the former defense sites are currently being managed, allowing users to analyze and compare the operational status of each property."
8c9ed617_01_01_13,"This column contains the geographical region where a former defense site is located, allowing users to analyze site distribution and identify patterns across different areas."
8c9ed617_01_01_14,"This column contains detailed descriptions of specific features found at former defense sites, allowing users to investigate the types of environmental conditions, infrastructure, or materials present at each location for research, remediation planning, or historical analysis."
8c9ed617_01_01_15,"This column contains the unique identifier for each former defense site property, allowing users to precisely locate and reference specific locations within the dataset."
8c9ed617_01_01_16,"This column contains the names of former U.S. Department of Defense installations, and someone would use it to identify and locate these previously utilized sites for research, analysis, or potential redevelopment purposes."
8c9ed617_01_01_17,"This column contains a unique identifier for each former defense site property, allowing users to track and differentiate individual sites within the dataset."
8c9ed617_01_01_18,"This column indicates whether a formerly used defense site property has an active project associated with it, allowing users to identify sites undergoing redevelopment or remediation efforts."
8c9ed617_01_01_19,"This column contains the geographical coordinates of each former defense site, allowing users to map the locations of these properties and analyze their distribution across different regions."
8c9ed617_01_01_20,"This column contains the east-west position of each former defense site, allowing users to map the locations of these properties and analyze their spatial distribution."
8c9ed617_01_01_21,"This column contains unique identifiers for media files associated with former defense sites, allowing users to link and reference specific images, videos, or other media related to a particular property."
8c9ed617_01_01_22,"This column contains a unique identifier for each site’s metadata record, allowing users to easily reference and access detailed information about a specific Formerly Used Defense Site property."
8c9ed617_01_01_23,"This column contains detailed information about the status and disposition of formerly used defense sites, allowing users to track whether a site was remediated, transferred, or remains under federal control."
8c9ed617_01_01_24,"This column contains descriptions of the project requirements associated with each former defense site property, allowing users to understand the original purpose and scope of development at these locations."
8c9ed617_01_01_25,"This column contains unique identifiers for former defense sites, allowing users to track and categorize specific properties within the dataset based on their historical military designation."
8c9ed617_01_01_26,"This column indicates whether a former defense site is eligible for public use, allowing users to filter and identify properties suitable for redevelopment or other public access purposes."
8c9ed617_01_01_27,"This column contains the U.S. state where a former defense site is located, allowing users to analyze property locations and identify trends across different states."
8c9ed617_01_01_28,"This column indicates the current condition of each former defense site property, allowing users to assess whether a site is currently accessible, undergoing remediation, or otherwise managed."
8c9ed617_01_01_29,"The column holds the current operational status of a former defense site property, allowing users to filter and analyze sites based on whether they are active, inactive, or undergoing remediation."
8c9ed617_01_01_30,"This column contains the distance in miles from the center of the former U.S. Army Civil Engineer (Usace) site to the nearest major city, allowing users to analyze the proximity of contaminated sites to populated areas."
8c9ed617_01_01_31,"This column contains the fiscal year in which a former defense site was assessed, allowing users to analyze trends in property assessments over time and understand the historical context of these sites."
8c9ed617_01_01_32,"This column contains the designation or identifier assigned to each former defense site property, allowing users to locate and categorize these properties based on their historical military use."
8c9ed617_01_01_33,"This column contains the division within the U.S. Army Civil Engineer Command to which a former defense site was assigned, allowing users to categorize and analyze sites based on their original operational affiliation."
215dbf3b_01_01_01,"This column contains a unique numerical identifier for each record in the dataset, allowing users to consistently reference and track individual volcanic locations across the dataset."
215dbf3b_01_01_03,"This column contains the names of individual volcanoes, allowing researchers to identify and track their locations throughout the Holocene period for studying volcanic activity and its impact."
215dbf3b_01_01_04,"This column contains the geographical coordinates of Holocene volcanic eruptions, allowing researchers to map their distribution and investigate patterns related to tectonic activity, climate change, or hazard assessment."
215dbf3b_01_01_05,"This column contains the geographical coordinates of each volcano, allowing researchers to map their locations and analyze patterns of volcanic activity across time."
215dbf3b_01_01_06,"This column contains the east-west coordinates of each volcano's location, allowing researchers to map their distribution and analyze spatial patterns related to volcanic activity and geological processes."
215dbf3b_01_01_07,"This column contains the elevation data for each volcano, allowing researchers to analyze volcanic activity in relation to altitude and potentially understand eruption patterns based on topographic factors."
215dbf3b_01_01_08,"This column contains descriptions of the volcanic landforms, such as shield, stratocone, or caldera, allowing researchers to analyze and categorize volcano types based on their physical shape for understanding eruption styles and hazards."
215dbf3b_01_01_09,"This column indicates whether a volcano is currently active, extinct, or dormant, allowing researchers to analyze patterns of volcanic activity and assess associated hazards."
215dbf3b_01_01_10,"This column contains the calendar year in which each volcanic eruption occurred during the Holocene epoch, allowing researchers to analyze eruption frequency and patterns over time."
215dbf3b_01_01_11,"This column contains a unique numerical identifier for each volcanic location within the dataset, allowing users to reference and track individual records for further analysis or investigation."
215dbf3b_01_01_12,"This column contains a unique numerical identifier for each volcano location in the dataset, allowing researchers to easily reference and track specific volcanoes within the historical Holocene record."
215dbf3b_01_01_13,"This column contains the names of the countries where historical Holocene volcanoes were located, allowing researchers to analyze volcanic activity geographically and identify patterns across different nations."
75ffc0d0_01_01_01,"This column contains a unique, system-generated identifier for each record in the dataset, allowing users to easily reference and link specific eruption locations within the broader dataset or other related information systems."
75ffc0d0_01_01_03,"This column contains the year in which each volcanic eruption occurred, allowing users to analyze eruption trends over time or identify patterns related to specific historical periods."
75ffc0d0_01_01_04,"This column contains the month in which a significant volcanic eruption occurred, allowing researchers to analyze eruption patterns and trends over time."
75ffc0d0_01_01_05,"This column contains the date of each volcanic eruption, allowing users to analyze eruption patterns and timelines over time."
75ffc0d0_01_01_06,"This column contains the latitude and longitude coordinates of significant historical volcanic eruption locations, allowing users to map and analyze the spatial distribution of volcanic activity over time."
75ffc0d0_01_01_07,"This column contains a unique identifier for each volcanic eruption location, allowing researchers to track and analyze specific events across historical records."
75ffc0d0_01_01_08,"This column contains the number of people who died as a result of each volcanic eruption, allowing researchers to analyze the relationship between eruption severity and human loss."
75ffc0d0_01_01_09,"This column contains earthquake information associated with each volcanic eruption, allowing researchers to investigate the relationship between volcanic activity and seismic events."
75ffc0d0_01_01_10,"This column contains textual descriptions of the associations between volcanic eruptions and their surrounding geological, environmental, or societal impacts, allowing researchers to analyze the complex relationships between eruptions and related phenomena."
75ffc0d0_01_01_11,"This column contains free-text notes and observations related to each volcanic eruption, allowing users to explore additional details, eyewitness accounts, or contextual information beyond the basic eruption data."
75ffc0d0_01_01_12,"This column contains the estimated monetary damage caused by each volcanic eruption, allowing researchers to analyze the economic impact of volcanic events across different locations and time periods."
75ffc0d0_01_01_13,"This column contains the estimated area affected by damage from each volcanic eruption, allowing researchers to quantify the scale of destruction and analyze the relationship between eruption magnitude and impact extent."
75ffc0d0_01_01_14,"This column contains detailed descriptions of the damage caused by each volcanic eruption, allowing researchers to analyze the types and extent of destruction associated with different events."
75ffc0d0_01_01_15,"This column contains the number of fatalities recorded as a result of each volcanic eruption, allowing researchers to analyze the impact of eruptions on human populations and assess the severity of volcanic hazards."
75ffc0d0_01_01_16,"This column contains the number of people who died as a result of each volcanic eruption, allowing researchers to analyze the impact of volcanic activity on human populations."
75ffc0d0_01_01_17,"This column contains detailed descriptions of the number of fatalities resulting from each volcanic eruption, allowing researchers to analyze the impact of eruptions on human populations and assess associated risk factors."
75ffc0d0_01_01_18,"This column contains the number of injuries reported as a result of each volcanic eruption, allowing researchers to analyze the impact of eruptions on human populations and assess risk factors."
75ffc0d0_01_01_19,"This column contains the number of injuries reported as a result of each volcanic eruption, allowing researchers to analyze the correlation between eruption severity and human impact."
75ffc0d0_01_01_20,"This column contains the number of injuries reported during each volcanic eruption, allowing researchers to analyze the relationship between eruption severity and the resulting human impact."
75ffc0d0_01_01_21,"This column indicates whether location data is present for each volcanic eruption, allowing researchers to analyze the distribution and frequency of eruptions across historical records."
75ffc0d0_01_01_22,"This column indicates whether the eruption occurred in a mountainous area, providing valuable context for understanding the geological and environmental factors associated with volcanic activity."
75ffc0d0_01_01_23,"This column indicates whether the eruption location's detailed description is missing, allowing researchers to identify gaps in the dataset and prioritize filling them for a more complete understanding of volcanic events."
75ffc0d0_01_01_24,"This column contains a textual description of the residential characteristics surrounding each volcanic eruption location, allowing researchers to analyze the impact of eruptions on human settlements and assess vulnerability."
75ffc0d0_01_01_25,"This column represents the number of residential buildings located within a specified radius of each volcanic eruption site, allowing researchers to investigate the potential impact of volcanic activity on population density."
75ffc0d0_01_01_26,"This column contains the number of houses within one degree of latitude and longitude from a recorded volcanic eruption location, allowing researchers to analyze the vulnerability of populated areas to volcanic hazards."
75ffc0d0_01_01_27,"This column indicates the severity of damage caused by volcanic eruptions, with a value of 'Damage M 1' representing minor damage and allowing researchers to quantify the impact of eruptions across different locations."
75ffc0d0_01_01_28,"This column contains the severity of damage caused by a volcanic eruption, allowing researchers to quantify the impact of different events and identify regions most vulnerable to future eruptions."
75ffc0d0_01_01_29,"This column contains the total assessed damage caused by each volcanic eruption, allowing researchers to quantify the impact of eruptions and compare the severity of different events."
75ffc0d0_01_01_30,"This column contains the total number of fatalities recorded for each volcanic eruption, allowing researchers to analyze the devastating impact of eruptions on human populations."
75ffc0d0_01_01_31,"This column contains the number of fatalities directly attributed to a volcanic eruption, allowing researchers to quantify the impact of eruptions on human populations and assess risk factors."
75ffc0d0_01_01_32,"This column contains the number of fatalities recorded within one year following each volcanic eruption, allowing researchers to analyze the immediate human impact of volcanic events."
75ffc0d0_01_01_33,"This column contains the total number of injuries recorded as a result of each volcanic eruption, allowing researchers to analyze the impact of eruptions on human populations."
75ffc0d0_01_01_34,"This column contains the number of injuries reported as a result of each volcanic eruption, allowing researchers to analyze the correlation between eruption severity and human impact."
75ffc0d0_01_01_35,"This column contains the number of injuries reported as a result of each volcanic eruption, allowing researchers to analyze the relationship between eruption severity and human impact."
75ffc0d0_01_01_36,"This column indicates whether the year of the volcanic eruption is known or missing for each event in the dataset, allowing researchers to analyze the completeness of the eruption records and identify potential gaps in historical data."
75ffc0d0_01_01_37,"This column indicates whether the location of a volcanic eruption is known or missing from the dataset, allowing researchers to identify gaps in historical eruption data and prioritize further investigation."
75ffc0d0_01_01_38,"This column contains the latitude and longitude coordinates of the locations where significant volcanic eruptions have occurred, allowing researchers to analyze eruption patterns and distributions geographically."
75ffc0d0_01_01_39,"This column contains the number of houses located within a specific distance of significant volcanic eruption locations, allowing researchers to analyze the vulnerability of populations to volcanic hazards."
75ffc0d0_01_01_40,"This column contains the distance in kilometers from the center of the most significant volcanic eruption to the nearest houses, allowing researchers to analyze the vulnerability of residential areas to volcanic hazards."
75ffc0d0_01_01_41,"This column represents the total number of houses located within a specified radius of each volcanic eruption site, and researchers could use this data to investigate the relationship between volcanic activity and population density."
75ffc0d0_01_01_42,"This column indicates whether a volcanic eruption was historically significant, allowing users to filter and analyze data based on the importance of past eruptions."
75ffc0d0_01_01_43,"This column indicates whether the eruption location data is considered reliable and accurate, allowing users to filter and prioritize eruption records based on their trustworthiness."
75ffc0d0_01_01_44,"This column contains the numerical magnitude of the volcanic eruption, allowing users to analyze eruption intensity and compare the scale of different events."
75ffc0d0_01_01_45,"This column contains the names of significant volcanic eruption locations, allowing users to identify and research specific events based on their geographical location."
75ffc0d0_01_01_46,"This column contains the geographical locations of historically significant volcanic eruptions, allowing users to analyze eruption patterns, assess risks, or study the impact of volcanic events across different regions."
75ffc0d0_01_01_47,"This column contains the geographical coordinates of each volcanic eruption, allowing users to map the locations and analyze patterns based on latitude."
75ffc0d0_01_01_48,"This column contains the east-west coordinates of each volcanic eruption location, allowing users to map eruptions geographically and analyze their distribution across the globe."
75ffc0d0_01_01_49,"This column contains the vertical height of each volcano's location, allowing researchers to analyze eruption patterns in relation to terrain and potentially understand the influence of elevation on volcanic activity."
75ffc0d0_01_01_50,"This column describes the physical shape and features of the volcano, allowing researchers to analyze eruption styles and understand the geological processes involved in each eruption."
75ffc0d0_01_01_51,"This column indicates whether a volcanic eruption has occurred at a given location, allowing users to analyze the frequency and distribution of past eruptions for hazard assessment and research."
75ffc0d0_01_01_52,"This column contains the date and time when each volcanic eruption occurred, allowing researchers to analyze eruption patterns over time and investigate relationships between eruptions and other historical events."
75ffc0d0_01_01_53,"This column contains a unique numerical identifier for each volcanic eruption location, allowing users to reference and track specific events within the dataset."
75ffc0d0_01_01_54,"This column contains the names of the countries where significant volcanic eruptions have occurred, allowing users to analyze eruption patterns and distributions geographically."
75ffc0d0_01_01_55,"This column represents the number of pyroclastic flow slides observed at each volcanic eruption location, allowing researchers to analyze the extent of mass wasting triggered by these events."
75ffc0d0_01_01_56,"This column contains a unique identifier for each significant volcanic eruption, allowing researchers to track and categorize eruptions based on their specific identification."
75ffc0d0_01_01_57,"This column contains unique identifiers for each volcanic eruption recorded in the dataset, allowing researchers to track and analyze individual events across different eruptions and locations."
75ffc0d0_01_01_58,"This column indicates whether a volcanic eruption was associated with a hazardous event, such as ashfall or pyroclastic flows, allowing researchers to analyze the frequency and impact of these events across different locations."
75ffc0d0_01_01_59,"This column contains a unique numerical identifier for each volcanic eruption location in the dataset, allowing users to reference and track specific entries for further analysis or investigation."
d6d9af88_01_01_01,"This column contains a unique numerical identifier for each storm track record, allowing users to link and reference specific tracks within the dataset for detailed analysis or retrieval."
d6d9af88_01_01_03,"This column contains a unique numerical identifier for each tropical storm track record, allowing users to reference and distinguish individual tracks within the dataset."
d6d9af88_01_01_04,"This column contains the names of individual tropical storms, allowing users to track their historical paths and analyze storm behavior over time."
d6d9af88_01_01_05,"This column contains the segmented track of a tropical storm, allowing users to analyze the storm’s path and evolution over time for forecasting and impact assessment."
d6d9af88_01_01_06,"This column contains the longitudinal position of the storm’s center during each segment of its track, allowing users to analyze the storm’s movement and evolution over time."
d6d9af88_01_01_07,"This column contains the segmented track of a tropical storm, representing its path over time, and is used to analyze storm movement, intensity changes, and overall storm behavior."
d6d9af88_01_01_08,"This column contains the segmented track of a tropical storm, representing its path over time, and is used to analyze storm movement, intensity changes, and overall storm behavior."
d6d9af88_01_01_09,"This column contains the final, refined track segment of a tropical storm, allowing users to analyze storm movement and intensity over time for research or forecasting purposes."
d6d9af88_01_01_10,"This column contains the 5-segment track of a tropical storm, allowing users to analyze its movement and evolution over time to understand storm behavior and predict future paths."
d6d9af88_01_01_11,"This column contains the segmented track of a tropical storm, representing its path over time, and is used to analyze storm movement, intensity changes, and overall storm behavior."
d6d9af88_01_01_12,"This column contains the numerical order in which tropical storms were categorized during their respective events, allowing users to analyze storm intensity rankings over time."
d6d9af88_01_01_13,"This column contains the unique serial number assigned to each tropical storm, allowing users to track the historical paths and characteristics of individual storms over time."
d6d9af88_01_01_14,"This column indicates the ocean basin where a tropical storm originated or tracked, allowing users to analyze storm patterns and frequency across different oceanic regions."
d6d9af88_01_01_15,"This column contains the length of the storm’s shape, allowing users to analyze the spatial extent and size of tropical storm tracks over time."
04d869b6_01_01_01,"This column contains a unique identifier for each property within the dataset, allowing users to link and reference specific properties across different tables and systems."
04d869b6_01_01_03,"This column holds a unique numerical identifier for each property within the dataset, allowing users to track and reference specific properties across different records and analyses."
04d869b6_01_01_04,"This column contains information about the type of former dwelling present at a property location, allowing analysts to assess the potential impact of past land use on current property values and risk assessments."
04d869b6_01_01_05,"The column holds a unique identifier for each property within the risk management system, allowing users to track and manage specific assets and their associated risk factors."
04d869b6_01_01_06,"This column contains detailed property characteristics, such as construction materials, roof type, and lot size, allowing users to assess a property’s risk profile and potential vulnerabilities."
04d869b6_01_01_08,"This column contains detailed metadata about the property’s SDS (Safety Data Sheet) information, allowing users to track and manage SDS compliance and associated risks for each property."
04d869b6_01_01_09,"This column stores a foreign key referencing a media identifier table, allowing users to link property data to associated media assets like images or videos."
923b9809_01_01_01,"This column contains a unique, persistent identifier for each facility within the National Shelter System, allowing users to reliably track and reference specific locations within the dataset."
923b9809_01_01_03,"This column contains a unique numerical identifier for each facility within the National Shelter System, allowing users to track and reference specific shelters within the dataset."
923b9809_01_01_04,"This column contains a unique identifier for each shelter facility, allowing users to track, analyze, and manage information related to specific shelters within the National Shelter System."
923b9809_01_01_05,"This column contains the names of various shelters within the National Shelter System, allowing users to identify and locate specific facilities for research, analysis, or outreach purposes."
923b9809_01_01_06,"This column contains the city where each shelter facility is located, allowing users to analyze shelter distribution and identify concentrations of services across different urban areas."
923b9809_01_01_07,"This column contains the county and parish designation for each shelter facility, allowing users to analyze shelter locations by geographic area and identify concentrations of services within specific counties and parishes."
923b9809_01_01_08,"This column contains the unique five-digit FIPS code for each facility, allowing users to identify and locate specific shelters within the United States for analysis or mapping purposes."
923b9809_01_01_09,"This column contains the state in which each shelter facility is located, allowing users to analyze shelter distribution and identify concentrations of facilities by region."
923b9809_01_01_10,"This column contains the five-digit zip code for each shelter facility, allowing users to geographically locate shelters and analyze their distribution across the United States."
923b9809_01_01_11,"This column contains the mailing address for each shelter facility, which can be used to send correspondence, track location, or verify contact information."
923b9809_01_01_12,"This column contains the mailing address for each shelter facility, allowing users to target outreach efforts and track communication with shelters."
923b9809_01_01_13,"This column contains the primary mailing address for each shelter facility, allowing users to identify the location for sending correspondence or tracking deliveries."
923b9809_01_01_14,This column contains the unique Census Block Identification Number (CI) used to identify the specific geographic location of each shelter facility for mailing purposes.
923b9809_01_01_15,"This column contains the name of the mail carrier or postal service responsible for delivering mail to the shelter facility, allowing users to track mail delivery and potentially identify local postal service contacts."
923b9809_01_01_16,"This column contains the street address for the facility, allowing users to locate the shelter based on its physical location."
923b9809_01_01_17,"This column contains the mailing zip code for each shelter facility, allowing users to analyze shelter locations based on postal delivery zones."
923b9809_01_01_18,"This column contains the unique identifier for each shelter facility within the National Shelter System, allowing users to track and analyze specific shelter locations and their associated data."
923b9809_01_01_19,"This column indicates whether a shelter facility was utilized during a documented evacuation event, allowing users to analyze shelter capacity and effectiveness during emergency responses."
923b9809_01_01_20,"This column contains the impact level assigned to each shelter facility, allowing users to analyze shelter capacity and resource allocation based on the severity of potential disasters."
923b9809_01_01_21,"This column indicates whether the shelter facility meets accessibility standards under the Americans with Disabilities Act, allowing users to identify accessible housing options."
923b9809_01_01_22,"This column indicates whether each shelter facility has accessible features for individuals using wheelchairs, allowing users to assess the accessibility of shelters for those with mobility impairments."
923b9809_01_01_23,"This column indicates whether a shelter facility offers accommodation for pets, allowing users to identify shelters with pet-friendly services."
923b9809_01_01_24,"This column indicates whether the shelter facility allows pets in accommodations, providing valuable information for potential clients seeking pet-friendly housing options."
923b9809_01_01_25,"This column indicates whether the shelter facility possesses a generator for backup power, allowing users to identify shelters with this critical resource."
923b9809_01_01_26,"This column indicates whether each shelter facility has its own independent source of power, water, and waste disposal, allowing users to identify shelters with greater self-reliance and operational independence."
923b9809_01_01_27,"This column contains the geographical coordinates of each shelter facility, allowing users to map locations, analyze spatial distributions, and determine proximity to specific areas."
923b9809_01_01_28,"This column contains the geographical longitude coordinates of each shelter facility, allowing users to map locations, calculate distances, and analyze spatial distribution patterns."
923b9809_01_01_29,"This column indicates whether each shelter facility is designed to withstand a 100-year flood event, allowing users to identify shelters with enhanced flood resilience for risk assessments or disaster preparedness planning."
923b9809_01_01_30,"This column indicates whether each shelter facility is designed to withstand a 500-year flood event, allowing users to identify shelters with enhanced flood resilience for disaster preparedness and risk assessment."
923b9809_01_01_32,"This column indicates whether the shelter facility utilizes landfill space for waste disposal, allowing researchers to analyze shelter characteristics and their environmental practices."
923b9809_01_01_33,"This column contains the name of the shelter company responsible for operating the facility, which can be used to identify the organization managing a specific shelter location."
923b9809_01_01_34,"This column contains the name of the organization responsible for operating the shelter facility, allowing users to identify the administering entity for each shelter."
923b9809_01_01_35,"This column contains the name of the primary organization responsible for operating the shelter facility, allowing users to identify the administering entity for each shelter."
923b9809_01_01_37,"This column contains the fax numbers of organizations associated with the National Shelter System, and it could be used to contact those organizations for information or communication."
923b9809_01_01_38,"This column contains the email addresses of the organizations operating the national shelter system facilities, allowing users to contact and potentially collaborate with these support providers."
923b9809_01_01_39,"This column contains the phone number or contact information for the organization providing the shelter, allowing users to directly connect with the shelter for assistance."
923b9809_01_01_40,"This column contains free-text descriptions of other organizations involved in the shelter system, allowing users to investigate the network of support and identify key partners beyond the primary shelter operators."
923b9809_01_01_41,"This column contains the physical address of each shelter facility within the National Shelter System, allowing users to locate and map shelter locations for various purposes like outreach, service delivery, or research."
923b9809_01_01_42,"This column contains the city where each shelter facility is located, allowing users to analyze shelter distribution by geographic area and identify concentrations of services."
923b9809_01_01_43,"This column indicates the state where each shelter facility is located, allowing users to filter and analyze shelter distribution across the United States."
923b9809_01_01_44,"This column contains the five-digit zip code associated with each shelter organization, allowing users to geographically analyze shelter locations and identify patterns in their distribution."
923b9809_01_01_49,"This column represents the total number of hours per week that an organization operates its shelter facility, allowing users to assess the level of service availability and potential capacity."
923b9809_01_01_50,"This column contains the total number of people housed within each shelter facility, allowing users to analyze shelter capacity and assess population needs."
923b9809_01_01_51,"This column contains a unique identifier for each reported incident at a shelter within the National Shelter System, allowing users to track and analyze the frequency and nature of events occurring at these facilities."
923b9809_01_01_52,"This column contains the street address of each shelter facility, allowing users to locate shelters geographically and analyze their distribution."
923b9809_01_01_53,"This column indicates whether a shelter facility is currently operational, allowing users to identify active shelters for analysis or outreach efforts."
923b9809_01_01_54,"This column contains a numerical code representing the type and size of the shelter facility, allowing users to categorize and analyze shelter offerings based on their operational characteristics."
923b9809_01_01_55,"This column indicates the type of reporting method used for each shelter facility, allowing users to filter or analyze data based on how information was collected."
923b9809_01_01_56,"This column contains the general purpose of each shelter facility, allowing users to categorize and filter shelters based on their intended function, such as providing temporary housing or specialized services."
923b9809_01_01_57,"This column contains a textual description of the medical services available at each shelter facility, allowing users to assess the level of healthcare support offered."
923b9809_01_01_58,"This column contains the number of individuals residing in shelter facilities who are not part of the primary homeless population, allowing users to analyze the broader population served by these shelters."
923b9809_01_01_59,"This column contains the primary purpose of the shelter facility, allowing users to categorize shelters based on their core function, such as providing temporary housing, substance abuse treatment, or mental health services."
923b9809_01_01_60,"This column contains the total population housed within each shelter facility, allowing users to analyze shelter capacity and assess the number of individuals receiving services."
923b9809_01_01_61,"This column contains the number of pets residing within each shelter facility, allowing users to analyze shelter capacity and the needs of animals housed within the National Shelter System."
923b9809_01_01_62,"This column contains numerical codes representing the type and severity of incidents that occurred at each shelter facility, allowing users to analyze patterns in safety and security events within the National Shelter System."
923b9809_01_01_63,"This column contains details about any incidents that occurred at a shelter facility, allowing users to analyze patterns of safety concerns, security breaches, or other noteworthy events within the national shelter system."
923b9809_01_01_64,"This column contains descriptions of incidents occurring at National Shelter System facilities, allowing users to analyze patterns of events and assess safety protocols."
923b9809_01_01_65,"This column contains a numerical rating representing the quality and condition of each shelter facility, allowing users to prioritize facilities based on their assessed performance."
923b9809_01_01_66,"This column indicates the current operational state of each shelter facility, allowing users to filter and analyze data based on whether a shelter is open, closed, or in another status."
923b9809_01_01_67,"This column indicates the type of match found between a shelter facility and a specific need or request, such as a homeless individual, family, or specific service requirement, allowing users to filter and analyze shelter data based on these matches."
923b9809_01_01_68,"This column contains the names of the locations where shelters within the National Shelter System are situated, allowing users to identify shelter locations for outreach, mapping, or resource allocation purposes."
923b9809_01_01_69,"This column contains latitude and longitude coordinates for each shelter facility, allowing users to map and analyze shelter locations across the United States."
923b9809_01_01_70,"This column contains geographic information about each shelter facility, allowing users to identify locations and analyze shelter distribution across different regions."
923b9809_01_01_71,"This column contains the type of shelter facility, allowing users to categorize and analyze the different types of housing options within the National Shelter System."
923b9809_01_01_72,"This column contains the specific name of a shelter facility within the National Shelter System, allowing users to identify and locate individual shelters for analysis or outreach purposes."
923b9809_01_01_73,"This column indicates the source of the information for each shelter facility, allowing users to assess the reliability and potential biases of the data."
923b9809_01_01_74,"This column contains the primary street address of each shelter facility, allowing users to locate and map the physical locations of shelters within the National Shelter System."
add14af5_01_01_01,"This column contains a unique numerical identifier for each college entry in the dataset, allowing users to track and reference specific institutions within the collection."
add14af5_01_01_02,"This column contains a unique identifier for each college in the dataset, allowing users to track and differentiate individual institutions for analysis or reporting."
add14af5_01_01_03,"This column contains a unique identifier for each college in the IPEDS database, allowing users to link and analyze data for specific institutions."
add14af5_01_01_04,"This column contains the names of the supplemental colleges, and users would utilize it to identify and differentiate between various institutions for application purposes."
add14af5_01_01_05,"This column contains the physical street addresses of the supplemental colleges, which can be used for mapping, locating campuses, and calculating distances."
add14af5_01_01_06,"This column contains the city where each supplemental college is located, allowing users to filter and analyze colleges by their geographic location."
add14af5_01_01_07,"This column contains the state where each supplemental college is located, allowing users to filter and analyze colleges by geographic region."
add14af5_01_01_08,"This column contains the five-digit zip code for each college, allowing users to analyze college locations and potentially identify institutions within specific geographic areas."
add14af5_01_01_09,"This column contains a four-digit zip code, which can be used to pinpoint the precise location of a college campus for mapping, analysis, or delivery purposes."
add14af5_01_01_10,"This column contains the phone numbers of the supplemental colleges, which can be used to contact the institutions directly."
add14af5_01_01_11,"This column indicates the type of institution, allowing users to filter and analyze the dataset based on whether the college is a general college, community college, or technical college."
add14af5_01_01_12,"This column indicates whether a college is currently operating, closed, or permanently shut down, allowing users to analyze the stability and viability of institutions within the dataset."
add14af5_01_01_13,"This column contains the total number of people living in each college, allowing users to analyze population density, enrollment rates, or compare the size of different institutions."
add14af5_01_01_14,"This column contains the county in which each supplemental college is located, allowing users to analyze college distribution and identify institutions within specific regions."
add14af5_01_01_15,"This column contains unique five-digit codes identifying each U.S. county, allowing users to analyze and group supplemental colleges by their geographic location."
add14af5_01_01_16,"This column contains the country where each supplemental college is located, allowing users to filter and analyze institutions by geographic region."
add14af5_01_01_17,"This column contains the geographical coordinates of each college, allowing users to visualize their locations on a map and analyze spatial patterns in the dataset."
add14af5_01_01_18,"This column contains the geographical longitude coordinates for each college, allowing users to map their locations and analyze spatial distributions."
add14af5_01_01_19,"This column contains the North American Industry Classification System code for each college, allowing users to categorize and analyze institutions based on their primary business activities."
add14af5_01_01_20,"This column contains detailed North American Industry Classification System descriptions, allowing users to categorize colleges based on their primary fields of study and business activities."
add14af5_01_01_21,"This column indicates how the student was initially identified as a prospective applicant, allowing users to analyze recruitment channels and their effectiveness in attracting students."
add14af5_01_01_22,"This column contains the date when the college's information was originally sourced, allowing users to track the age and reliability of the data."
add14af5_01_01_23,"This column contains the evaluation method used during the model training process, allowing users to analyze the effectiveness of different validation strategies."
add14af5_01_01_24,"This column contains the date on which a college's valuation was performed, allowing users to analyze trends in college valuations over time."
add14af5_01_01_25,"This column contains the URL of each supplemental college, allowing users to easily access and explore the institution's website for more information."
add14af5_01_01_26,"This column contains the total number of students enrolled at each college, allowing users to analyze enrollment trends and compare college sizes."
add14af5_01_01_27,"This column contains the total number of employees at each college, allowing users to analyze staffing levels and compare institutional size."
add14af5_01_01_28,"This column contains a unique identifier for each shelter within the dataset, allowing users to track and analyze individual shelters' characteristics and performance."
9b4f9e58_01_01_01,"This column contains a unique numerical identifier for each mobile home unit within the dataset, allowing users to track and reference individual properties for analysis or record management."
9b4f9e58_01_01_02,"This column contains a unique identifier for each mobile home park, allowing analysts to track and compare specific properties within the dataset."
9b4f9e58_01_01_03,"This column contains the names of individual mobile home parks, allowing users to identify and locate specific properties within the dataset."
9b4f9e58_01_01_04,"This column contains the physical location of each mobile home park, and someone would use it to map park locations, analyze geographic trends, or determine proximity to amenities."
9b4f9e58_01_01_05,"This column contains the name of the city where the mobile home park is located, allowing users to analyze park distribution and trends across different geographic areas."
9b4f9e58_01_01_06,"This column contains the state where the mobile home park is located, allowing users to analyze park distribution and trends across different regions."
9b4f9e58_01_01_07,"This column contains the postal zip code for each mobile home park, allowing users to analyze property locations and identify areas with high concentrations of these residences."
9b4f9e58_01_01_08,"This column contains a five-digit zip code, allowing analysts to pinpoint the precise location of mobile home parks for demographic analysis, market segmentation, and spatial modeling."
9b4f9e58_01_01_09,"This column contains the phone numbers associated with each mobile home park, allowing users to contact the property management or potential residents."
9b4f9e58_01_01_10,"This column indicates the specific type of residential property, allowing users to categorize mobile home parks based on their characteristics and target market."
9b4f9e58_01_01_11,"This column indicates whether a mobile home park is currently occupied, vacant, or under development, allowing analysts to assess market demand and investment opportunities."
9b4f9e58_01_01_12,"This column contains the county in which the mobile home park is located, allowing users to analyze park distribution and trends across different geographic regions."
9b4f9e58_01_01_13,"This column contains unique numerical codes identifying each county in the United States, allowing users to analyze mobile home park data geographically by county."
9b4f9e58_01_01_14,"This column contains the nation where the mobile home park is located, allowing analysts to investigate regional trends in property values, occupancy rates, or demographic characteristics."
9b4f9e58_01_01_15,"This column contains the geographic coordinates of each mobile home park, allowing users to map their locations and analyze spatial relationships with other data."
9b4f9e58_01_01_16,"This column contains the east-west position of each mobile home park, allowing users to map their locations and analyze spatial relationships with other data."
9b4f9e58_01_01_17,"This column contains the North American Industry Classification System (NAICS) code for each mobile home park, allowing analysts to categorize and compare parks based on their primary business activities."
9b4f9e58_01_01_18,"This column contains the North American Industry Classification System description for each mobile home park, allowing users to categorize and analyze parks based on their specific business activities."
9b4f9e58_01_01_19,"This column indicates the origin of the data, allowing analysts to assess data quality, identify potential biases, and understand the context of each record."
9b4f9e58_01_01_20,"This column contains the date the mobile home park listing was originally sourced, allowing analysts to track listing age and identify trends in new listings over time."
9b4f9e58_01_01_21,"This column indicates the specific valuation method employed when assessing the properties within the mobile home park dataset, allowing analysts to understand how each property was initially assessed."
9b4f9e58_01_01_22,"This column stores the date when the property's valuation was recorded, allowing analysts to track changes in value over time and identify trends in mobile home park pricing."
9b4f9e58_01_01_23,"This column contains the URL of the mobile home park's website, which a user could utilize to gather information about available units, amenities, pricing, and management contact details."
9b4f9e58_01_01_24,"This column contains the number of rental units within each mobile home park, allowing analysts to assess occupancy rates, potential revenue, and the overall size of the property."
9b4f9e58_01_01_25,"This column contains the square footage of each mobile home, allowing users to analyze property size and potentially determine rental costs or assess suitability for different families."
9b4f9e58_01_01_26,"This column indicates whether a mobile home park is subject to specific geographic regulations, allowing analysts to segment data and understand the impact of localized zoning or environmental restrictions on property values and revenue."
f3e4e6e5_01_01_01,"This column contains a unique numerical identifier for each biodiesel plant in the dataset, allowing users to track and reference specific plants within the analysis."
f3e4e6e5_01_01_02,"This column contains the biodiesel production data, allowing users to analyze and understand the output of biodiesel plants to optimize production processes or assess plant performance."
f3e4e6e5_01_01_03,"This column contains the names of the biodiesel plants included in the dataset, allowing users to identify and analyze specific facilities based on their unique identifiers."
f3e4e6e5_01_01_04,"This column contains the physical location of each biodiesel plant, which can be used to analyze geographic distribution, identify regional production hubs, or determine proximity to feedstock sources."
f3e4e6e5_01_01_05,"The column contains supplemental address information, allowing users to refine location searches and analyze plant distribution patterns within a broader geographic area."
f3e4e6e5_01_01_06,"This column contains the location of each biodiesel plant, and users could leverage this information to analyze production trends by region or assess the geographic distribution of the industry."
f3e4e6e5_01_01_07,"This column contains the state where each biodiesel plant is located, allowing users to analyze production trends and concentrations geographically."
f3e4e6e5_01_01_08,"This column contains the postal zip code for each biodiesel plant, which can be used to analyze plant locations, regional distribution, and potential market areas."
f3e4e6e5_01_01_09,"This column contains the five-digit zip code block for the biodiesel plant's location, allowing analysts to geographically analyze production and distribution patterns."
f3e4e6e5_01_01_10,"This column contains contact telephone numbers for biodiesel plants, which could be used to facilitate communication, gather information, or assess the operational status of these facilities."
f3e4e6e5_01_01_11,"This column indicates the specific type of biodiesel plant, allowing users to analyze and compare production methods and their associated characteristics."
f3e4e6e5_01_01_12,"This column indicates the operational state of each biodiesel plant, allowing users to analyze production trends, identify potential issues, or assess the overall health of the biodiesel industry."
f3e4e6e5_01_01_13,"This column contains the total number of people residing in each biodiesel plant, allowing users to analyze the impact of plant size on production and efficiency."
f3e4e6e5_01_01_14,"This column contains the county in which each biodiesel plant is located, allowing users to analyze production trends and concentrations geographically."
f3e4e6e5_01_01_15,"This column contains unique numerical codes identifying each county in the United States, allowing users to analyze biodiesel plant locations and their distribution across different geographic regions."
f3e4e6e5_01_01_16,"This column contains the nation where the biodiesel plant is located, allowing users to analyze production trends and distribution patterns by geographic region."
f3e4e6e5_01_01_17,"This column contains the geographical coordinates of each biodiesel plant, allowing users to analyze their distribution and potential impact based on location."
f3e4e6e5_01_01_18,"This column contains the geographical coordinates of each biodiesel plant, allowing users to map their locations and analyze distribution patterns."
f3e4e6e5_01_01_19,"This column contains the North American Industry Classification System (NAICS) code for each biodiesel plant, allowing users to categorize and analyze the industry based on specific production processes and product types."
f3e4e6e5_01_01_20,"This column contains detailed North American Industry Classification System descriptions of the biodiesel plants, allowing users to categorize and analyze them based on their specific production processes and related industries."
f3e4e6e5_01_01_21,"This column contains information about the origin of the biodiesel feedstock, allowing users to analyze production based on the type of plant or agricultural source utilized."
f3e4e6e5_01_01_22,"The `sourcedate` column contains the date when the feedstock was initially sourced for the biodiesel plant, allowing users to analyze production timelines and understand the origin of raw materials."
f3e4e6e5_01_01_23,"This column contains the specific method used for evaluating the biodiesel production process, allowing researchers to compare and analyze the performance of different validation techniques."
f3e4e6e5_01_01_24,"This column contains the date on which the biodiesel plant's performance was evaluated, allowing users to analyze trends and correlations between production metrics and specific time periods."
f3e4e6e5_01_01_25,"This column contains the web addresses of biodiesel plants, allowing users to investigate their operations and gather information about their production processes."
f3e4e6e5_01_01_26,"This column contains the names of the individuals or companies that operate each biodiesel plant, allowing users to analyze production based on ownership structures and potential market influences."
f3e4e6e5_01_01_27,"This column indicates the spatial relationship between a biodiesel plant and its surrounding features, such as roads, rivers, or other facilities, allowing analysts to assess the plant's location context and potential impacts."
f3e4e6e5_01_01_28,"The column contains the operational size of each biodiesel plant, allowing users to analyze production scale and potentially correlate it with other factors like feedstock availability or energy output."
f3e4e6e5_01_01_29,"This column contains the projected future capacity of a biodiesel plant, allowing analysts to assess potential growth and investment opportunities."
f3e4e6e5_01_01_30,"This column contains the type of raw material used as input for the biodiesel production process, allowing users to analyze the impact of different feedstocks on yield, cost, and overall plant performance."
f3e4e6e5_01_01_31,"This column contains the measured biodiesel quality metric, specifically the percentage of biodiesel that meets the ASTM D6751 standard at 90°C, allowing users to assess the performance and suitability of the produced fuel."
0adc1f21_01_01_01,"This column contains a unique numerical identifier for each processing plant in the dataset, allowing users to easily reference and distinguish individual plants for analysis or tracking."
0adc1f21_01_01_02,"This column contains a unique identifier for each natural gas processing plant, allowing users to track and analyze specific plants within the dataset."
0adc1f21_01_01_03,"This column contains the unique identifier and descriptive name of each natural gas processing plant, allowing users to easily locate and differentiate between individual facilities within the dataset."
0adc1f21_01_01_04,"This column contains the physical location of each natural gas processing plant, allowing users to map, analyze spatial distributions, and potentially identify clusters or regional concentrations of processing facilities."
0adc1f21_01_01_05,"This column contains the location of the natural gas processing plant, allowing users to analyze processing activity by geographic area or identify plants within specific cities."
0adc1f21_01_01_06,"This column contains the state in which the natural gas processing plant is located, allowing users to analyze production trends by geographic region."
0adc1f21_01_01_07,"This column contains the postal code for each processing plant, allowing users to geographically analyze plant locations and potentially identify clusters or regional trends."
0adc1f21_01_01_08,"This column contains a five-digit zip code segment, which can be used to pinpoint the precise geographic location of a natural gas processing plant for mapping, analysis, and operational efficiency purposes."
0adc1f21_01_01_09,"This column contains the phone numbers of natural gas processing plants, allowing users to contact them for inquiries, technical support, or operational communication."
0adc1f21_01_01_10,"This column indicates the specific operational category of the natural gas processing plant, allowing users to categorize and analyze plants based on their primary processing activities."
0adc1f21_01_01_11,"This column indicates the operational state of the natural gas processing plant, allowing users to analyze plant uptime, identify potential issues, and track maintenance schedules."
0adc1f21_01_01_12,"This column contains the total population residing near the natural gas processing plant, and it would be used to assess the potential impact of the plant’s operations on local communities."
0adc1f21_01_01_13,"This column contains the name of the county where the natural gas processing plant is located, allowing users to analyze plant distribution and concentration across different geographic regions."
0adc1f21_01_01_14,"This column contains unique five-digit codes identifying each county in the United States, allowing users to analyze natural gas processing plant locations by geographic region."
0adc1f21_01_01_15,"This column contains the nation where the natural gas processing plant is located, allowing users to analyze processing activity by geographic region."
0adc1f21_01_01_16,"This column contains the plant's geographical location expressed as degrees, allowing users to visualize plant distribution on a map and analyze spatial relationships between processing facilities."
0adc1f21_01_01_17,"This column contains the plant's geographical position on Earth, allowing users to map processing facilities and analyze their spatial distribution."
0adc1f21_01_01_18,"This column contains the North American Industry Classification System (NAICS) code for each natural gas processing plant, allowing users to categorize and analyze plants based on their specific operations and industry segment."
0adc1f21_01_01_19,"This column contains detailed North American Industry Classification System descriptions of the processing plants, allowing users to categorize and analyze them based on their specific operations and industry focus."
0adc1f21_01_01_20,"This column contains the origin of the natural gas, allowing users to analyze production volumes and identify key sources contributing to the overall supply."
0adc1f21_01_01_21,"This column contains the date each natural gas processing plant sourced its gas, allowing users to analyze production trends over time and understand the origin of the supply."
0adc1f21_01_01_22,"This column contains the method used to determine the plant's value, allowing users to analyze and compare processing techniques across different facilities."
0adc1f21_01_01_23,"This column contains the date of each measurement, allowing users to analyze trends and patterns in gas processing plant performance over time."
0adc1f21_01_01_24,"This column contains the URL of the natural gas processing plant's website, allowing users to access information about the facility's operations, location, and potentially its performance metrics."
0adc1f21_01_01_25,"This column contains unique identifiers for natural gas processing plants, allowing users to track and analyze data related to specific facilities within the dataset."
0adc1f21_01_01_26,"This column contains the names of the various processing units within a natural gas plant, allowing users to identify and analyze specific equipment or areas for performance monitoring and optimization."
0adc1f21_01_01_27,"This column indicates the relative position of a plant within a group of plants, allowing users to analyze spatial relationships and identify clusters or patterns based on proximity."
0adc1f21_01_01_28,"This column contains the name or identifier of the individual responsible for operating the natural gas processing plant, allowing users to analyze operational performance and identify key personnel involved in plant activities."
0adc1f21_01_01_29,"This column contains the physical address of the natural gas processing plant, allowing users to locate facilities and analyze their distribution networks."
0adc1f21_01_01_30,"This column contains a numerical value representing the operational status of the natural gas processing plant, allowing users to analyze plant performance and identify potential issues based on operational levels."
0adc1f21_01_01_31,"This column indicates the operational status of the natural gas processing plant, allowing users to analyze plant uptime, downtime, and overall operational efficiency."
0adc1f21_01_01_32,"This column contains the country where the natural gas processing plant is located, allowing users to analyze plant distribution and operations geographically."
0adc1f21_01_01_33,"This column contains the operational zip code for each processing plant, allowing users to analyze plant locations and their associated operational periods."
0adc1f21_01_01_34,"This column contains data from the Operphone system, a critical tool used to monitor and control various parameters within natural gas processing plants, allowing operators to adjust operations and ensure efficient production."
0adc1f21_01_01_35,"This column contains the operational status of the natural gas processing plant, allowing users to track whether a plant is running, shut down, or in a specific operational mode."
0adc1f21_01_01_36,"This column contains the processing capacity of a natural gas plant, allowing users to analyze plant throughput and compare production levels."
0adc1f21_01_01_37,"This column contains detailed process data for natural gas processing plants, allowing users to analyze plant performance, identify operational inefficiencies, and optimize production parameters."
0adc1f21_01_01_38,"This column contains the geographical region where the natural gas processing plant is located, allowing users to analyze production trends by basin and understand regional market dynamics."
0adc1f21_01_01_39,"This column contains the measured flow rate of natural gas processed at a plant, allowing users to analyze production volumes, identify potential bottlenecks, or monitor operational efficiency."
0adc1f21_01_01_40,"This column represents the total energy content in British thermal units (BTU) produced by the natural gas processing plant, allowing users to analyze and compare the volume of energy generated."
0adc1f21_01_01_41,"This column represents the total storage capacity of natural gas, allowing analysts to assess the available reserves and potential supply levels for a processing plant."
0adc1f21_01_01_42,"This column represents the maximum storage capacity of the natural gas processing plant, allowing users to assess the plant's ability to hold processed gas volumes."
0adc1f21_01_01_43,"This column contains a unique identifier for each natural gas processing plant, allowing users to track and analyze specific plants within the dataset."
0adc1f21_01_01_44,"This column contains the unique Environmental Protection Agency identification number for each processing plant, allowing users to identify and track specific facilities based on EPA regulations and reporting requirements."
0b19ebf6_01_01_01,"This column contains a unique numerical identifier for each natural gas storage facility, allowing users to easily reference and distinguish individual assets within the dataset."
0b19ebf6_01_01_02,"This column contains unique identifiers for natural gas storage facilities, allowing users to identify and track specific storage locations within the dataset."
0b19ebf6_01_01_03,"This column contains the unique identifier for each natural gas storage facility, allowing users to track and analyze the characteristics of individual storage locations."
0b19ebf6_01_01_04,"This column contains the physical location of the natural gas storage facility, allowing users to map, analyze, and understand the geographic distribution of storage capacity."
0b19ebf6_01_01_05,"This column contains the location of the natural gas storage facility, allowing users to analyze storage capacity and operations by geographic area."
0b19ebf6_01_01_06,"This column contains the names of the U.S. states where natural gas storage facilities are located, allowing users to analyze storage capacity and trends by geographic region."
0b19ebf6_01_01_07,"This column contains the postal zip code associated with the natural gas storage facility, allowing users to analyze storage capacity by geographic region."
0b19ebf6_01_01_08,"This column contains the four-digit zip code segment, which can be used to pinpoint the geographic location of the natural gas storage facility for mapping, analysis, and customer service purposes."
0b19ebf6_01_01_09,"This column contains the phone numbers associated with the natural gas storage facility, allowing users to contact the facility for inquiries, reporting issues, or coordinating operations."
0b19ebf6_01_01_10,"This column indicates the specific operational mode of the natural gas storage facility, such as injection, withdrawal, or balancing, allowing users to analyze storage trends and predict future supply levels."
0b19ebf6_01_01_11,"This column indicates the current operational state of the natural gas storage facility, allowing users to track whether it is operational, in maintenance, or offline."
0b19ebf6_01_01_12,"This column contains the total population residing near the natural gas storage facility, and it could be used to analyze the potential demand for natural gas based on residential consumption."
0b19ebf6_01_01_13,"This column contains the name of the county where the natural gas storage facility is located, allowing users to analyze storage capacity and trends by geographic region."
0b19ebf6_01_01_14,"This column contains unique five-digit codes identifying each U.S. county, allowing users to analyze natural gas storage facility data by geographic location."
0b19ebf6_01_01_15,"This column contains the nation where the natural gas storage facility is located, allowing users to analyze storage capacity and trends by geographic region."
0b19ebf6_01_01_16,"This column contains the geographical coordinates of the natural gas storage facility, allowing users to map its location and analyze its proximity to transportation networks or other relevant features."
0b19ebf6_01_01_17,"This column contains the geographical longitude coordinates of the natural gas storage facility, allowing users to map its location and analyze its proximity to transportation networks or other relevant features."
0b19ebf6_01_01_18,"This column contains the North American Industry Classification System code for the natural gas storage facility, allowing users to categorize and analyze the facility's industry sector."
0b19ebf6_01_01_19,"This column contains the North American Industry Classification System description for the natural gas storage facility, allowing users to categorize and analyze the facility based on its primary business activity."
0b19ebf6_01_01_20,"This column contains the origin of the natural gas, allowing users to analyze storage volumes based on where the gas was initially sourced from."
0b19ebf6_01_01_21,"This column contains the date on which natural gas was sourced, allowing users to track the timing of supply and analyze storage levels over time."
0b19ebf6_01_01_22,"This column indicates the specific method used to measure or determine the gas volume within the storage facility, allowing users to analyze and compare storage levels based on the chosen measurement technique."
0b19ebf6_01_01_23,"This column contains the date of each storage volume measurement, allowing users to analyze storage levels over time and identify trends in natural gas supply and demand."
0b19ebf6_01_01_24,"This column contains the URL of the natural gas storage facility's website, allowing users to access information about operations, capacity, and potentially real-time data."
0b19ebf6_01_01_25,"This column contains a unique identifier for each natural gas storage facility, allowing users to track and analyze the specific operations of individual facilities within the dataset."
0b19ebf6_01_01_26,"This column contains the name of the entity responsible for operating the natural gas storage facility, allowing users to analyze storage capacity by operator or investigate potential ownership structures."
0b19ebf6_01_01_27,"This column contains the name of the company or entity responsible for operating the natural gas storage facility, allowing users to analyze storage operations by operator and identify potential performance differences."
0b19ebf6_01_01_28,"This column indicates the spatial relationship between a given point (like a well or pipeline) and a feature of interest within the natural gas storage facility, such as the storage caverns themselves, allowing analysts to understand the connectivity and proximity of infrastructure."
0b19ebf6_01_01_29,"This column contains the percentage ownership of the natural gas storage facility, allowing analysts to assess investment stakes and potential control structures."
0b19ebf6_01_01_30,"This column represents the maximum daily volume of natural gas delivered to or withdrawn from the storage facility over a given period, allowing analysts to assess storage levels and predict future supply/demand dynamics."
0b19ebf6_01_01_31,"This column represents the maximum working capacity of the natural gas storage facility, allowing users to assess the total volume of gas the facility can hold at a given time."
0b19ebf6_01_01_32,"This column contains the daily volume of natural gas stored in the facility, allowing users to track storage levels and predict future supply and demand."
0b19ebf6_01_01_33,"This column represents the total storage capacity of the natural gas facility, allowing users to analyze the available volume for storage and assess potential supply needs."
0b19ebf6_01_01_34,"This column contains the geographical location of the natural gas storage facility, allowing users to analyze storage capacity and trends by region."
0b19ebf6_01_01_35,"This column represents the maximum storage capacity of the natural gas facility, allowing users to assess the potential volume of gas that can be held within the storage system."
0b19ebf6_01_01_36,"This column contains the calculated work rate associated with the gas storage facility's operations, allowing users to analyze the energy involved in injecting or withdrawing gas from the reservoir."
0b19ebf6_01_01_37,"This column represents the total volume of natural gas stored within the facility, allowing users to analyze storage levels and predict future supply based on current holdings."
0b19ebf6_01_01_38,"This column contains the names of individual natural gas storage reservoirs, allowing users to identify and analyze the specific locations where gas is stored."
0b19ebf6_01_01_39,"This column contains the North American Industry Classification System (NAICS) code for the type of business operating at the natural gas storage facility, allowing analysts to categorize and compare storage facilities based on their industry sector."
a2154895_01_01_01,"This column contains a unique identifier for each school record, allowing users to link and reference specific schools within the dataset for analysis or reporting."
a2154895_01_01_02,"This column contains unique identifiers assigned by the National Center for Education Statistics (NCES) to each participating school, allowing researchers to track and analyze data across different schools and educational studies."
a2154895_01_01_03,"This column contains the unique names of the private schools in the dataset, allowing users to identify and differentiate between each institution for analysis or reporting."
a2154895_01_01_04,"This column contains the physical location of each private school, and it would be used for mapping, locating schools on a geographic map, or analyzing school distribution patterns."
a2154895_01_01_05,"This column contains the location of each private school, allowing users to analyze school distribution by city or identify schools in specific geographic areas."
a2154895_01_01_06,"This column contains the state in which each private school is located, allowing users to analyze school distribution and trends across different regions."
a2154895_01_01_07,"This column contains postal codes, which can be used to analyze the geographic distribution of private schools and understand where they are located."
a2154895_01_01_08,"This column contains a five-digit zip code, allowing users to refine their analysis of private school locations and understand their geographic distribution."
a2154895_01_01_09,"This column contains the phone numbers of the private schools, allowing users to contact them directly for inquiries or enrollment information."
a2154895_01_01_10,"This column indicates whether the school is a private institution, allowing users to analyze and compare educational options based on their type."
a2154895_01_01_11,"This column indicates whether a school is currently operating, providing a key metric for assessing the viability and accessibility of educational institutions."
a2154895_01_01_12,"This column contains the total population figures for each private school, allowing users to analyze school size and potentially correlate it with other factors like student outcomes or resource allocation."
a2154895_01_01_13,"This column contains the county in which each private school is located, allowing users to analyze school distribution and identify concentrations of private schools within specific geographic areas."
a2154895_01_01_14,"This column contains unique numerical codes identifying each county within the United States, allowing users to analyze school distribution and trends across different geographic regions."
a2154895_01_01_15,"This column contains the nation where the private school is located, allowing users to analyze school distributions and trends across different countries."
a2154895_01_01_16,"This column contains the geographical coordinates of each private school, allowing users to map their locations and analyze spatial patterns related to school distribution."
a2154895_01_01_17,"This column contains the geographical longitude coordinates for each private school, allowing users to map their locations and analyze spatial distributions."
a2154895_01_01_18,"This column contains the North American Industry Classification System code for each private school, allowing users to categorize and analyze schools based on their primary industry sector."
a2154895_01_01_19,"This column contains detailed North American Industry Classification System descriptions for each private school, allowing users to categorize and analyze schools based on their specific industry focus and services offered."
a2154895_01_01_20,"This column indicates the origin of the student data, allowing users to analyze trends and comparisons across different data sources like private school websites, admissions portals, or third-party databases."
a2154895_01_01_21,"This column contains the date when the student's information was originally sourced, allowing users to analyze trends in enrollment or admissions over time."
a2154895_01_01_22,"This column indicates the specific validation method employed during the model's training process, allowing users to analyze the effectiveness of different evaluation techniques."
a2154895_01_01_23,"This column contains the date of a school's valuation, allowing analysts to track trends in school valuations over time and understand historical performance."
a2154895_01_01_24,"This column contains the URLs of the private schools, which can be used to access their websites for further information and details."
a2154895_01_01_25,"This column indicates the educational level of the private school, allowing users to categorize and analyze schools based on their academic grade ranges."
a2154895_01_01_26,"This column contains the number of students currently attending the school, allowing users to analyze school size and trends in student populations."
a2154895_01_01_27,"This column indicates the year a student began their education at the private school, allowing analysts to examine trends in enrollment and academic progression over time."
a2154895_01_01_28,"This column contains the highest grade level students were enrolled in at private schools, allowing users to analyze grade distribution and trends within the private education sector."
a2154895_01_01_29,"This column contains the number of full-time teachers at each private school, allowing users to analyze staffing levels and compare school resources."
a2154895_01_01_30,"This column contains a unique identifier for each private school, allowing users to track and analyze specific schools within the dataset."
aa0b2acb_01_01_01,"This column contains unique identifiers for each feature within the dataset, allowing users to track and reference specific geographic objects."
aa0b2acb_01_01_03,"This column contains unique identifiers for each data point, allowing users to track and reference specific instances within the dataset."
aa0b2acb_01_01_04,"This column contains unique identifiers for individuals within the dataset, allowing researchers to track and analyze specific people across different records."
aa0b2acb_01_01_05,"This column contains unique identifiers for source records, allowing users to track and relate specific data points within the dataset."
aa0b2acb_01_01_06,"This column contains unique identifiers for electronic components, allowing users to track, categorize, and analyze specific parts within a dataset."
aa0b2acb_01_01_07,"This column indicates the type of feature being represented, allowing users to categorize and analyze data based on feature characteristics like image, text, or numerical values."
aa0b2acb_01_01_08,"This column contains the security classification of a vehicle, allowing users to categorize vehicles based on their intended use and safety standards."
aa0b2acb_01_01_09,"This column holds the names of the entities in the dataset, allowing users to identify and differentiate between them for analysis or further investigation."
aa0b2acb_01_01_10,"This column contains the area values, which a user could utilize to analyze spatial relationships or calculate metrics based on size."
aa0b2acb_01_01_11,"This column contains phone numbers, which can be used to identify and contact individuals within the dataset."
aa0b2acb_01_01_12,"This column contains residential addresses, which users would utilize for mapping, location-based analysis, or understanding customer demographics."
aa0b2acb_01_01_13,"This column contains supplemental address information, such as apartment numbers or building names, that can be used to refine location accuracy or provide more detailed delivery instructions."
aa0b2acb_01_01_14,"This column contains the names of cities, allowing users to analyze or filter data based on location."
aa0b2acb_01_01_15,"This column contains the state where the event occurred, allowing users to analyze trends or filter data based on geographic location."
aa0b2acb_01_01_16,"This column contains postal zip codes, which can be used to analyze geographic patterns, target marketing campaigns, or determine shipping locations."
aa0b2acb_01_01_17,"This column contains ZIP+4 codes, which are used for precise geographic address identification and analysis."
aa0b2acb_01_01_18,"This column contains the names of counties, allowing users to analyze data by geographic location and understand regional trends."
aa0b2acb_01_01_19,"This column contains unique numerical identifiers for geographic areas, typically used to link data to specific counties or regions for analysis and mapping."
aa0b2acb_01_01_20,"This column contains textual descriptions of movement directions, allowing users to analyze and understand the spatial orientation of objects or actions within the dataset."
aa0b2acb_01_01_21,"This column contains the titles of emergency events, allowing users to analyze and categorize incidents based on their descriptions."
aa0b2acb_01_01_22,"This column contains information indicating whether a vehicle was equipped with an emergency phone, likely used for contacting emergency services in the event of a roadside situation."
aa0b2acb_01_01_23,"This column contains emergency extension information, which would be used to identify and potentially contact individuals during urgent situations."
aa0b2acb_01_01_24,"The column holds the date of the contact, which someone would use to analyze trends, track customer interactions over time, or segment customers based on their engagement history."
aa0b2acb_01_01_25,"This column contains information about how much of a particular product was sold, allowing analysts to understand sales volume and trends."
aa0b2acb_01_01_26,"This column contains the date of the geodetic survey measurement, which surveyors would use to track the timing and location of observations for accurate mapping and spatial analysis."
aa0b2acb_01_01_27,"This column contains information about how the location was determined, such as GPS coordinates or a specific address, allowing users to understand the source and accuracy of the geographic data."
aa0b2acb_01_01_28,"This column contains information about the Hsipthemes, likely used to categorize or identify data related to different Hsipthemes themes."
aa0b2acb_01_01_29,"This column contains North American Industry Classification Code (NAICS) identifiers, which are used to categorize businesses and industries for statistical analysis and reporting."
aa0b2acb_01_01_30,North American Industry Classification System description
aa0b2acb_01_01_31,"This column contains unique identifiers for geographic links, allowing users to track and analyze the relationships between locations and associated data."
aa0b2acb_01_01_32,"This column contains the original source of the data, allowing users to trace the origin and potentially assess the reliability or context of the information."
aa0b2acb_01_01_33,"This column contains numerical data representing spatial coordinates, likely used for mapping or analyzing location-based information within the dataset."
aa0b2acb_01_01_34,"This column contains binary labels (Y or N) representing the presence or absence of a specific event, allowing users to analyze and classify data based on this binary indicator."
aa0b2acb_01_01_35,"This column contains the name of the vendor providing the data, allowing users to identify the source of the information within the dataset."
aa0b2acb_01_01_36,"This column contains the software version number, allowing users to track updates, compatibility, and identify the specific software iteration they are working with."
aa0b2acb_01_01_37,"This column contains geographic location data, which could be used to analyze spatial patterns, map distributions, or understand relationships between locations and other variables within the dataset."
aa0b2acb_01_01_38,"This column contains telephone location data, which can be used to determine a user's approximate geographic location based on their phone number."
aa0b2acb_01_01_39,"This column contains quality control and quality assurance labels, allowing users to categorize and analyze data based on its adherence to standards or specifications."
aa0b2acb_01_01_40,"This column contains unique identifiers for each mine, allowing users to track and analyze data associated with specific mining operations."
aa0b2acb_01_01_41,"This column indicates whether the inspection was performed successfully, with ‘Inspec Off’ signifying a failed or incomplete inspection."
aa0b2acb_01_01_42,"This column contains Standard Industrial Classification codes, which are used to categorize businesses by their primary activity for statistical analysis and reporting."
aa0b2acb_01_01_43,"This column contains information about whether a transaction involved a canvas product, allowing users to analyze sales trends or segment customers based on their purchasing preferences for canvas goods."
aa0b2acb_01_01_44,"This column contains information about the type of mine detected, allowing users to analyze and categorize explosive devices based on their characteristics."
aa0b2acb_01_01_45,"This column contains a statistical code, likely used to categorize or classify data points based on specific regional or demographic characteristics."
aa0b2acb_01_01_46,"This column contains the date of a statistical event, allowing users to analyze trends and patterns over time."
aa0b2acb_01_01_47,"This column contains the names of the components within a dataset, allowing users to identify and analyze specific parts based on their designations."
aa0b2acb_01_01_48,"This column contains information about the type of mine plant, allowing users to analyze and categorize mining operations based on their specific plant type."
aa0b2acb_01_01_49,"This column contains customer addresses, which can be used to determine shipping locations, understand customer demographics, or analyze geographic sales patterns."
aa0b2acb_01_01_50,"This column contains metropolitan city names, allowing users to analyze and filter data based on urban areas."
aa0b2acb_01_01_51,"This column contains the molecular state of the system, allowing researchers to analyze and compare different states based on their properties."
aa0b2acb_01_01_52,"This column contains compressed data, likely used to store or transmit files in a zipped format, allowing users to analyze or process the original, uncompressed data within the dataset."
aa0b2acb_01_01_53,"This column contains county-level geographic information, allowing users to analyze trends and patterns based on location."
aa0b2acb_01_01_54,"This column contains the numerical identifier for a specific subunit within a larger protein complex, allowing researchers to track and analyze individual components of these complexes."
aa0b2acb_01_01_55,"This column contains information about the first subunit of a protein complex, which researchers would use to analyze structural relationships or functional roles within those complexes."
aa0b2acb_01_01_56,"This column contains information about the second subunit of a molecule, which researchers would use to analyze structural relationships or investigate specific interactions within a complex."
aa0b2acb_01_01_57,"This column contains information about the third subunit within a protein structure, which researchers would use to analyze its composition and potentially understand its function."
aa0b2acb_01_01_58,"This column contains information about the fourth subunit within a molecule, which researchers would use to analyze structural components and potentially understand interactions within a complex."
01507197_01_01_01,"The `objectid` column contains a unique numerical identifier for each record in the dataset, allowing users to track and reference individual stations during transfers."
01507197_01_01_02,"This column contains a unique identifier for each station, allowing users to track and analyze movement patterns between different stations within the dataset."
01507197_01_01_03,"This column contains the name of the transit system a station belongs to, allowing users to analyze station usage and connections across different public transportation networks."
01507197_01_01_04,"This column contains information about the originating system a user was using before transferring to another system, allowing analysts to understand user journeys and system usage patterns."
01507197_01_01_05,"This column contains measures of cognitive effort and control, allowing researchers to investigate the mental processes involved in decision-making and task performance."
01507197_01_01_06,"This column contains information about the system a user was originally using before transferring to another system, allowing analysts to understand user movement and system adoption patterns."
b15f4c3c_01_01_01,"This column contains a unique numerical identifier for each object within the archive, allowing users to track and reference specific items within the dataset."
b15f4c3c_01_01_03,"This column contains the names of various incidents recorded in the archive, and users would utilize it to categorize and analyze incidents based on their specific descriptions."
b15f4c3c_01_01_04,"This column indicates the type of feature being described, allowing users to categorize and filter NIFs based on their specific characteristics, such as structural elements, materials, or design aspects."
b15f4c3c_01_01_05,"This column contains the method used to create the map, allowing users to filter and analyze datasets based on the mapping technique employed."
b15f4c3c_01_01_06,"This column contains free-text notes and observations associated with each NIF record, allowing users to gain additional context and understanding regarding the specific perimeter being documented."
b15f4c3c_01_01_07,"This column contains the acreage of each parcel, allowing users to analyze land size and potentially assess property values or suitability for different uses."
b15f4c3c_01_01_08,"This column contains a textual description of a specific perimeter within the NIFS archive, allowing users to understand the boundaries and characteristics of a particular area being documented."
b15f4c3c_01_01_09,"This column contains the descriptive name or category assigned to each NIF (National Identification File), allowing users to categorize and filter the archive based on the type of document or record."
b15f4c3c_01_01_10,"This column contains information about which features are accessible within a specific NIF (National Identification Number) record, allowing users to filter and analyze data based on access permissions."
b15f4c3c_01_01_11,"This column indicates the status of a feature within a National Incident File System (NIFS) record, allowing users to filter and analyze data based on whether a specific characteristic was reported or not."
b15f4c3c_01_01_12,"This column indicates whether a particular perimeter within a National Incident File System (NIFS) record is visible, allowing users to filter and analyze data based on the visibility of specific areas."
b15f4c3c_01_01_13,"This column contains the date when each NIF (National Identification Number) record was created, allowing users to analyze the historical timeline of business registrations and track changes over time."
b15f4c3c_01_01_14,"This column contains the date when the NIF (National Identification Number) information was current, allowing users to analyze trends and changes in NIF ownership over time."
b15f4c3c_01_01_15,"This column contains timestamped polygon data, allowing users to analyze changes in geographic boundaries over time, such as tracking land use modifications or property shifts."
b15f4c3c_01_01_16,"This column contains the names of the complex structures identified within the NIFS archive data, allowing researchers to categorize and analyze different astronomical objects based on their structural components."
b15f4c3c_01_01_17,"This column contains unique identifiers for geological complexes, allowing users to categorize and analyze different formations within the NIFS archive based on their structural characteristics."
b15f4c3c_01_01_18,"This column contains the geographic area classification code (GACC) used to categorize the location of a National Incident File System (NIFS) record, allowing users to analyze incident data by region."
b15f4c3c_01_01_19,"This column contains the names of the National Forest System units, allowing users to identify and categorize specific areas within the National Forest System."
b15f4c3c_01_01_20,"This column contains unique identifiers for individual units within the Nifs Archive, allowing users to track and analyze specific entities across the dataset."
b15f4c3c_01_01_21,"This column contains unique identifiers for local incidents, allowing users to track and analyze individual events recorded in the archive."
b15f4c3c_01_01_22,"This column contains a unique identifier for each NIF (National Identification Number) record, allowing researchers to track and analyze individual businesses within the archive."
b15f4c3c_01_01_23,"This column contains unique identifiers for geographic features within the dataset, allowing users to pinpoint specific locations and relate them to other data points."
b15f4c3c_01_01_24,"This column contains unique identifiers for each NIF (National Identification Number) record in the archive, allowing users to track and reference specific businesses within the dataset."
b15f4c3c_01_01_27,"This column contains unique identifiers for each perimeter within the Nifs Archive, allowing users to track and analyze specific spatial boundaries and their associated data."
b15f4c3c_01_01_28,"This column contains the linear dimension of a land parcel, allowing users to analyze the size of properties within the NIF archive."
b15f4c3c_01_01_29,"This column contains the calculated area of each shape in square meters, allowing users to analyze the size of different land features within the dataset."
4998c0de_01_01_01,"This column contains a unique numerical identifier for each receipt object, allowing users to track and reference individual records within the dataset."
4998c0de_01_01_02,"This column contains unique user identifiers, allowing analysts to track and analyze delivery performance and behavior for individual customers within the Ng Receipt Delivery dataset."
4998c0de_01_01_03,"This column contains the names of the individuals involved in the receipt delivery process, allowing users to identify the sender or recipient of a specific delivery."
4998c0de_01_01_04,"This column contains the city where the receipt delivery occurred, allowing users to analyze delivery patterns and trends by geographic location."
4998c0de_01_01_05,"This column contains the state where the receipt delivery occurred, allowing users to analyze delivery patterns and trends by geographic location."
4998c0de_01_01_06,"This column indicates the type of delivery service used for the receipt, allowing users to analyze delivery preferences and trends within the dataset."
4998c0de_01_01_07,"This column indicates the final outcome of the delivery attempt, allowing users to analyze delivery success rates and identify potential issues impacting completion."
4998c0de_01_01_08,"This column contains the name of the county where the receipt was delivered, allowing users to analyze delivery patterns and trends by geographic location."
4998c0de_01_01_09,"This column contains unique numerical identifiers for each county in the United States, allowing users to analyze receipt delivery performance geographically."
4998c0de_01_01_10,"This column contains the country where the receipt was delivered, allowing users to analyze delivery patterns and trends by geographic location."
4998c0de_01_01_11,"This column contains the geographical coordinates of the delivery location, allowing users to map delivery routes and analyze delivery patterns based on location."
4998c0de_01_01_12,"This column contains the geographic longitude coordinates for each delivery, allowing users to map delivery locations and analyze delivery patterns based on location."
4998c0de_01_01_13,"This column contains the North American Industry Classification System code, allowing users to categorize businesses by their industry and analyze trends within specific sectors."
4998c0de_01_01_14,"This column contains the North American Industry Classification System description for each business, allowing users to categorize and analyze receipts by industry type."
4998c0de_01_01_15,"This column indicates the origin of the receipt, allowing users to analyze delivery methods and understand where receipts are coming from."
4998c0de_01_01_16,"This column contains the date when the receipt was sourced, allowing users to analyze delivery trends and patterns over time."
4998c0de_01_01_17,"This column indicates the specific method used for receiving the delivery, allowing analysts to investigate delivery preferences and their impact on customer satisfaction."
4998c0de_01_01_18,"This column contains the date when a receipt was delivered, allowing users to analyze delivery patterns and track the timing of receipt fulfillment."
4998c0de_01_01_19,"This column contains a unique identifier for each receipt delivery transaction, allowing users to track and analyze individual delivery events within the dataset."
4998c0de_01_01_20,"This column contains the names of the delivery companies, and someone would use it to identify which company handled a specific receipt delivery."
4998c0de_01_01_21,"This column contains the name of the delivery company (e.g., FedEx, UPS, USPS) associated with a specific receipt, allowing users to analyze delivery service usage and patterns."
4998c0de_01_01_22,"This column indicates the relationship between the point of sale (POS) and the receipt delivery, allowing users to analyze how efficiently receipts are being delivered relative to transactions."
4998c0de_01_01_23,"This column represents the maximum capacity of the delivery, allowing users to analyze the largest possible volume of goods a single delivery can handle."
4998c0de_01_01_24,"This column represents the scheduled capacity of a delivery, allowing users to analyze and optimize delivery schedules based on available resources."
4998c0de_01_01_25,"This column represents the available capacity for delivery, allowing users to analyze the logistical constraints impacting delivery success."
4998c0de_01_01_26,"This column contains the name of the day of the week on which the delivery was made, allowing users to analyze delivery patterns based on the day of the week."
4998c0de_01_01_27,"This column contains the Delivery Reference Number, a unique identifier used to track and manage the delivery of a receipt."
68bf7456_01_01_01,"This column contains a unique numerical identifier for each campus object, allowing users to track and reference specific campuses within the dataset."
68bf7456_01_01_02,"This column contains a unique identifier for each college university campus, allowing users to track and differentiate between individual institutions within the dataset."
68bf7456_01_01_03,"This column contains the names of college and university campuses, allowing users to identify and locate specific institutions within the dataset."
68bf7456_01_01_04,"This column contains the physical street addresses of college and university campuses, allowing users to locate them on a map, analyze spatial patterns of higher education institutions, or perform location-based searches."
68bf7456_01_01_05,"This column contains the location of each university campus, allowing users to filter and analyze campuses by their city of operation."
68bf7456_01_01_06,"This column contains the U.S. state where each college or university campus is located, allowing users to filter and analyze institutions by geographic region."
68bf7456_01_01_07,"This column contains the postal zip code for each college or university campus, allowing users to analyze campus locations and potentially identify geographic trends or regional concentrations of higher education institutions."
68bf7456_01_01_08,"This column contains a four-digit zip code, which can be used to pinpoint the precise location of a college or university campus for mapping, analysis, or demographic studies."
68bf7456_01_01_09,"This column contains the phone numbers associated with each college or university campus, allowing users to contact them directly or gather information about their communication systems."
68bf7456_01_01_10,"This column indicates the institutional type, allowing users to filter and analyze campuses based on whether they are colleges, universities, or other types of higher education institutions."
68bf7456_01_01_11,"This column indicates whether a college or university campus is currently operational, allowing users to filter and analyze data based on active institutions."
68bf7456_01_01_12,"This column contains the total number of people residing within each college or university campus, allowing users to analyze population density, student-faculty ratios, or overall campus size."
68bf7456_01_01_13,"This column contains the county in which each college or university campus is located, allowing users to analyze campus distribution and identify concentrations of institutions by region."
68bf7456_01_01_14,"This column contains the five-digit FIPS code for each college and university campus, allowing users to geographically analyze and map the locations of institutions across the United States."
68bf7456_01_01_15,"This column indicates the nation where each college or university campus is located, allowing users to analyze educational institutions by geographic region."
68bf7456_01_01_16,"This column contains the North American Industry Classification System code for each university, allowing users to categorize institutions by their primary industry sector and analyze trends within higher education."
68bf7456_01_01_17,"This column contains detailed North American Industry Classification System descriptions of the types of businesses located on college and university campuses, allowing users to analyze the economic composition of these institutions."
68bf7456_01_01_18,"This column contains the origin of the campus data, allowing users to filter or analyze information based on whether it came from a specific source like a university website, a news article, or a database."
68bf7456_01_01_19,"This column contains the date the campus data was originally sourced, allowing users to track the age and reliability of the information."
68bf7456_01_01_20,"This column indicates the specific validation method employed during the model's training process, allowing users to analyze and compare the effectiveness of different evaluation techniques."
68bf7456_01_01_21,"This column stores the date when a valuation was performed for a college or university campus, allowing users to analyze trends and changes in property values over time."
68bf7456_01_01_22,"This column contains the URL of each college or university's website, allowing users to access further information about the institution."
68bf7456_01_01_23,"This column contains the total number of students enrolled at each college or university, and it can be used to analyze enrollment trends, compare institutional sizes, or assess resource needs."
68bf7456_01_01_24,"This column contains the total number of employees at each college university campus, allowing users to analyze staffing levels and compare institutions."
68bf7456_01_01_25,"This column contains a unique identifier for each college university campus, allowing users to track and analyze specific institutions within the dataset."
68bf7456_01_01_26,"This column contains the linear dimension of university campus buildings, allowing users to analyze the size and scale of different campus layouts."
68bf7456_01_01_27,"This column contains the measured area of the campus buildings, allowing users to analyze the size and scale of university campuses for comparisons or spatial planning."
d1fa971e_01_01_01,"This column contains a unique numerical identifier for each object in the dataset, allowing users to track and reference specific process plants for analysis or retrieval."
d1fa971e_01_01_02,"This column contains data related to the operational status of a specific process within a nonferrous metal processing plant, allowing users to track equipment performance and identify potential issues for maintenance or optimization."
d1fa971e_01_01_03,"This column contains the type of nonferrous metal being processed, allowing users to categorize plants by their primary output material like copper, aluminum, or lead."
d1fa971e_01_01_04,"This column contains the names of individual nonferrous metal processing facilities, which can be used to identify specific plants for analysis, mapping, or tracking operational data."
d1fa971e_01_01_05,"This column contains the name of the nonferrous metal processing company, allowing users to identify and categorize different facilities within the dataset."
d1fa971e_01_01_06,"This column contains the geographical location of the nonferrous metal processing facility, allowing users to analyze plant distribution and identify regional concentrations of this industry."
d1fa971e_01_01_07,"This column contains the administrative region where the nonferrous metal processing plant is located, allowing users to analyze plant distribution and identify regional concentrations of this industry."
d1fa971e_01_01_08,"This column contains the geographical coordinates of each plant, allowing users to map their locations and analyze spatial patterns related to nonferrous metal processing."
d1fa971e_01_01_09,"This column contains the plant's geographical longitude, allowing users to map and analyze the spatial distribution of nonferrous metal processing facilities."
d1fa971e_01_01_10,"This column contains the minimum processing capacity of a nonferrous metal plant, allowing users to analyze plant efficiency and compare production scales."
4ac1be2d_01_01_01,"This column contains a unique identifier for each terminal, allowing users to link and reference specific terminal locations within the dataset."
4ac1be2d_01_01_02,"This column contains a unique numerical identifier for each object in the dataset, allowing users to track and reference specific instances within the cruise terminal imagery."
4ac1be2d_01_01_03,"This column contains a unique identifier for each terminal feature, allowing users to track, categorize, and analyze specific elements within cruise line terminals."
4ac1be2d_01_01_04,"This column contains the names of cruise terminals, and users would utilize it to identify and differentiate between various port facilities where cruise ships operate."
4ac1be2d_01_01_05,"This column contains the names of the cruise line terminals, and someone would use it to identify the specific port where a cruise ship docked or operated."
4ac1be2d_01_01_06,"This column contains the name of the port city where the cruise terminal is located, allowing users to analyze cruise destinations and their geographic distribution."
4ac1be2d_01_01_07,"This column contains the state where the cruise terminal is located, allowing users to analyze port activity by geographic region."
4ac1be2d_01_01_08,"This column contains the postal zip code for each terminal, allowing users to analyze port locations by geographic region and identify terminals servicing specific areas."
4ac1be2d_01_01_09,"This column indicates the primary port where a cruise ship departed from, allowing analysts to understand the origin points of cruises and analyze passenger flows."
4ac1be2d_01_01_10,"This column contains the web addresses of cruise terminal locations, allowing users to access detailed information and maps for each terminal."
4ac1be2d_01_01_11,"This column contains the geographical coordinates of the cruise terminal’s location, allowing users to map terminals, analyze spatial relationships, and determine proximity to other points of interest."
4ac1be2d_01_01_12,"This column contains the geographical longitude coordinates of each cruise terminal, allowing users to map terminal locations and analyze spatial relationships within port areas."
4ac1be2d_01_01_13,"This column contains the physical location of each cruise terminal, and users would utilize it for mapping, navigation, and understanding the geographic distribution of cruise port operations."
4ac1be2d_01_01_14,"This column contains supplemental address information, such as a building number or suite number, that can be used to refine location searches and improve mapping accuracy."
13e093e3_01_01_01,"This column contains a unique numerical identifier for each transit station, allowing users to track and reference individual stations within the dataset."
13e093e3_01_01_02,"This column contains a unique numerical identifier for each transit station, allowing users to easily reference and distinguish between individual stations within the dataset."
13e093e3_01_01_03,"This column contains the names of individual transit stations, allowing users to identify and locate specific stops within a public transportation network."
13e093e3_01_01_04,"This column contains the URL for each transit station, allowing users to directly access maps, schedules, and other relevant information about the station online."
13e093e3_01_01_05,"This column contains a unique identifier for each transit station, allowing users to pinpoint specific stations for analysis, mapping, or data retrieval."
13e093e3_01_01_06,"This column contains the name of the transit system operating at each station, allowing users to filter and analyze data by the specific transportation network."
13e093e3_01_01_07,"This column contains the name of the transit agency operating the station, allowing users to filter and analyze data based on which organization manages a particular transit stop."
13e093e3_01_01_08,"This column contains a unique identifier for each transit station, allowing users to track and analyze specific stations within the transit network."
13e093e3_01_01_09,"This column contains the geographical coordinates of each transit station, allowing users to map locations, analyze station distribution, and perform spatial analysis related to public transportation networks."
13e093e3_01_01_10,"This column contains the east-west coordinates of each transit station, allowing users to map station locations and analyze spatial relationships within the transit network."
13e093e3_01_01_11,"This column contains the unique identifier for each public transit station, allowing users to track and analyze station-specific data like ridership or service changes."
13e093e3_01_01_12,"This column contains unique codes identifying individual public transit stations, allowing users to pinpoint specific locations and analyze station-level data."
13e093e3_01_01_13,"This column indicates whether a transit station is currently operational, allowing users to filter data for active stations or identify those temporarily closed for maintenance or other reasons."
13e093e3_01_01_14,"This column contains the origin station name for each transit trip, allowing users to analyze travel patterns and identify common starting points for journeys."
13e093e3_01_01_15,"This column contains the date the transit station data was originally sourced, allowing users to analyze trends over time or assess the freshness of the information."
13e093e3_01_01_16,"This column contains the ground elevation in meters for each transit station, allowing users to analyze station locations relative to elevation changes and their potential impact on accessibility or transportation routes."
13e093e3_01_01_17,"This column contains the physical location of each transit station, allowing users to map routes, analyze station density, or determine proximity to points of interest."
13e093e3_01_01_18,"This column contains the name of the city where the transit station is located, allowing users to filter or analyze transit data by geographic region."
13e093e3_01_01_19,"This column contains the state where each transit station is located, allowing users to analyze transit patterns and station distribution by geographic region."
13e093e3_01_01_20,"This column contains the postal code for each transit station, allowing users to analyze station locations by geographic area and identify stations within specific regions."
13e093e3_01_01_21,"This column contains the transit system affiliation for each station, allowing users to analyze ridership or service patterns by system type (e.g., subway, bus, light rail)."
55b3233d_01_01_01,"This column contains a unique numerical identifier for each object in the dataset, allowing users to track and reference specific items within the NIFs perimeter data."
55b3233d_01_01_02,"This column contains the names of various incidents reported in the dataset, and users would utilize it to identify and categorize specific events based on their descriptions."
55b3233d_01_01_03,"This column contains the category of a specific feature, allowing users to group and analyze data based on the type of feature being described, such as ""vehicle"" or ""person""."
55b3233d_01_01_04,"This column contains the method used to determine the map boundaries, allowing users to analyze and filter data based on how geographic areas were defined."
55b3233d_01_01_05,"This column contains free-text notes and observations associated with each NIF perimeter, allowing users to understand the context, rationale, or specific details behind the perimeter's establishment or modifications."
55b3233d_01_01_06,"This column contains the acreage of each perimeter, allowing users to analyze the size of parcels or areas represented by each GIS boundary."
55b3233d_01_01_07,"This column contains the descriptive name of each perimeter, allowing users to categorize and identify different areas within the dataset based on their specific characteristics."
55b3233d_01_01_08,"This column contains information about which features a specific perimeter has access to, allowing users to analyze access rights and permissions within a network."
55b3233d_01_01_09,"This column indicates the current operational status of a specific feature within a NIF perimeter, allowing users to assess whether a feature is active, inactive, or undergoing maintenance."
55b3233d_01_01_10,"This column indicates whether a non-interest factor (NIF) perimeter is currently visible on the map, allowing users to identify areas with potential conflicts or overlaps."
55b3233d_01_01_11,"This column contains the date when a NIF perimeter was created, allowing users to analyze trends in business formation over time or identify specific periods of high or low activity."
55b3233d_01_01_12,"This column contains the date on which a specific NIF perimeter was recorded, allowing users to analyze trends and patterns over time."
55b3233d_01_01_13,"This column contains timestamped polygon data, allowing users to analyze and track changes in geographic areas over time, such as land use modifications or property boundaries."
55b3233d_01_01_14,"This column contains the names of individual complexes within the NIF perimeter data, allowing users to identify and analyze specific areas of interest for spatial analysis or property mapping."
55b3233d_01_01_15,"This column contains unique identifiers for individual complexes within the NIF perimeter data, allowing users to identify and analyze specific areas or buildings within the network."
55b3233d_01_01_16,"This column contains the geographical area covered by each agricultural cooperative, allowing users to analyze the size and scope of agricultural production networks."
55b3233d_01_01_17,"This column contains the names of the administrative units (e.g., municipalities, districts) within the NIFs (National Information Systems) and can be used to identify and categorize different geographical areas based on their administrative boundaries."
55b3233d_01_01_18,"This column represents a unique identifier for each unit within the dataset, allowing users to track and analyze specific entities across different records."
55b3233d_01_01_19,"This column contains unique identifiers for each local incident, allowing users to track and analyze individual events within the dataset."
55b3233d_01_01_20,"This column contains a unique identifier for each perimeter within the Irwin Family Trust, allowing users to track and analyze specific properties associated with that trust."
55b3233d_01_01_21,"This column contains unique identifiers for geographic polygons, allowing users to reference and manage specific areas within the dataset."
55b3233d_01_01_22,"This column contains unique identifiers for each entity in the dataset, allowing users to track and differentiate individual records across different datasets or analyses."
55b3233d_01_01_23,"This column contains unique identifiers for each perimeter, allowing users to track and differentiate between individual geographical areas within the dataset."
55b3233d_01_01_24,"This column contains the length of the perimeter of a geographical shape, allowing users to analyze and compare the size of different areas."
55b3233d_01_01_25,"This column contains the area of each polygon, allowing users to analyze and compare the size of different administrative boundaries."
24e97717_01_01_01,"This column contains a unique identifier for each crushed stone operation record, allowing users to link and reference specific operations within the dataset."
24e97717_01_01_02,"This column contains a unique numerical identifier for each crushed stone operation record, allowing users to track and reference specific operations within the dataset."
24e97717_01_01_03,"This column contains the total quantity of crushed stone produced by a mining operation, allowing users to track production levels and assess operational efficiency."
24e97717_01_01_04,"This column contains the type of stone being produced, allowing users to analyze production volumes by material like limestone or granite."
24e97717_01_01_05,"This column contains the names of individual crushed stone mining sites, allowing users to identify and analyze specific operations within the dataset."
24e97717_01_01_06,"This column contains the names of the companies operating crushed stone mines, allowing users to analyze production and market share by company."
24e97717_01_01_07,"This column contains the state where each crushed stone operation is located, allowing users to analyze production volumes and trends by geographic region."
24e97717_01_01_08,"This column contains the name of the county where the crushed stone operation is located, allowing users to analyze production data by geographic region."
24e97717_01_01_09,"This column contains the geographical coordinates of each crushed stone operation, allowing users to map their locations and analyze distribution patterns."
24e97717_01_01_10,"This column contains the geographic coordinates of each crushed stone operation, allowing users to map their locations and analyze spatial distributions."
24e97717_01_01_11,"This column represents the smallest size of crushed stone produced at a particular plant, allowing users to assess the range of product sizes offered and compare production capabilities."
7a52b9bd_01_01_01,"This column contains a unique numerical identifier for each ethanol transloading facility in the dataset, allowing users to reference and distinguish individual facilities for analysis or tracking."
7a52b9bd_01_01_02,"This column contains the ethanol quantity transloaded at a facility, allowing users to analyze ethanol movement and volumes across transloading operations."
7a52b9bd_01_01_03,"This column contains the names of individual ethanol transloading facilities, allowing users to identify and locate these critical logistics hubs within the ethanol supply chain."
7a52b9bd_01_01_04,"This column contains the physical location of each ethanol transloading facility, allowing users to map facility distribution, analyze regional concentrations, and assess potential transportation routes."
7a52b9bd_01_01_05,"This column contains supplemental address information, such as a building number or suite designation, that can be used to refine location searches and improve the accuracy of facility mapping within the ethanol transloading industry."
7a52b9bd_01_01_06,"This column contains the location of each ethanol transloading facility, allowing users to analyze facility distribution by city and identify potential markets or logistical hubs."
7a52b9bd_01_01_07,"This column contains the U.S. state where each ethanol transloading facility is located, allowing users to analyze facility distribution and concentration across different regions."
7a52b9bd_01_01_08,"This column contains the postal zip code for each ethanol transloading facility, allowing users to analyze facility locations and potentially identify areas with high transloading activity."
7a52b9bd_01_01_09,"This column contains the four-digit zip code segment for a facility's location, which can be used to pinpoint its geographic location for logistics and transportation analysis."
7a52b9bd_01_01_10,"This column contains the phone numbers of ethanol transloading facilities, which a user could utilize to contact these businesses for inquiries, logistics coordination, or potential partnerships."
7a52b9bd_01_01_11,"This column indicates the specific operational category of each ethanol transloading facility, allowing users to filter and analyze data based on facility type, such as storage, blending, or railcar loading."
7a52b9bd_01_01_12,"This column indicates the operational state of each ethanol transloading facility, allowing users to filter and analyze data based on whether a facility is currently active, under maintenance, or otherwise unavailable."
7a52b9bd_01_01_13,"This column contains the population data for each ethanol transloading facility, allowing users to analyze the potential impact of facility location on surrounding communities or to assess demand based on population density."
7a52b9bd_01_01_14,"This column contains the name of the county where the ethanol transloading facility is located, allowing users to analyze facility distribution and concentration across different geographic regions."
7a52b9bd_01_01_15,"This column contains unique numerical codes identifying each county in the United States, allowing users to analyze ethanol transloading facility locations and their distribution across different geographic regions."
7a52b9bd_01_01_16,"This column contains the nation where the ethanol transloading facility is located, allowing users to analyze transloading operations by geographic region."
7a52b9bd_01_01_17,"This column contains the geographical coordinates of each ethanol transloading facility, allowing users to map locations, analyze distribution networks, and assess proximity to transportation routes."
7a52b9bd_01_01_18,"This column contains the geographical coordinates of each ethanol transloading facility, allowing users to map locations, analyze spatial distributions, and determine proximity to transportation networks."
7a52b9bd_01_01_19,"This column contains the North American Industry Classification System (NAICS) code for each ethanol transloading facility, allowing users to categorize and analyze the industry based on specific business activities."
7a52b9bd_01_01_20,"This column contains the North American Industry Classification System description for each ethanol transloading facility, allowing users to categorize and analyze facilities based on their specific industry activities."
7a52b9bd_01_01_21,"This column contains the origin of the ethanol transloading facility, allowing users to analyze where these facilities are located and understand their distribution across different regions."
7a52b9bd_01_01_22,"This column contains the date each ethanol transloading facility was sourced, allowing users to analyze trends in sourcing over time or identify facilities with specific sourcing histories."
7a52b9bd_01_01_23,"This column contains the method used to estimate the value of the ethanol transloading facility, allowing analysts to compare valuation approaches and assess the reliability of different estimates."
7a52b9bd_01_01_24,"This column contains the date when a specific ethanol transloading facility was evaluated, allowing users to analyze trends and changes in facility operations over time."
7a52b9bd_01_01_25,"This column contains the URL addresses of each ethanol transloading facility, allowing users to access further information about the specific operation and its location."
7a52b9bd_01_01_26,"This column contains the names of the companies that operate the ethanol transloading facilities, allowing users to analyze ownership structures and potential market influences within the industry."
7a52b9bd_01_01_27,"This column indicates the relative position of the ethanol transloading facility within its surrounding area, likely used to assess its accessibility and proximity to key transportation routes and markets."
7a52b9bd_01_01_28,"This column contains the names of the railroads involved in the ethanol transloading operations, allowing users to analyze transportation networks and identify key partners for these facilities."
7a52b9bd_01_01_29,"This column represents the number of vehicle parking spaces available at each ethanol transloading facility, allowing users to assess the operational capacity and potential throughput of a given location."
454f652e_01_01_01,"This column holds a unique identifier for each power plant record, allowing users to track and differentiate individual facilities within the dataset."
454f652e_01_01_02,"This column contains a unique identifier for each power plant, allowing users to categorize, analyze, and track data related to specific facilities."
454f652e_01_01_03,"This column contains the names of various power plants, and users would leverage it to identify, categorize, or analyze different energy generation facilities."
454f652e_01_01_04,"This column contains the physical location of each power plant, and it would be used to map plant locations, analyze regional energy production, or determine proximity to resources."
454f652e_01_01_05,"This column contains the names of the cities where the power plants are located, allowing users to analyze power generation by geographic region or investigate localized energy production trends."
454f652e_01_01_06,"This column contains the state in which the power plant is located, allowing users to analyze energy production by region or investigate state-specific regulations and environmental impacts."
454f652e_01_01_07,"This column contains the postal zip code for each power plant, which can be used to analyze plant locations, identify regional trends, or determine proximity to resources and population centers."
454f652e_01_01_08,"This column contains the phone numbers of the power plants, which can be used to contact them for inquiries, maintenance, or operational information."
454f652e_01_01_09,"This column indicates the specific kind of power plant, allowing users to analyze and compare different energy generation technologies based on their characteristics."
454f652e_01_01_10,"This column indicates whether a power plant is currently operational, allowing users to analyze plant availability and potential energy production."
454f652e_01_01_11,"This column contains the name of the county where the power plant is located, allowing users to analyze power plant distribution and concentration across different geographic regions."
454f652e_01_01_12,"This column contains unique five-digit codes identifying each U.S. county, allowing users to analyze power plant data by geographic location."
454f652e_01_01_13,"This column contains the nation where the power plant is located, allowing users to analyze power generation by geographic region and identify trends across different countries."
454f652e_01_01_14,"This column contains the geographical coordinates of each power plant, allowing users to analyze plant locations in relation to other factors like population density, terrain, or environmental regulations."
454f652e_01_01_15,"This column contains the plant's geographic position on Earth, allowing users to analyze power generation distribution and identify potential locations for new facilities."
454f652e_01_01_16,"This column contains the North American Industry Classification System (NAICS) code for each power plant, allowing users to categorize and analyze power generation businesses by their specific industry sector."
454f652e_01_01_17,"This column contains detailed descriptions of a power plant's North American Industry Classification System (NAICS) code, allowing users to categorize and analyze power generation businesses based on their specific operations."
454f652e_01_01_18,"This column contains the type of energy source used by the power plant, allowing users to analyze energy production by source type and understand the composition of the energy mix."
454f652e_01_01_19,"This column contains the date each power plant generated electricity, allowing users to analyze power generation trends over time and understand plant operational history."
454f652e_01_01_20,"This column indicates the specific method used for generating the power output values, allowing analysts to compare and evaluate the effectiveness of different generation techniques."
454f652e_01_01_21,"This column contains the date of each power plant's operational value, allowing users to analyze trends and patterns in energy production over time."
454f652e_01_01_22,"This column contains the URL of the power plant's official website, which analysts could use to gather information about the plant's operations, energy production, and environmental impact."
454f652e_01_01_23,"This column contains the name of the individual or company responsible for operating the power plant, which can be used to analyze operational efficiency, identify potential risks, or understand ownership structures."
454f652e_01_01_24,"This column contains unique identifiers for each operating entity, allowing users to track and analyze the performance of different power plants within the dataset."
454f652e_01_01_25,"This column represents the generating capacity of a power plant in megawatts, allowing analysts to assess the power output potential of different facilities."
454f652e_01_01_26,"This column contains the cooling capacity of the power plant, allowing users to analyze its performance during hot weather and assess its ability to meet demand."
454f652e_01_01_27,"This column represents the maximum cooling capacity a power plant can achieve during winter conditions, allowing analysts to assess a plant's performance and suitability for cold-weather operations."
454f652e_01_01_28,"This column represents the planned capacity of a power plant, allowing users to analyze generation potential and assess the impact of plant size on energy output."
454f652e_01_01_29,"This column represents the total installed capacity of power plants that have been retired, allowing analysts to assess the impact of plant closures on overall energy supply."
454f652e_01_01_30,"This column contains the generating capacity of a power plant, allowing users to analyze power production levels and assess plant performance."
454f652e_01_01_31,"This column contains the size of the power plant, allowing users to analyze power generation capacity and compare different facilities."
454f652e_01_01_32,"This column indicates the type of unit at a power plant, allowing analysts to understand the specific technology used for electricity generation."
454f652e_01_01_33,"This column contains the primary fuel source used by each power plant, and analysts would use this information to understand the operational characteristics and environmental impact of different energy generation facilities."
454f652e_01_01_34,"This column contains the primary fuel source used by each power plant, allowing analysts to investigate the correlation between fuel type and plant performance, emissions, or operational characteristics."
454f652e_01_01_35,"This column contains the amount of coal consumed by a power plant, allowing analysts to investigate the relationship between coal usage and other factors like electricity generation or environmental impact."
454f652e_01_01_36,"This column represents the amount of natural gas consumed by a power plant, allowing analysts to investigate the fuel source's impact on electricity generation and operational efficiency."
454f652e_01_01_37,"This column contains the amount of oil consumed by the power plant, allowing analysts to investigate factors influencing energy production and optimize operational efficiency."
454f652e_01_01_38,"This column contains the amount of electricity generated by power plants, allowing users to analyze energy production trends, assess grid stability, or predict future energy demand."
454f652e_01_01_39,"This column represents the average percentage of time a power plant was operating during a given period, allowing analysts to assess plant efficiency and identify potential operational issues."
454f652e_01_01_40,"This column contains information about the type of power generation technology used at each plant, allowing users to analyze trends in energy production methods and their associated efficiencies."
454f652e_01_01_41,"This column contains data representing the operational status of a secondary unit within a power plant, allowing analysts to investigate variations in plant performance and identify potential issues related to specific equipment."
454f652e_01_01_42,"This column represents the number of electrical transmission lines, and analysts would use it to assess grid capacity, identify potential bottlenecks, or predict future energy demand."
454f652e_01_01_43,"This column contains the latitude coordinates of each power plant, allowing users to map their locations and analyze spatial patterns in energy production."
454f652e_01_01_44,"This column contains the longitude coordinates of the power plant's location, allowing users to map plant distribution and analyze spatial patterns in energy generation."
ed7873ad_01_01_01,"This column contains a unique numerical identifier for each record in the dataset, allowing users to track and reference specific port entries for analysis or reporting."
ed7873ad_01_01_02,"This column contains a unique identifier for each petroleum port, allowing users to track and analyze individual port records within the dataset."
ed7873ad_01_01_03,"This column contains the names of various petroleum ports, and users would utilize it to identify and locate specific port facilities within the dataset."
ed7873ad_01_01_04,"This column contains the state in which a petroleum port is located, allowing users to analyze port distribution and activity across different U.S. states."
ed7873ad_01_01_05,"This column holds the specific kind of petroleum product being handled at the port, allowing users to analyze shipping patterns and volumes by commodity type."
ed7873ad_01_01_06,"This column indicates the operational state of each port, allowing users to analyze port activity, identify potential disruptions, and track vessel movements."
ed7873ad_01_01_07,"This column contains the name of the county where a petroleum port is located, allowing users to analyze port distribution and concentration across different geographic regions."
ed7873ad_01_01_08,"This column contains unique numerical identifiers for each U.S. county, allowing users to link petroleum port data to specific geographic locations for analysis and mapping."
ed7873ad_01_01_09,"This column contains the name of the country where the petroleum port is located, allowing users to analyze port activity by geographic region."
ed7873ad_01_01_10,"This column contains the geographical coordinates of each port, allowing users to map port locations and analyze their distribution relative to other features in the dataset."
ed7873ad_01_01_11,"This column contains the east-west position of each port, allowing users to visualize port locations on a map and analyze spatial relationships between them."
ed7873ad_01_01_12,"This column contains the North American Industry Classification System code for each petroleum port, allowing users to categorize and analyze port activities based on their specific industry sector."
ed7873ad_01_01_13,"This column contains detailed North American Industry Classification System descriptions of the businesses represented in the dataset, allowing users to categorize and analyze port operations by their specific industry sector."
ed7873ad_01_01_14,"This column contains the origin of the data, allowing users to trace the source of information and assess its reliability or context within the Petroleum Ports dataset."
ed7873ad_01_01_15,"This column contains the date the data was originally sourced, allowing users to track the origin and potential age of the information for analysis and verification."
ed7873ad_01_01_16,"This column contains the method used to determine the value, allowing users to analyze and compare different valuation approaches within the petroleum port dataset."
ed7873ad_01_01_17,"This column contains the date of each transaction, allowing users to analyze trends and patterns in petroleum port activity over time."
ed7873ad_01_01_18,"This column contains the URL of each petroleum port's website, allowing users to access detailed information about the port's operations, facilities, and related services."
ed7873ad_01_01_19,"This column contains unique identifiers for each petroleum port, allowing users to categorize, analyze, and track data related to specific port locations within the dataset."
ed7873ad_01_01_20,"This column contains the name of the company operating each petroleum port, and it would be used to analyze port activity by operator or to identify trends in operations across different companies."
ed7873ad_01_01_21,"This column contains a categorical variable representing the relative position of vessels within a port, allowing analysts to understand vessel traffic patterns and prioritize operations based on location."
ed7873ad_01_01_22,"This column represents the quantity of crude oil, measured in thousands of tons, and would be used to track and analyze crude oil shipments through petroleum ports."
ed7873ad_01_01_23,"This column contains the volume of crude oil, in thousands of barrels, that was shipped through a petroleum port, allowing analysts to track crude oil transportation volumes and assess port activity."
ed7873ad_01_01_24,"This column represents the quantity of gas, measured in thousands of tons, which is used to assess the volume of gas handled at petroleum ports."
ed7873ad_01_01_25,"This column contains the volume of liquefied petroleum gas (LPG) measured in thousands of barrels per liquid year (kbbls), allowing users to analyze LPG throughput at petroleum ports."
ed7873ad_01_01_26,"This column represents the quantity of kerosene, measured in thousands of tons, and would be used to track and analyze kerosene throughput at petroleum ports."
ed7873ad_01_01_27,"This column represents the volume of kerosene (in thousands of barrels) shipped through petroleum ports, allowing analysts to track kerosene trade flows and assess supply dynamics within the industry."
ed7873ad_01_01_28,"This column represents the quantity of petroleum products, measured in thousands of tons, which is used to analyze shipping volumes and port activity."
ed7873ad_01_01_29,"This column represents the volume of petroleum products, measured in thousands of barrels, that passed through a port, allowing analysts to track shipping activity and assess supply chain dynamics."
ed7873ad_01_01_30,"This column represents the residual quantity of petroleum measured in thousands of tons, allowing users to analyze the remaining volume of a petroleum product after a specific process or transaction."
ed7873ad_01_01_31,"This column contains the reported daily crude oil volume in thousands of barrels (kbbls) delivered, allowing analysts to track and analyze crude oil supply volumes over time."
ed7873ad_01_01_32,"This column represents the quantity of lubricants, measured in thousands of tons, which is used to analyze the volume of lubricant shipments through petroleum ports."
ed7873ad_01_01_33,"This column represents the volume of lubricating oil, in thousands of barrels, that was processed at a petroleum port, allowing analysts to track demand and production trends for this specific product category."
ed7873ad_01_01_34,"This column represents the quantity of liquid petroleum products, specifically jelly, measured in thousands of tons, and would be used to analyze the volume of this product handled at a petroleum port."
ed7873ad_01_01_35,"This column contains the volume of crude oil delivered in kilobbls (thousands of barrels) by a specific vessel, allowing users to track and analyze crude oil shipments through petroleum ports."
ed7873ad_01_01_36,"This column represents the quantity of naphtha, measured in thousands of tons, which is used to assess the volume of this specific product handled at petroleum ports."
ed7873ad_01_01_37,"This column represents the volume of naphtha, measured in thousands of barrels, which analysts use to track and understand the supply and demand dynamics of this key petroleum product."
ed7873ad_01_01_38,"This column represents the quantity of asphalt produced, measured in thousands of tons, and is used to analyze asphalt production volumes and trends within petroleum ports."
ed7873ad_01_01_39,"This column contains the reported asphalt throughput in thousands of barrels per day, allowing analysts to track and understand the volume of asphalt being handled at petroleum ports."
ed7873ad_01_01_40,"This column represents the quantity of petroleum products transported in thousands of tons per week, allowing users to analyze shipping volumes and trends within the petroleum port network."
ed7873ad_01_01_41,"This column represents the volume of petroleum products, typically in thousands of barrels, and is used to analyze shipping quantities and port activity."
ed7873ad_01_01_42,"This column represents the quantity of liquefied petroleum gas, measured in metric tons, and would be used to analyze LPG production or trade volumes at petroleum ports."
ed7873ad_01_01_43,"This column contains the liquefied petroleum gas volume in thousands of barrels per day, allowing analysts to track LPG production and trade volumes at petroleum ports."
ed7873ad_01_01_44,"This column represents the quantity of miscellaneous petroleum products handled in thousands of tons, allowing users to analyze the volume of non-primary petroleum products moving through ports."
ed7873ad_01_01_45,"This column represents the volume of miscellaneous petroleum products, allowing users to analyze variations in non-standard shipments and their impact on overall port activity."
cec114d3_01_01_01,"This column holds a unique, persistent identifier for each record within the dataset, allowing users to track and reference specific features or objects across different analyses and applications."
cec114d3_01_01_03,"This column contains a unique identifier for each object within the dataset, allowing users to track and reference specific items for analysis or retrieval."
cec114d3_01_01_04,"This column contains a unique identifier for each record, allowing users to track and differentiate individual entries within the dataset."
cec114d3_01_01_05,"This column contains the physical address of a customer, which can be used for shipping, billing, or location-based analysis."
cec114d3_01_01_06,"This column contains supplemental address information, such as apartment numbers or building names, that can be used to refine location accuracy or provide more detailed geographic context."
cec114d3_01_01_07,"This column contains the name of the city, allowing users to analyze location-based trends or filter data by urban areas."
cec114d3_01_01_08,"This column contains the state where the event occurred, allowing users to analyze trends and patterns based on geographic location."
cec114d3_01_01_09,"This column contains postal zip codes, which can be used to analyze geographic patterns, segment customers, or determine shipping locations."
cec114d3_01_01_10,"This column contains four-digit zip codes, which can be used to geographically pinpoint locations and analyze spatial patterns within the dataset."
cec114d3_01_01_11,"This column contains the name of the county, allowing users to analyze data by geographic location and understand regional trends."
cec114d3_01_01_12,"This column contains unique numerical identifiers representing U.S. counties, which can be used to link data to specific geographic locations and analyze county-level statistics."
cec114d3_01_01_13,"This column contains National Association of Insurance Commissioners (NAIC) codes, which are used to identify and categorize different types of insurance products and policies for risk assessment and regulatory reporting."
cec114d3_01_01_14,North American Industry Classification System description
cec114d3_01_01_15,"This column contains the longitude coordinates of a location, allowing users to map and analyze spatial data for applications like tracking movements, determining distances, or understanding geographic distributions."
cec114d3_01_01_16,"This column contains the latitude coordinates, which can be used to pinpoint a location on a map or for geographic analysis."
cec114d3_01_01_17,"This column contains geographic location data, which could be used to analyze patterns in spatial distribution or understand relationships between locations and other variables."
cec114d3_01_01_18,"This column contains geographic location data, likely representing a phone number's location, which could be used to determine a user's whereabouts or identify their service area."
cec114d3_01_01_19,"This column contains unique identifiers for states, allowing users to categorize and analyze data based on geographical location."
cec114d3_01_01_20,"This column contains unique identifiers for each transaction, allowing users to track and analyze individual financial events within the dataset."
cec114d3_01_01_21,"This column contains the hierarchical level of a data point, allowing users to categorize and analyze information based on its position within a system or organization."
cec114d3_01_01_22,"This column contains the professional field of study or expertise for each record, allowing users to analyze trends in specific medical specialties or identify patients with particular areas of focus."
cec114d3_01_01_23,"This column contains an Electronic Materials Supplier License number, which a business would use to verify their authorization to supply electronic materials."
cec114d3_01_01_24,"This column contains the first part of a unique identifier, likely used to track or differentiate individual records within a dataset."
cec114d3_01_01_25,"This column contains unique identifiers for each transaction, allowing users to track and analyze individual financial events within the dataset."
cec114d3_01_01_26,"This column contains unique identifiers for genetic sequences, which researchers would use to track, analyze, and compare different genetic variations."
cec114d3_01_01_27,"This column contains a telephone number likely used for emergency contact information, allowing users to quickly reach someone in need of assistance."
cec114d3_01_01_28,"This column contains telephone numbers, which can be used for contacting individuals or businesses."
cec114d3_01_01_29,"This column contains emergency phone numbers, which could be used to contact individuals or authorities during an emergency situation."
cec114d3_01_01_30,"This column contains information about the movement or route being followed, allowing users to analyze and understand the sequence of actions or destinations within a dataset."
cec114d3_01_01_31,"This column contains the emergency title of the incident, allowing users to quickly identify the nature of the event and prioritize responses."
cec114d3_01_01_32,"This column contains the names of the entities in the dataset, which can be used for identification, categorization, or analysis based on individual identities."
cec114d3_01_01_33,"This column contains information about the user who owns the data, allowing users to identify the source or responsible party for the dataset."
29a5673e_01_01_01,"This column contains a unique numerical identifier for each public health department record, allowing users to track and differentiate individual agencies within the dataset."
29a5673e_01_01_02,"This column contains a unique identifier for each public health department, allowing users to track, reference, and analyze data specific to individual agencies."
29a5673e_01_01_03,"This column contains the names of public health departments, which can be used to identify and categorize different organizations responsible for public health services."
29a5673e_01_01_04,"This column contains the phone numbers of public health departments, which can be used for contacting them directly to inquire about services, report concerns, or obtain health information."
29a5673e_01_01_05,"This column contains the physical location of each public health department, which can be used for mapping, outreach, and understanding service areas."
29a5673e_01_01_06,"This column contains supplemental address information, such as apartment numbers or building names, which public health departments would use to precisely locate facilities and services within their jurisdiction."
29a5673e_01_01_07,"This column contains the name of the city where the public health department is located, and it would be used to analyze health trends and outcomes by geographic region."
29a5673e_01_01_08,"This column contains the name of each state, allowing users to analyze public health data by geographic location and identify trends or disparities across different states."
29a5673e_01_01_09,"This column contains the five-digit zip code for each location, allowing users to analyze public health data by geographic area and identify patterns related to specific populations or regions."
29a5673e_01_01_10,"This column contains unique postal codes for geographic locations, allowing users to analyze public health data by region or pinpoint specific areas of interest."
29a5673e_01_01_11,"This column contains the name of each county, allowing users to analyze public health data by geographic location and understand health trends within specific regions."
29a5673e_01_01_12,"This column contains unique numerical identifiers for geographic areas, primarily used to link public health data to specific counties or regions for analysis and reporting."
29a5673e_01_01_13,"This column contains textual instructions for reaching a public health department, which could be used to analyze accessibility, optimize navigation routes, or understand how people seek services."
29a5673e_01_01_14,"This column contains the titles of emergency declarations issued by public health departments, allowing users to analyze patterns of public health emergencies and their impacts across different regions."
29a5673e_01_01_15,"This column contains the name of the emergency telephone service provider used by the public health department, which can be used to track communication channels and service contracts."
29a5673e_01_01_16,"This column contains data on emergency department visits related to external causes of injury, allowing users to analyze trends in injury types and their associated circumstances for public health monitoring and intervention planning."
29a5673e_01_01_17,"This column contains the date a contamination event was reported to the public health department, allowing users to track the timeline and spread of contamination incidents."
29a5673e_01_01_18,"This column contains information about the number of COVID-19 cases reported by public health departments, allowing users to track infection trends and monitor public health responses."
29a5673e_01_01_19,"This column contains the date of a public health event, allowing users to analyze trends and patterns over time, such as disease outbreaks or intervention effectiveness."
29a5673e_01_01_20,"This column contains the method of transportation used in each reported case, allowing users to analyze disease spread patterns based on how people are moving."
29a5673e_01_01_21,"This column contains codes representing the specific health issue themes investigated by each public health department, allowing users to analyze trends and priorities across different health concerns."
29a5673e_01_01_22,"This column contains National Ambient Air Code System codes, which public health departments use to classify and track air quality data for public health monitoring and reporting."
29a5673e_01_01_23,"This column contains detailed descriptions of North American Industry Classification System (NAICS) codes, allowing users to categorize businesses by their industry sector for public health analysis and research."
29a5673e_01_01_24,"This column contains unique identifiers for geographic locations, allowing users to link public health data to specific locations for analysis and reporting."
29a5673e_01_01_25,"This column contains the number of reported cases of a specific disease or health condition within a particular public health department, allowing users to track disease prevalence and monitor public health interventions."
29a5673e_01_01_26,"This column represents the number of reported cases of a specific disease or health condition, allowing users to analyze disease trends and public health interventions."
29a5673e_01_01_27,"This column contains the names of the vendors providing services to the public health department, allowing users to track and analyze the organizations they contract with."
29a5673e_01_01_28,"This column contains the version number of the public health system software, allowing users to track updates, compatibility, and potential bug fixes within their data management systems."
29a5673e_01_01_29,"This column contains geographic location data, allowing users to analyze public health trends and patterns by region."
29a5673e_01_01_30,"This column contains the geographic location of a phone number, allowing users to determine the public health department responsible for that area."
29a5673e_01_01_31,"This column indicates the quality control and assurance status of a public health department record, allowing users to filter or analyze data based on its level of verification and accuracy."
29a5673e_01_01_32,"This column contains the URLs of public health department websites, which can be used to analyze their online presence, access health information, or investigate public health initiatives."
29a5673e_01_01_33,"This column contains a unique, hierarchical code identifying a specific public health department, allowing users to categorize and analyze health data by geographic location."
29a5673e_01_01_34,"This column contains unique identifiers assigned by the U.S. Geological Survey’s Geographic Names Information System (GNIS) for geographic features, allowing users to link public health data to specific locations for analysis and mapping."
29a5673e_01_01_35,"This column contains the original source of the data, allowing users to trace the origin of information and assess its reliability or potential biases."
29a5673e_01_01_36,"This column indicates the administrative level of the public health department, allowing users to analyze health data by geographic region, such as federal, state, or local levels."
29a5673e_01_01_37,"This column contains the total number of staff employed by each public health department, which can be used to analyze staffing levels and resource allocation within the public health system."
29a5673e_01_01_38,"This column indicates whether the public health department possesses specialized equipment, allowing users to assess the resources available for specific health programs and investigations."
29a5673e_01_01_39,"This column contains data on surveillance detections of specific diseases, allowing public health departments to track outbreaks, monitor disease trends, and inform public health interventions."
1039cbc9_01_01_01,"This column contains a unique numerical identifier for each observation in the dataset, allowing users to track and reference individual records for analysis or further investigation."
1039cbc9_01_01_02,"This column contains data representing the minimum operational hours for abrasive and other industrial mining operations, allowing users to analyze production efficiency and resource allocation within these industries."
1039cbc9_01_01_03,"This column contains the specific type of abrasive commodity being produced, allowing users to categorize and analyze production data by material type, such as aluminum oxide or silicon carbide."
1039cbc9_01_01_04,"This column contains the names of individual manufacturing sites, allowing users to identify and analyze operational data for specific facilities within the abrasive and industrial minerals industry."
1039cbc9_01_01_05,"This column contains the names of the companies represented in the dataset, which can be used to identify and categorize the different businesses involved in abrasive and industrial operations."
1039cbc9_01_01_06,"This column contains the specific state where the abrasive manufacturing operation is located, allowing users to analyze trends and distributions of these businesses across different states."
1039cbc9_01_01_07,"This column contains the name of the county where the abrasive manufacturing operation is located, allowing users to analyze trends and patterns by geographic region."
1039cbc9_01_01_08,"This column contains the geographical coordinates of the manufacturing facility, allowing users to analyze the spatial distribution of abrasive and industrial operations."
1039cbc9_01_01_09,"This column contains the geographical longitude coordinates of each operation, allowing users to analyze the spatial distribution of abrasive and industrial operations."
1039cbc9_01_01_10,"This column indicates the minimum operating time (in minutes) for each plant, allowing analysts to assess production efficiency and identify plants with the lowest minimum operational requirements."
bfd307c1_01_01_01,"This column contains a unique numerical identifier for each child care center record, allowing users to track and reference specific centers within the dataset."
bfd307c1_01_01_02,"This column contains a unique identifier for each child care center, allowing users to track, reference, and distinguish between individual facilities within the dataset."
bfd307c1_01_01_03,"This column contains the names of the child care centers, allowing users to identify and differentiate between various facilities for analysis or comparison."
bfd307c1_01_01_04,"This column contains the physical location of each child care center, allowing users to map them, determine proximity to clients, or analyze geographic distribution."
bfd307c1_01_01_05,"This column contains the city where each child care center is located, allowing users to filter and analyze centers by geographic region."
bfd307c1_01_01_06,"This column contains the state where the child care center is located, allowing users to analyze center distribution and identify regional trends."
bfd307c1_01_01_07,"This column contains the postal zip code for each child care center, which can be used to analyze center locations, identify regional trends, or target marketing efforts based on geographic areas."
bfd307c1_01_01_08,"This column contains a five-digit zip code, allowing users to geographically analyze child care center locations and understand their distribution within specific areas."
bfd307c1_01_01_09,"This column contains the contact telephone number for each child care center, allowing users to reach out for inquiries, scheduling, or further information."
bfd307c1_01_01_10,"This column indicates the specific kind of child care center, allowing users to filter and analyze data based on center types like daycare, preschool, or after-school programs."
bfd307c1_01_01_11,"This column indicates whether the child care center is currently open and operating, allowing users to filter and analyze data based on the centers' active status."
bfd307c1_01_01_12,"This column contains the total number of people residing in the area surrounding each child care center, allowing users to analyze the potential customer base and assess the demand for services in a specific location."
bfd307c1_01_01_13,"This column contains the county in which each child care center is located, allowing users to analyze center distribution and identify areas with high concentrations of services."
bfd307c1_01_01_14,"This column contains unique numerical codes identifying each county in the United States, allowing users to filter and analyze child care center data by geographic location."
bfd307c1_01_01_15,"This column contains the country where the child care center is located, allowing users to analyze center distribution and trends across different nations."
bfd307c1_01_01_16,"This column contains the geographic coordinates of each child care center, allowing users to map their locations and analyze their distribution across a region."
bfd307c1_01_01_17,"This column contains the geographic longitude coordinates of each child care center, allowing users to map their locations and analyze their distribution across a region."
bfd307c1_01_01_18,"This column contains the North American Industry Classification System code for each child care center, allowing users to categorize and analyze centers based on their specific services and business activities."
bfd307c1_01_01_19,"This column contains the North American Industry Classification System description for each child care center, allowing users to categorize and analyze centers based on their specific services and business activities."
bfd307c1_01_01_20,"This column indicates the origin of the child care center information, allowing users to analyze data based on whether it came from a directory, a website, a survey, or another source."
bfd307c1_01_01_21,"This column contains the date the child care center was sourced, allowing users to analyze trends in center creation over time or identify when new centers are being established."
bfd307c1_01_01_22,"This column contains the specific method used for evaluating the child care center, allowing researchers to analyze the effectiveness of different assessment approaches."
bfd307c1_01_01_23,"This column stores the date of a valuation performed on a child care center, allowing analysts to track trends in center quality and performance over time."
bfd307c1_01_01_24,"This column contains the URL of each child care center's website, allowing users to access more information about the facility, its programs, and staff."
bfd307c1_01_01_25,"This column indicates the specific type of child care center, such as daycare, preschool, or before-and-after school care, allowing users to filter and analyze centers based on their service offerings."
2cb51201_01_01_01,"This column contains a unique numerical identifier for each landfill facility within the dataset, allowing users to track and reference specific facilities for analysis or reporting."
2cb51201_01_01_02,"This column contains a unique identifier for each solid waste landfill facility, allowing users to track, analyze, and compare different landfill locations and their associated data."
2cb51201_01_01_03,"This column contains the names of various solid waste landfill facilities, allowing users to identify and locate specific sites for research, analysis, or operational purposes."
2cb51201_01_01_04,"This column contains the physical location of each landfill facility, allowing users to map their distribution, analyze proximity to population centers, or determine transportation routes."
2cb51201_01_01_05,"This column contains the name of the city where the landfill facility is located, and it would be used to analyze landfill distribution across different urban areas or to identify facilities within specific municipalities."
2cb51201_01_01_06,"This column contains the state where the landfill facility is located, allowing users to analyze waste management trends and distribution by geographic region."
2cb51201_01_01_07,"This column contains the postal zip code for each landfill facility, allowing users to analyze waste management distribution by geographic location."
2cb51201_01_01_08,"This column contains a five-digit zip code, allowing users to pinpoint the precise location of a landfill facility for mapping, analysis, and proximity-based research."
2cb51201_01_01_09,"This column contains the contact telephone number for the landfill facility, allowing users to reach out for inquiries, directions, or operational information."
2cb51201_01_01_10,"This column holds the specific category of landfill facility, allowing users to categorize and analyze landfills based on their operational type, such as municipal, industrial, or hazardous."
2cb51201_01_01_11,"This column indicates the operational state of the landfill facility, allowing users to analyze landfill activity, identify potential issues, or track changes in facility operations."
2cb51201_01_01_12,"This column contains the name of the county where the landfill facility is located, allowing users to analyze waste management patterns and trends by geographic region."
2cb51201_01_01_13,"This column contains unique five-digit codes identifying each county in the United States, allowing users to analyze solid waste landfill facility locations by geographic region."
2cb51201_01_01_14,"This column contains the nation where the landfill facility is located, allowing users to analyze waste management practices and trends across different countries."
2cb51201_01_01_15,"This column contains the geographical coordinates of the landfill facility, allowing users to map their locations and analyze spatial distributions related to waste management."
2cb51201_01_01_16,"This column contains the geographical longitude coordinates of each landfill facility, allowing users to map their locations and analyze spatial distributions."
2cb51201_01_01_17,"This column contains the North American Industry Classification System code for the landfill facility, allowing users to categorize and analyze the type of business operating the facility."
2cb51201_01_01_18,"This column contains a detailed description of the North American Industry Classification System (NAICS) code for each facility, allowing users to categorize and analyze landfill operations by their specific industry sector."
2cb51201_01_01_19,"This column contains the origin of the landfill facility information, allowing users to trace the data's source and assess its reliability for analysis and reporting."
2cb51201_01_01_20,"This column contains the date when the waste was sourced to the landfill facility, allowing users to analyze trends in waste intake over time and understand the facility's operational history."
2cb51201_01_01_21,"This column contains the method used for evaluating the landfill, allowing users to analyze the different approaches taken to assess landfill performance and compliance."
2cb51201_01_01_22,"This column contains the date of a landfill facility's valuation, allowing users to analyze trends in landfill values over time or assess the historical performance of specific facilities."
2cb51201_01_01_23,"This column contains the URL of the landfill facility's official website, which can be used to access information about operations, permitted waste types, and contact details."
2cb51201_01_01_24,"This column contains unique identification numbers for regulatory agencies, allowing users to filter and analyze landfill data by the specific jurisdiction responsible for oversight."
2cb51201_01_01_25,"This column contains the date when the landfill facility's status was recorded, allowing users to track changes in operational status over time and analyze trends in landfill activity."
2cb51201_01_01_26,"This column contains the name of the entity responsible for operating the landfill facility, and it would be used to analyze ownership structures and trends within the waste management industry."
2cb51201_01_01_27,"This column contains the date on which a landfill facility ceased operations, allowing users to analyze landfill lifespans, track trends in facility closures, and assess the evolution of waste management practices."
2cb51201_01_01_28,"This column contains the unique identification number assigned to a landfill facility’s operating permit, allowing users to track and manage permitted waste disposal sites."
1b442fb7_01_01_01,"This column contains a unique numerical identifier for each system operator record, allowing for precise tracking and referencing within the dataset."
1b442fb7_01_01_02,"This column contains a unique identifier for each Independent System Operator, allowing users to track and differentiate between various grid operators within the system."
1b442fb7_01_01_03,"This column contains the names of the Independent System Operators, which operators would use to identify and differentiate between various ISO entities within the dataset."
1b442fb7_01_01_04,"This column contains the physical location of each Independent System Operator, which can be used to map their operational areas, analyze regional grid dynamics, or facilitate communication and coordination."
1b442fb7_01_01_05,"This column contains the city where the Independent System Operator is located, which operators can be used to analyze regional grid operations and market dynamics."
1b442fb7_01_01_06,"This column contains the U.S. state in which the Independent System Operator (ISO) is located, allowing users to analyze ISO operations by geographic region."
1b442fb7_01_01_07,"This column contains the postal zip code for each system operator, which can be used to geographically analyze grid operations and identify regional trends."
1b442fb7_01_01_08,"This column contains the telephone numbers of the Independent System Operators, which operators would use to contact and communicate with relevant parties within the energy market."
1b442fb7_01_01_09,"This column indicates the nation where the Independent System Operator is located, allowing users to analyze and compare operations across different countries."
1b442fb7_01_01_10,"This column contains the North American Industry Classification System code for each system operator, allowing users to categorize and analyze them based on their specific industry sector."
1b442fb7_01_01_11,"This column contains detailed North American Industry Classification System descriptions, allowing users to categorize and analyze energy market participants by their specific industry activities."
1b442fb7_01_01_12,"This column contains the origin of the system operation data, allowing users to trace the source of information for analysis and decision-making within the energy grid."
1b442fb7_01_01_13,"This column contains the date when the system operator sourced the data, allowing users to track the origin and timeliness of market information."
1b442fb7_01_01_14,"This column indicates the specific method used for value assessment, allowing analysts to compare and understand the approaches taken to determine system value."
1b442fb7_01_01_15,"This column contains the date of a valuation, allowing users to analyze system performance and trends over time."
1b442fb7_01_01_16,"This column contains the URLs of the websites for each Independent System Operator, which analysts can use to gather information about their operations, services, and market presence."
1b442fb7_01_01_17,"This column represents the maximum electricity demand recorded during a specific period, allowing analysts to understand system stress and plan for potential grid constraints."
1b442fb7_01_01_18,"This column represents the average electricity demand measured by the Independent System Operator, which can be used to forecast energy needs and manage grid operations."
1b442fb7_01_01_19,"This column contains the calendar year for each observation, allowing users to analyze system operator performance and trends over time."
1b442fb7_01_01_20,"This column contains the length of the transmission line, allowing operators to assess capacity and plan for potential congestion or optimize power flow within the grid."
1b442fb7_01_01_21,"This column contains the geographical area managed by the Independent System Operator, allowing users to analyze system operations based on spatial distribution and identify potential impacts across different regions."
69927cfe_01_01_01,"This column contains a unique identifier for each record in the dataset, allowing users to link related information and track individual operations within the sand and gravel industry."
69927cfe_01_01_02,"This column contains a unique numerical identifier for each row in the dataset, allowing users to track and reference specific sand and gravel operation records."
69927cfe_01_01_03,"This column represents the volume of sand and gravel excavated per day, allowing users to track production rates and assess operational efficiency for sand and gravel operations."
69927cfe_01_01_04,"This column contains the names of the companies involved in sand and gravel operations, allowing users to identify and analyze the different businesses within the industry."
69927cfe_01_01_05,"This column contains the names of the various sand and gravel operations, allowing users to identify and categorize different mining sites within the dataset."
69927cfe_01_01_06,"This column contains the name of the county where the sand and gravel operation is located, allowing users to analyze production by geographic region."
69927cfe_01_01_07,"This column contains the state where the sand and gravel operation is located, allowing users to analyze production and trends by geographic region."
69927cfe_01_01_08,"This column contains unique numerical codes identifying specific geographic locations, primarily used for mapping and analyzing sand and gravel operations by region."
69927cfe_01_01_09,"This column contains unique numerical codes representing each U.S. state, allowing users to analyze sand and gravel operation data by geographic location."
69927cfe_01_01_10,"This column contains the geographical coordinates of each sand and gravel operation, allowing users to map their locations and analyze spatial patterns related to resource distribution."
69927cfe_01_01_11,"This column contains the geographical longitude coordinates for each sand and gravel operation, allowing users to map their locations and analyze spatial patterns."
69927cfe_01_01_12,"This column indicates the type of operation being performed, allowing users to categorize and analyze sand and gravel activities such as excavation, hauling, or processing."
69927cfe_01_01_13,"This column contains the type of material being extracted, such as sand or gravel, allowing users to categorize and analyze operations based on their primary product."
53feabf9_01_01_01,"This column contains a unique numerical identifier for each oil and gas field object, allowing users to track and reference individual fields within the dataset."
53feabf9_01_01_02,"This column contains unique identifiers for oil and gas fields, allowing users to track and analyze specific production sites within the dataset."
53feabf9_01_01_03,"This column contains the unique names of the oil and gas fields, allowing users to identify and differentiate between individual fields within the dataset."
53feabf9_01_01_04,"This column indicates the specific geological type of the oil and gas field, allowing users to analyze and compare fields based on their underlying geological characteristics."
53feabf9_01_01_05,"This column contains the nation where the oil and gas field is located, allowing users to analyze production and resource distribution by geographic region."
53feabf9_01_01_06,"This column contains the North American Industry Classification System code, allowing users to categorize oil and gas fields by their specific industry sector and analyze trends within those sectors."
53feabf9_01_01_07,"This column contains detailed North American Industry Classification System descriptions, allowing users to categorize oil and gas fields by their specific business activities and analyze industry trends."
53feabf9_01_01_08,"This column indicates the origin of the oil and gas field data, allowing users to filter and analyze information based on its source, such as government reports, academic studies, or industry databases."
53feabf9_01_01_09,"This column contains the date each oil and gas field was sourced, allowing users to analyze production trends and historical development over time."
53feabf9_01_01_10,"This column contains the method used to evaluate the oil and gas field, allowing users to analyze and compare results based on the specific assessment technique employed."
53feabf9_01_01_11,"This column contains the date of each oil and gas field valuation, allowing users to analyze trends and performance over time."
53feabf9_01_01_12,"The ‘play’ column contains a numerical score representing the likelihood of a well producing oil, and analysts would use this data to assess the potential profitability of drilling projects."
53feabf9_01_01_13,"This column contains the type of oil being traded, allowing users to analyze price trends and market dynamics for different oil grades."
53feabf9_01_01_14,"This column contains data representing the production rate of oil, allowing users to analyze oilfield output and monitor production trends."
53feabf9_01_01_17,"This column contains the percentage of gas in the oil, and someone would use it to analyze the composition of oil and gas fields for production optimization and resource evaluation."
53feabf9_01_01_20,"This column contains the geographical location of the oil and gas field, allowing users to analyze production trends and resource distribution by region."
53feabf9_01_01_21,"This column contains a boolean value indicating whether a given oil and gas field is a positive relative to a specified target, allowing analysts to identify fields with favorable characteristics for investment or development."
53feabf9_01_01_22,"This column contains the length of oil and gas fields, allowing users to analyze and compare the size of different fields for exploration and production purposes."
53feabf9_01_01_23,"This column contains the area of oil and gas fields, allowing users to analyze the size of potential reserves and assess their economic viability."
c4581794_01_01_01,"This column contains a unique numerical identifier for each object in the dataset, allowing users to track and reference specific assets within the ferrous metal process plants."
c4581794_01_01_03,"This column contains the names of various ferrous metal processing plant locations, which can be used to identify, categorize, and analyze different facilities within the dataset."
c4581794_01_01_04,"This column contains the names of various companies involved in ferrous metal processing, and users would leverage this data to analyze industry trends, identify key players, or categorize plants based on their owning organization."
c4581794_01_01_05,"This column contains information about the operational status of the ferrous metal processing plant, allowing users to analyze plant performance and identify potential issues or maintenance needs."
c4581794_01_01_06,"This column contains the administrative region where the plant is located, allowing users to analyze trends and patterns across different counties within the ferrous metal processing industry."
c4581794_01_01_07,"This column contains the plant's geographical location expressed as degrees, allowing users to visualize plant distribution, analyze regional trends, and potentially identify areas with specific resource availability or regulatory environments."
c4581794_01_01_08,"This column contains the plant's geographic longitude, allowing users to map and analyze the spatial distribution of ferrous metal processing facilities."
c4581794_01_01_09,"This column contains the name of the mine where the ferrous metal processing plant is located, allowing users to analyze plant distribution and relationships to specific ore sources."
c4581794_01_01_10,"This column contains the type of commodity being processed at the ferrous metal plant, allowing users to analyze production volumes and identify key materials handled."
b5a1d39a_01_01_01,"This column contains a unique identifier for each record in the dataset, allowing users to link related information and track specific agricultural mineral operations."
b5a1d39a_01_01_02,"This column contains a unique numerical identifier for each record in the dataset, allowing users to easily reference and track individual agricultural mineral operations."
b5a1d39a_01_01_03,"This column contains the total quantity of fertilizer applied to the field in pounds, providing farmers and agricultural analysts with data to track fertilizer usage and optimize crop yields."
b5a1d39a_01_01_04,"This column contains the type of agricultural product being traded, allowing users to analyze trends in specific crops or minerals like potash, phosphate, or nitrogen."
b5a1d39a_01_01_05,"This column contains the names of individual agricultural mineral operations, allowing users to identify and analyze specific mining sites within the dataset."
b5a1d39a_01_01_06,"This column contains the names of the companies involved in agricultural mineral operations, allowing users to identify and analyze the different businesses within the dataset."
b5a1d39a_01_01_07,"This column contains the two-letter ISO state code, allowing users to analyze mineral operations by geographic location and identify trends across different states."
b5a1d39a_01_01_08,"This column contains the name of each county where agricultural mineral operations are recorded, allowing users to analyze data by geographic location."
b5a1d39a_01_01_09,"This column contains the geographical coordinates of each operation, allowing users to map and analyze agricultural mineral activities across different locations."
b5a1d39a_01_01_10,"This column contains the geographical coordinates of each operation, allowing users to map and analyze agricultural mineral activities across a spatial area."
b5a1d39a_01_01_11,"This column contains the amount of plant nutrients applied to a field, allowing users to track and analyze fertilizer usage for crop production."
443ff20b_01_01_01,"This column contains a unique numerical identifier for each hospital record, allowing users to track and reference individual hospitals within the dataset."
443ff20b_01_01_02,"This column contains a unique identifier for each hospital record, allowing users to track, reference, and distinguish individual hospitals within the dataset."
443ff20b_01_01_03,"This column contains the names of hospitals, which can be used to identify and locate healthcare facilities for analysis or record-keeping."
443ff20b_01_01_04,"This column contains the physical location of each hospital, allowing users to map, analyze geographic distribution, and potentially identify hospitals near specific populations or services."
443ff20b_01_01_05,"This column contains the city where each hospital is located, allowing users to analyze hospital distribution and identify healthcare facilities by geographic region."
443ff20b_01_01_06,"This column contains the state where each hospital is located, allowing users to analyze hospital distribution and trends across different regions."
443ff20b_01_01_07,"This column contains the postal zip code for each hospital, allowing users to analyze hospital locations and potentially identify clusters or patterns based on geographic distribution."
443ff20b_01_01_08,"This column contains a five-digit zip code, allowing users to analyze hospital locations and identify patient populations based on geographic areas."
443ff20b_01_01_09,"This column contains the phone numbers of the hospitals, which can be used for contacting them directly or for locating them geographically."
443ff20b_01_01_10,"This column indicates the specific kind of hospital, allowing users to analyze hospital types for research, comparisons, or to understand the characteristics of different healthcare facilities."
443ff20b_01_01_11,"This column indicates whether a hospital is currently operational, allowing users to analyze hospital availability and capacity for patient care."
443ff20b_01_01_12,"This column contains the total population figures for each hospital's service area, allowing analysts to investigate the potential demand for healthcare services based on local demographics."
443ff20b_01_01_13,"This column contains the county in which each hospital is located, allowing users to analyze hospital distribution and healthcare access across different geographic regions."
443ff20b_01_01_14,"This column contains unique numerical codes identifying each U.S. county, allowing users to analyze hospital data by geographic location and understand healthcare distribution across different regions."
443ff20b_01_01_15,"This column contains the country where each hospital is located, allowing users to analyze hospital distribution and healthcare trends across different nations."
443ff20b_01_01_16,"This column contains the geographical coordinates of each hospital, allowing users to map hospital locations and analyze their distribution across different regions."
443ff20b_01_01_17,"This column contains the geographical longitude coordinates of each hospital, allowing users to map hospital locations and analyze spatial distributions."
443ff20b_01_01_18,"This column contains the North American Industry Classification System code for each hospital, allowing users to categorize and analyze hospitals based on their specific medical services and specialties."
443ff20b_01_01_19,"This column contains a detailed description of the hospital’s primary industry classification code (NAICS), allowing users to analyze hospital types and their characteristics within broader economic sectors."
443ff20b_01_01_20,"This column contains the original source of the patient's information, allowing users to trace the data's origin and assess its reliability."
443ff20b_01_01_21,"This column contains the date the data was sourced from, allowing users to track the origin and timeliness of hospital information."
443ff20b_01_01_22,"This column indicates the specific validation method employed during the model's development, allowing researchers to analyze the effectiveness of different approaches for assessing model performance."
443ff20b_01_01_23,"This column contains the date of a patient's visit to the hospital, allowing users to analyze trends in healthcare utilization over time or track patient outcomes based on their admission dates."
443ff20b_01_01_24,"This column contains the URL addresses of each hospital's official website, which can be used for further research, contacting the hospital, or accessing patient information."
443ff20b_01_01_25,"This column contains a unique numerical identifier for each state, allowing users to analyze hospital data by geographic location and identify trends or disparities across different states."
443ff20b_01_01_26,"The `alt_name` column contains alternative names for hospitals, allowing users to identify a facility by different names or variations of its official name."
443ff20b_01_01_27,"This column contains the five-digit FIPS code for each hospital, which can be used to identify and locate hospitals geographically and link them to other datasets based on location."
443ff20b_01_01_28,"This column contains the name of the entity that owns the hospital, which can be used to analyze hospital ownership structures and affiliations."
443ff20b_01_01_29,"This column represents the total number of staff members employed at a hospital, and it can be used to analyze staffing levels across different healthcare facilities or to investigate the relationship between staff size and patient outcomes."
443ff20b_01_01_30,"This column represents the number of hospital beds available, and it would be used to analyze hospital capacity, predict patient demand, or assess resource allocation."
443ff20b_01_01_31,"This column indicates whether a patient’s visit was associated with a traumatic injury, allowing researchers to analyze the prevalence and characteristics of trauma cases within a hospital’s patient population."
443ff20b_01_01_32,"This column indicates whether a hospital has a helipad for helicopter access, allowing users to identify facilities with this critical landing infrastructure."
b9f39dc9_01_01_01,"This column contains a unique numerical identifier for each venue in the dataset, allowing users to reference and track specific venues within the collection."
b9f39dc9_01_01_02,"This column contains a unique identifier for each sports venue, allowing users to link venue information with other data points and analyze venue characteristics."
b9f39dc9_01_01_03,"This column contains the names of various sports venues, allowing users to identify and locate specific arenas and stadiums for research, analysis, or event planning."
b9f39dc9_01_01_04,"This column contains the physical location of each sports venue, allowing users to map, locate, and analyze venues based on their geographic distribution."
b9f39dc9_01_01_05,"This column contains the name of the city where the sport venue is located, allowing users to filter or group venues by location."
b9f39dc9_01_01_06,"This column contains the state in which a major sport venue is located, allowing users to filter and analyze venues by geographic region."
b9f39dc9_01_01_07,"This column contains the postal code for each venue, allowing users to filter and locate sports arenas based on geographic location."
b9f39dc9_01_01_08,"This column contains a five-digit zip code, allowing users to pinpoint the precise geographic location of a sports venue for mapping, proximity analysis, or demographic targeting."
b9f39dc9_01_01_09,"This column contains the phone number for each sports venue, allowing users to contact the venue directly for inquiries, directions, or event information."
b9f39dc9_01_01_10,"This column indicates the kind of venue, such as stadium, arena, or field, allowing users to categorize and filter sports venues based on their specific function."
b9f39dc9_01_01_11,"This column indicates whether a venue is currently operational, under construction, or otherwise unavailable for use, allowing users to filter and analyze venues based on their current state."
b9f39dc9_01_01_12,"This column contains the population figures for each sport venue, allowing users to analyze the size of venues and their potential impact on surrounding communities."
b9f39dc9_01_01_13,"This column contains the name of the county in which the sports venue is located, allowing users to filter and analyze venues by geographic region."
b9f39dc9_01_01_14,"This column contains unique five-digit codes identifying each county in the United States, allowing users to link venue locations to specific geographic regions for analysis and mapping."
b9f39dc9_01_01_15,"This column contains the nation where the sport venue is located, allowing users to filter or analyze venues by geographic region."
b9f39dc9_01_01_16,"This column contains the geographical coordinates of each venue, allowing users to map and analyze the locations of major sports arenas."
b9f39dc9_01_01_17,"This column contains the east-west coordinates of each venue, allowing users to map the locations of sports arenas and stadiums on a geographic map."
b9f39dc9_01_01_18,"This column contains the North American Industry Classification System (NAICS) code for each venue, allowing users to categorize and analyze sports venues based on their primary industry sector."
b9f39dc9_01_01_19,"This column contains the North American Industry Classification System description for each venue, allowing users to categorize and analyze venues by their primary industry sector."
b9f39dc9_01_01_20,"This column contains the original source of the venue information, allowing users to trace the data's origin and assess its reliability."
b9f39dc9_01_01_21,"This column contains the date the venue information was originally sourced, allowing users to track the origin and potential reliability of the data."
b9f39dc9_01_01_22,"This column contains the method used to determine the venue's value, allowing users to analyze venue valuations based on the specific calculation approach employed."
b9f39dc9_01_01_23,"This column contains the date when a specific sports venue was established or last updated, allowing users to analyze venue age, trends in construction, or changes over time."
b9f39dc9_01_01_24,"This column contains the full name of the sports venue, allowing users to identify and locate specific arenas and stadiums within the dataset."
b9f39dc9_01_01_25,"This column contains the full name of the venue where a sporting event takes place, allowing users to identify and locate specific stadiums and arenas."
b9f39dc9_01_01_26,"This column contains the previous name of a sports venue, allowing users to track changes in venue names over time for historical analysis or venue research."
b9f39dc9_01_01_27,"This column contains the year the venue was changed or constructed, allowing users to analyze trends in sports venue development over time."
6796b9aa_01_01_01,"This column contains a unique numerical identifier for each well record, allowing users to track and reference specific wells within the dataset."
6796b9aa_01_01_02,"This column contains a unique identifier for each well, allowing users to track and reference specific wells within the dataset for analysis and investigation."
6796b9aa_01_01_03,"This column contains the unique identifier and descriptive name of each oil and natural gas well, allowing users to easily distinguish and reference individual wells within the dataset."
6796b9aa_01_01_04,"This column contains the names of the U.S. states where oil and natural gas wells are located, allowing users to analyze production data by geographic region."
6796b9aa_01_01_05,"This column indicates the specific kind of well, allowing users to categorize and analyze data based on well type for insights into production, geological characteristics, or operational strategies."
6796b9aa_01_01_06,"This column indicates the operational state of the well, allowing users to analyze well productivity, identify potential issues, and track changes in production over time."
6796b9aa_01_01_07,"This column contains the name of the county where the oil and natural gas well is located, allowing users to analyze production data by geographic region."
6796b9aa_01_01_08,"This column contains unique numerical codes identifying each county in the United States, allowing users to analyze oil and natural gas well data by geographic location."
6796b9aa_01_01_09,"This column contains the nation where the oil and natural gas well is located, allowing users to analyze production and resource distribution by geographic region."
6796b9aa_01_01_10,"This column contains the geographical coordinates of each well, allowing users to map well locations and analyze spatial distributions within the oil and natural gas field."
6796b9aa_01_01_11,"This column contains the geographical longitude coordinates of each well, allowing users to map well locations and analyze spatial distributions within the oil and natural gas field."
6796b9aa_01_01_12,"This column contains the North American Industry Classification System (NAICS) code for each well, allowing users to categorize wells by industry sector and analyze trends within specific energy-related industries."
6796b9aa_01_01_13,"This column contains detailed North American Industry Classification System descriptions of the businesses operating at each oil and natural gas well, allowing users to analyze well activity by industry sector."
6796b9aa_01_01_14,"This column contains the type of source from which the oil and natural gas was extracted, allowing users to analyze production by origin and understand regional variations in resource availability."
6796b9aa_01_01_15,"This column contains the date each oil and natural gas well was sourced, allowing users to analyze production trends over time or investigate the historical development of specific wells."
6796b9aa_01_01_16,"This column contains the method used to estimate the well's production value, allowing analysts to compare and evaluate different estimation techniques."
6796b9aa_01_01_17,"This column contains the date of each well's valuation, allowing users to analyze trends and performance over time."
6796b9aa_01_01_18,"This column contains the URL of the oil and natural gas well's associated website, allowing users to access further information about the well, its operator, and related data."
6796b9aa_01_01_19,"This column contains a unique identifier for each oil and natural gas well, allowing users to track and analyze individual wells within the dataset."
6796b9aa_01_01_20,"This column contains the American Petroleum Institute (API) gravity measurement, which is used to determine the density and volume of crude oil and natural gas."
6796b9aa_01_01_21,"This column contains the unique identification number assigned to each oil and natural gas well permit, allowing users to track and analyze well development projects based on their regulatory approvals."
6796b9aa_01_01_22,"This column contains the name of the company that owns and operates the oil and natural gas well, allowing users to analyze production trends by operator or investigate specific drilling activities."
6796b9aa_01_01_23,"This column contains unique identifiers for the companies operating the oil and natural gas wells, allowing analysts to investigate production trends and performance by operator."
6796b9aa_01_01_24,"This column contains the type of production fluid, such as oil, natural gas, or a combination, allowing users to analyze the composition of well output and understand production characteristics."
6796b9aa_01_01_25,"This column specifies the type of coordinate system used for each well's location, allowing users to understand the precision and format of the spatial data."
6796b9aa_01_01_26,"This column contains the latitude coordinates of the surface location of oil and natural gas wells, allowing users to map well locations and analyze spatial distributions."
6796b9aa_01_01_27,"This column contains the longitude coordinates of the surface location of oil and natural gas wells, allowing users to map well locations and analyze spatial distributions."
6796b9aa_01_01_28,"This column contains the latitude coordinates of the oil and natural gas well's location, allowing users to map well distributions and analyze spatial relationships."
6796b9aa_01_01_29,"This column contains the longitudinal coordinate of the well's location, allowing users to analyze well distribution and spatial relationships within a geographic area."
6796b9aa_01_01_30,"This column indicates the spatial relationship between two wells, allowing users to analyze the proximity, connectivity, and overall arrangement of oil and natural gas wells within a dataset."
6796b9aa_01_01_31,"This column contains the names of individual oil and natural gas wells, allowing users to identify and track specific production sites within the dataset."
6796b9aa_01_01_32,"The `compdate` column stores the date of the completion of an oil or natural gas well, allowing analysts to track well development timelines, identify trends in completion dates, and potentially correlate completion timing with production rates."
6796b9aa_01_01_33,"The `totdepth` column represents the total depth of a well in feet, and it would be used to analyze drilling depths, geological formations, and well productivity."
b5ef0aa5_01_01_01,"This column contains a unique numerical identifier for each ethanol plant record, allowing users to track and reference specific plants within the dataset."
b5ef0aa5_01_01_02,"This column contains a unique identifier for each ethanol plant, allowing users to track and analyze data specific to individual facilities within the dataset."
b5ef0aa5_01_01_03,"This column contains the unique names of the ethanol plants included in the dataset, allowing users to identify and differentiate between individual facilities for analysis and comparison."
b5ef0aa5_01_01_04,"This column contains the physical location of each ethanol plant, which can be used to analyze geographic distribution, identify regional trends, or determine proximity to raw materials."
b5ef0aa5_01_01_05,"This column contains supplemental address information for ethanol plants, which can be used to refine location data and improve mapping or analysis of plant distribution."
b5ef0aa5_01_01_06,"This column contains the names of the cities where the ethanol plants are located, allowing users to analyze plant distribution and regional trends."
b5ef0aa5_01_01_07,"This column contains the names of the U.S. states where ethanol plants are located, allowing users to analyze ethanol production by geographic region."
b5ef0aa5_01_01_08,"This column contains postal zip codes, which can be used to geographically analyze ethanol plant locations and understand their distribution across different regions."
b5ef0aa5_01_01_09,"This column contains the four-digit zip code segment, which can be used to pinpoint the geographic location of each ethanol plant for analysis and mapping purposes."
b5ef0aa5_01_01_10,"This column contains contact telephone numbers for the ethanol plants, which can be used to reach them for inquiries, data requests, or potential business relationships."
b5ef0aa5_01_01_11,"This column indicates the specific type of ethanol plant, allowing users to analyze and compare production methods and efficiencies across different plant categories."
b5ef0aa5_01_01_12,"This column indicates the operational state of each ethanol plant, allowing users to analyze production trends, identify potential issues, or segment plants based on their activity level."
b5ef0aa5_01_01_13,"This column contains the total number of people residing in each ethanol plant, allowing users to analyze population density and its relationship to production levels."
b5ef0aa5_01_01_14,"This column contains the name of the county where the ethanol plant is located, allowing users to analyze production trends by geographic region."
b5ef0aa5_01_01_15,"This column contains unique numerical codes identifying each county in the United States, allowing users to analyze ethanol plant distribution and trends geographically."
b5ef0aa5_01_01_16,"This column contains the name of the country where the ethanol plant is located, allowing users to analyze ethanol production by geographic region."
b5ef0aa5_01_01_17,"This column contains the geographical coordinates of each ethanol plant, allowing users to analyze their distribution across different regions and potentially identify patterns related to production or market access."
b5ef0aa5_01_01_18,"This column contains the geographic coordinates of each ethanol plant, allowing users to map their locations and analyze spatial patterns related to production or distribution."
b5ef0aa5_01_01_19,"This column contains the North American Industry Classification System (NAICS) code for each ethanol plant, allowing users to categorize and analyze the industry based on specific production processes."
b5ef0aa5_01_01_20,"This column contains detailed North American Industry Classification System (NAICS) descriptions for each ethanol plant, allowing users to categorize and analyze the industry based on specific production processes and products."
b5ef0aa5_01_01_21,"This column contains the origin of the ethanol, allowing users to analyze production by source type, such as corn, barley, or sugarcane, to understand feedstock preferences and regional variations in ethanol production."
b5ef0aa5_01_01_22,"This column contains the date each ethanol plant sourced its corn, allowing users to analyze production trends, identify key sourcing regions, and understand the supply chain for ethanol production."
b5ef0aa5_01_01_23,"This column contains the method used to evaluate the ethanol plant's performance, allowing users to analyze and compare different evaluation techniques."
b5ef0aa5_01_01_24,"This column contains the date of validation runs for the ethanol plants, allowing users to analyze performance trends over time and assess the impact of changes or improvements."
b5ef0aa5_01_01_25,"This column contains the URL addresses of the ethanol plants in the dataset, allowing users to access and learn more about each individual facility."
b5ef0aa5_01_01_26,"This column contains unique identification codes for ethanol plants, allowing users to track and analyze specific facilities within the dataset."
b5ef0aa5_01_01_27,"This column contains the names of the individuals or entities that own the ethanol plants in the dataset, allowing users to analyze ownership structures and identify key stakeholders within the industry."
b5ef0aa5_01_01_28,"This column contains a categorical label indicating the relative position of a plant within a field, allowing users to analyze spatial relationships and patterns in ethanol plant locations."
b5ef0aa5_01_01_29,"The column contains the plant's paddle diameter, which producers would use to assess plant size and potentially optimize fermentation processes."
b5ef0aa5_01_01_30,"This column contains the North American Industry Classification System (NAICS) code for each ethanol plant, allowing users to categorize and analyze the industry based on its specific production processes and related activities."
b5ef0aa5_01_01_32,"This column contains the headquarters phone number for each ethanol plant, allowing users to contact the plant's management or operations team."
b5ef0aa5_01_01_33,"This column represents the current production capacity of ethanol plants, allowing analysts to assess the overall scale of the industry and potential for future growth."
b5ef0aa5_01_01_34,"This column contains the unique identifier for each ethanol plant, allowing users to track and analyze individual facilities within the dataset."
b5ef0aa5_01_01_35,"This column contains projected corn ethanol production capacity in bushels per year, allowing analysts to assess the potential scale of future biofuel production and evaluate market opportunities."
b5ef0aa5_01_01_36,"This column contains the type of agricultural material, such as corn or wheat, used as the primary input for ethanol production, allowing analysts to investigate the impact of different feedstocks on production efficiency and yield."
b5ef0aa5_01_01_37,"This column contains information about the type of fermentation platform used in the ethanol production process, allowing users to analyze the impact of different platform technologies on yield and efficiency."
b5ef0aa5_01_01_38,"This column contains the name of the railroad company associated with each ethanol plant, allowing users to analyze transportation networks and logistical connections within the industry."
b5ef0aa5_01_01_39,"This column contains unique identifiers for each ethanol plant, allowing users to track and analyze data specific to individual facilities within the dataset."
b5ef0aa5_01_01_40,"This column contains unique identifiers for ethanol plants, allowing users to track and analyze specific facilities within the dataset."
b5ef0aa5_01_01_41,"This column contains the amount of protein in the corn grain, and researchers would use it to analyze the relationship between protein content and yield or other factors within the ethanol production process."
24687509_01_01_01,"This column contains a unique identifier for each record, allowing users to reference and track specific instances within the construction minerals operations dataset."
24687509_01_01_02,"This column contains a unique numerical identifier for each record in the dataset, allowing users to easily reference and track individual construction mineral operations."
24687509_01_01_03,"This column contains the primary operation type for a mineral production facility, allowing users to categorize and analyze the types of mining activities being conducted."
24687509_01_01_04,"This column contains the type of mineral being extracted, allowing users to analyze production volumes and trends by material like limestone or gravel."
24687509_01_01_05,"This column contains the names of individual construction mineral operation sites, allowing users to identify and analyze specific locations where materials like stone or aggregate are extracted."
24687509_01_01_06,"This column contains the names of the companies involved in the construction minerals industry, allowing users to identify and categorize different operators within the dataset."
24687509_01_01_07,"This column contains the state where the construction mineral operation is located, allowing users to analyze operational distribution and geographic trends within the industry."
24687509_01_01_08,"This column contains the name of the county where the construction mineral operation is located, allowing users to analyze trends and distributions of these operations across different geographic regions."
24687509_01_01_09,"This column contains the geographical coordinates of the operation, allowing users to visualize locations on a map and analyze spatial patterns related to construction mineral extraction."
24687509_01_01_10,"This column contains the geographical coordinates of the operation, allowing users to map and analyze the spatial distribution of construction mineral sites."
24687509_01_01_11,"This column contains the type of mineral being produced at a construction minerals operation, allowing users to analyze production volumes and identify key mineral outputs."
8fef1973_01_01_01,"This column contains a unique identifier for each object in the dataset, allowing users to track and reference individual instances within the collection."
8fef1973_01_01_02,"This column contains a unique numerical identifier for each generated unit, allowing for tracking and referencing individual records within the dataset."
8fef1973_01_01_03,"This column stores the unique identifier for each generated unit, allowing users to easily track and reference individual instances within the dataset."
8fef1973_01_01_04,"This column contains the names of cities, allowing users to analyze or filter data based on geographic location."
8fef1973_01_01_05,"This column contains the geographical location of each generated unit, allowing users to analyze and filter data based on regional distribution."
8fef1973_01_01_06,"This column contains postal zip codes, which can be used to geographically locate addresses and analyze spatial patterns within the dataset."
8fef1973_01_01_07,"This column indicates the specific category of generated unit, allowing users to filter and analyze data based on different types of entities."
8fef1973_01_01_08,"This column indicates whether a generated unit is active or inactive, allowing users to filter and analyze only the units currently in a functional state."
8fef1973_01_01_09,"This column contains the name of the country associated with each data point, allowing users to analyze or filter information by geographic location."
8fef1973_01_01_10,"This column contains the North American Industry Classification System code, allowing users to categorize and analyze businesses based on their industry sector."
8fef1973_01_01_11,"This column contains detailed North American Industry Classification System descriptions, allowing users to categorize businesses by their primary industry sector and understand their economic activity."
8fef1973_01_01_12,"This column indicates the origin of the generated data point, allowing users to track and analyze the source of information for further investigation or filtering."
8fef1973_01_01_13,"This column contains the date when a unit was originally sourced, allowing users to track the origin and age of each unit within the dataset."
8fef1973_01_01_14,"This column contains the name of the plant species, allowing users to categorize and analyze data based on plant types."
8fef1973_01_01_15,"This column contains a unique identifier for each plant, allowing users to track and categorize different plant species within the dataset."
8fef1973_01_01_16,"This column contains the type of operation performed, allowing users to categorize and analyze the actions taken within the generated data."
8fef1973_01_01_17,"This column contains unique identifiers for each operational unit, allowing users to track and differentiate between individual units within the dataset."
8fef1973_01_01_18,"This column represents the capacity of a generated unit, allowing users to understand the scale or size of each individual output produced by the system."
8fef1973_01_01_19,"This column indicates whether a product is a summer cap, allowing users to filter or analyze products based on their seasonal suitability."
8fef1973_01_01_20,"This column indicates whether a generated unit possesses a winter cap, allowing users to filter or analyze data based on the presence of this specific feature."
8fef1973_01_01_21,"This column contains the primary fuel source used by a generated unit, allowing users to analyze and filter units based on their energy requirements or operational characteristics."
8fef1973_01_01_22,"This column contains the amount of fuel consumed by a vehicle during a particular transaction, allowing users to analyze fuel efficiency trends and identify potential issues with vehicle performance."
8fef1973_01_01_23,"This column contains the type of fuel used in a specific section of a vehicle, allowing users to analyze fuel consumption patterns and identify trends based on fuel type."
8fef1973_01_01_24,"This column contains the amount of fuel consumed by a vehicle during a particular transaction, allowing users to analyze fuel efficiency trends and identify potential issues with vehicle performance."
8fef1973_01_01_25,"This column contains the primary MVR value, which can be used to categorize and analyze the characteristics of generated units based on their MVR performance."
8fef1973_01_01_26,"This column stores the date each run was executed, allowing users to analyze trends and patterns over time."
8fef1973_01_01_27,"This column contains the date each unit was generated, allowing users to analyze trends and patterns over time."
f37c3187_01_01_01,"This column contains a unique numerical identifier for each substation, allowing users to track and reference specific substations within the dataset."
f37c3187_01_01_02,"This column contains a unique numerical identifier for each substation, allowing users to easily reference and distinguish individual power distribution facilities within the dataset."
f37c3187_01_01_03,"This column contains the unique names of electrical substations, allowing users to identify and locate specific facilities within the dataset for analysis or mapping."
f37c3187_01_01_04,"This column contains the city where each substation is located, allowing users to analyze substation distribution and identify concentrations in specific geographic areas."
f37c3187_01_01_05,"This column contains the U.S. state where each substation is located, allowing users to analyze substation distribution and concentration across different regions."
f37c3187_01_01_06,"This column contains the postal zip code for each substation, allowing users to geographically analyze substation locations and potentially identify clusters or patterns based on zip code regions."
f37c3187_01_01_07,"This column indicates the specific kind of substation, allowing users to categorize and analyze substations based on their design and function, such as switching, transformation, or regulation."
f37c3187_01_01_08,"This column indicates whether a substation is currently operational, under maintenance, or in another status, allowing users to analyze equipment availability and prioritize maintenance efforts."
f37c3187_01_01_09,"This column contains the county in which each substation is located, allowing users to analyze substation distribution and identify concentrations within specific geographic areas."
f37c3187_01_01_10,"This column contains unique numerical identifiers for each county in the United States, allowing users to geographically filter and analyze substation data by location."
f37c3187_01_01_11,"This column contains the country where the substation is located, allowing users to analyze substation distribution and identify geographic patterns in energy infrastructure."
f37c3187_01_01_12,"This column contains the geographical coordinates of each substation, allowing users to analyze their locations and potentially determine proximity to power grids or other relevant infrastructure."
f37c3187_01_01_13,"This column contains the geographical longitude coordinates of each substation, allowing users to map substation locations and analyze spatial patterns."
f37c3187_01_01_14,"This column contains the North American Industry Classification System code, allowing users to categorize and analyze substation businesses based on their specific industry sector."
f37c3187_01_01_15,"This column contains detailed North American Industry Classification System descriptions, allowing users to categorize substations based on their specific industry activities and analyze trends within the power grid sector."
f37c3187_01_01_16,"This column contains the type of power source feeding the substation, allowing users to analyze power distribution networks and understand the origins of electricity."
f37c3187_01_01_17,"This column contains the date when the substation's power was sourced, allowing users to analyze historical energy flows and identify trends over time."
f37c3187_01_01_18,"This column indicates the specific method used for evaluating the model's performance, allowing users to analyze and compare the results based on different validation approaches."
f37c3187_01_01_19,"This column stores the date of a substation valuation, allowing users to analyze trends and performance over time."
f37c3187_01_01_20,"This column contains the number of electrical lines connected to each substation, allowing users to analyze network capacity and potential overload situations."
f37c3187_01_01_21,"This column contains the maximum voltage recorded at a substation, allowing users to analyze voltage levels for grid stability, equipment health monitoring, and potential overload detection."
f37c3187_01_01_22,"This column contains the minimum voltage reading for a substation, allowing users to monitor electrical system stability and identify potential issues related to voltage levels."
f37c3187_01_01_23,"This column contains the maximum inferred value, which engineers would use to assess the overall performance and potential capacity of a substation."
f37c3187_01_01_24,"This column represents the minimum inference time in seconds, allowing users to analyze the speed and efficiency of substation inference processes."
a14046c9_01_01_01,"This column contains a unique numerical identifier for each record within the dataset, allowing users to track and reference specific individuals or entities within the data."
a14046c9_01_01_02,"This column contains the National Geographic Area Identification Code, a unique numerical identifier assigned to each geographic area, allowing users to precisely locate and categorize census data based on specific locations."
a14046c9_01_01_03,"This column contains a unique identifier for each household within the American Red Cross’s data, allowing analysts to track and analyze demographic information for specific households across various surveys and reports."
a14046c9_01_01_04,"This column indicates the type of feature being represented for each data point, allowing analysts to understand the nature of the information being recorded, such as demographic characteristics or housing details."
a14046c9_01_01_05,"This column contains the full name of an individual, which researchers would use to identify and potentially analyze demographic characteristics within the dataset."
a14046c9_01_01_06,"This column contains demographic data categorized by geographic area, allowing users to analyze population characteristics and trends within specific regions."
a14046c9_01_01_07,"This column contains telephone numbers, which can be used to contact individuals for outreach, verification, or emergency communication."
a14046c9_01_01_08,"This column contains the residential addresses of individuals, allowing users to locate and target specific populations for outreach, data analysis, or service delivery."
a14046c9_01_01_09,"This column contains a secondary address field, allowing users to capture additional street addresses for more precise location data and improved geographic analysis."
a14046c9_01_01_10,"This column contains the name of the city where a household resides, and it would be used to analyze demographic trends and patterns by geographic location."
a14046c9_01_01_11,"This column contains the state in which a person resides, allowing users to analyze demographic data and trends by geographic location."
a14046c9_01_01_12,"This column contains the five-digit zip code for each individual, allowing users to analyze demographic data by geographic location."
a14046c9_01_01_13,"This column contains the unique four-digit zip code for each address, allowing users to geographically analyze and segment data based on location."
a14046c9_01_01_14,"This column contains the name of each county, allowing users to analyze and group data by geographic location to understand patterns and trends within specific areas."
a14046c9_01_01_15,"This column contains unique numerical identifiers for geographic areas, allowing users to link demographic data to specific counties or regions for analysis and reporting."
a14046c9_01_01_16,"This column contains the street addresses and geographic locations of shelters and facilities, allowing users to map and locate Red Cross resources for assistance and support."
a14046c9_01_01_17,"This column contains the title of the emergency reported, allowing users to categorize and analyze emergency types based on the reported event."
a14046c9_01_01_18,"This column indicates whether an individual has a registered emergency contact through the American Red Cross’s telephone service, allowing users to quickly connect with a contact in need of assistance."
a14046c9_01_01_19,"This column contains information about whether a household experienced a disaster or emergency event, allowing analysts to investigate the impact of these events on populations and identify vulnerable communities."
a14046c9_01_01_20,"This column contains the date a contact was counted, allowing users to analyze trends in contact frequency over time or investigate specific events based on their dates."
a14046c9_01_01_21,"This column contains the number of people living in a household, allowing users to analyze household size and demographic trends within the dataset."
a14046c9_01_01_22,"This column contains the date a specific individual was surveyed, allowing users to analyze trends and patterns in demographics over time."
a14046c9_01_01_23,"This column contains detailed information about the geographic location of a household, allowing users to analyze demographic trends by location and understand where populations are distributed."
a14046c9_01_01_24,"This column contains a categorical variable representing the primary themes or topics covered within each census tract, allowing users to analyze demographic and socioeconomic patterns based on these thematic areas."
a14046c9_01_01_25,"This column contains the National Association of Insurance Commissioners (NAIC) code, which is used to identify and categorize specific types of insurance policies and coverage for demographic and statistical analysis."
a14046c9_01_01_26,"This column contains a textual description of the North American Industry Classification System (NAICS) code, allowing users to categorize businesses by their industry sector and understand their economic activity."
a14046c9_01_01_27,"This column contains a unique identifier for geographic locations, allowing users to link demographic data to specific areas for analysis and reporting."
a14046c9_01_01_28,"This column contains census data on individual characteristics, allowing users to analyze demographic trends and patterns within specific geographic areas."
a14046c9_01_01_29,"This column contains data on whether a household was classified as having experienced a disaster, primarily used for analyzing disaster response needs and patterns."
a14046c9_01_01_30,"This column contains the names of the vendors providing services to the various Red Cross chapters, allowing users to analyze vendor relationships and spending patterns across different locations."
a14046c9_01_01_31,"This column contains the version number of the Standard Table used for the census data, allowing users to understand the specific data structure and its associated definitions."
a14046c9_01_01_32,"This column contains geographic location data, allowing users to analyze trends and patterns in Red Cross Chapter performance based on location."
a14046c9_01_01_33,"This column contains telephone location data, which can be used to determine a person’s geographic location based on their phone number."
a14046c9_01_01_34,"This column contains quality control and assurance data, allowing users to assess the reliability and accuracy of the underlying data within the dataset."
a14046c9_01_01_35,"This column contains the service area for each household, allowing users to analyze Red Cross support based on geographic location."
a14046c9_01_01_36,"This column contains the total population count for each census tract, allowing users to analyze demographic distribution and understand population density within specific geographic areas."
a14046c9_01_01_37,"This column contains the square mile indicator, a numerical code used to represent the size of census tracts for geographic analysis and mapping."
a14046c9_01_01_38,"This column contains the residential status of each individual, allowing users to analyze population demographics and understand housing arrangements within a specific geographic area."
a14046c9_01_01_39,"This column contains a unique, five-digit code identifying each census tract, allowing users to link demographic data to specific geographic areas for analysis and reporting."
9e71d816_01_01_01,"This column contains a unique numerical identifier for each refrigerated warehouse within the dataset, allowing users to track and reference specific facilities for analysis or retrieval."
9e71d816_01_01_02,"This column contains the names of the refrigerated warehouse locations, which can be used to identify their specific geographic locations and analyze distribution networks."
9e71d816_01_01_03,"This column contains a numerical rating representing the quality or performance of a refrigerated warehouse, allowing users to assess and compare different facilities based on their operational effectiveness."
9e71d816_01_01_04,"This column contains the total volume of refrigerated storage space, and someone would use it to assess the capacity of a warehouse for storing perishable goods."
9e71d816_01_01_05,"This column represents whether the refrigerated warehouse was operational during a specific period, allowing users to analyze warehouse availability and predict future demand."
9e71d816_01_01_06,"This column contains the name of each refrigerated warehouse, allowing users to identify and locate specific facilities within the dataset for analysis or tracking purposes."
9e71d816_01_01_07,"This column contains the primary street address of the refrigerated warehouse, allowing users to locate facilities and plan logistics routes."
9e71d816_01_01_08,"This column contains supplemental address information, such as apartment numbers or building names, which can be used to refine location searches and improve the accuracy of warehouse pinpointing."
9e71d816_01_01_09,"This column contains supplemental address information, such as a building number or suite number, that can be used to refine location accuracy and improve search functionality within the refrigerated warehouse dataset."
9e71d816_01_01_10,"This column contains the primary city where the refrigerated warehouse is located, allowing users to analyze storage capacity and distribution networks by geographic region."
9e71d816_01_01_11,"This column contains the state where the refrigerated warehouse is located, and it would be used to analyze warehousing trends by geographic region or to filter data based on a specific state."
9e71d816_01_01_12,"This column contains the first three digits of the warehouse's postal code, allowing users to geographically analyze warehouse locations and understand their distribution networks."
9e71d816_01_01_13,"This column contains the nation where the refrigerated warehouse is located, allowing users to analyze storage capacity and distribution networks by geographic region."
9e71d816_01_01_14,"This column contains the storage capacity of each refrigerated warehouse, allowing users to analyze warehouse sizes and determine suitability for specific product volumes."
27e29c2f_01_01_01,"This column contains unique identifiers for each patient record within the urgent care facility, allowing for tracking and linking of patient data across different systems."
27e29c2f_01_01_03,"This column contains a unique identifier for each patient visit, allowing researchers to track and analyze individual patient encounters within the urgent care facility."
27e29c2f_01_01_04,"This column contains a unique identifier for each patient visit, allowing for tracking and referencing specific patient records within the urgent care facility."
27e29c2f_01_01_05,"This column contains the patient's full name, which is used for patient identification and record keeping within the urgent care facility."
27e29c2f_01_01_06,"This column contains patient contact telephone numbers, which clinicians would use to communicate with patients, schedule follow-up appointments, or relay important medical information."
27e29c2f_01_01_07,"This column contains the patient's physical location, which clinicians would use to determine proximity to the urgent care facility, assess travel time, and potentially identify relevant local resources."
27e29c2f_01_01_08,"This column contains secondary address information, such as apartment numbers or building names, which can be used to refine location accuracy and understand patient visit details."
27e29c2f_01_01_09,"This column contains the city where the urgent care visit occurred, allowing users to analyze patient demographics and identify trends by location."
27e29c2f_01_01_10,"This column contains the state where the urgent care visit occurred, allowing users to analyze patient demographics and trends by geographic location."
27e29c2f_01_01_11,"This column contains the patient's zip code, which clinicians would use to identify the patient’s geographic location and potentially analyze patient demographics or referral patterns."
27e29c2f_01_01_12,"This column contains the four-digit zip code for each patient visit, allowing for analysis of patient demographics and geographic distribution of urgent care utilization."
27e29c2f_01_01_13,"This column contains the county where the urgent care visit occurred, allowing users to analyze patient demographics and healthcare utilization by geographic location."
27e29c2f_01_01_14,"This column contains a unique numerical identifier for each geographic area, allowing users to analyze and group patient data by location for insights into regional healthcare trends and patterns."
27e29c2f_01_01_15,"This column contains the textual instructions for navigating to the urgent care facility, which clinicians could use to provide patients with directions to their appointment."
27e29c2f_01_01_16,"This column contains the titles of emergency department visits, allowing users to categorize and analyze patient reasons for seeking urgent care services."
27e29c2f_01_01_17,"This column contains the telephone number associated with a patient’s emergency contact, which clinicians would use to reach them for urgent communication or follow-up regarding their care."
27e29c2f_01_01_18,"This column contains a physician’s subjective assessment of the patient’s immediate need for emergency care, allowing clinicians to prioritize patients based on the severity of their condition."
27e29c2f_01_01_19,"This column contains the date of each patient's consultation at the urgent care facility, allowing users to analyze trends in patient visits over time."
27e29c2f_01_01_20,"This column contains the number of patient visits to the urgent care facility, allowing users to track patient volume and identify trends in demand for urgent care services."
27e29c2f_01_01_21,"This column contains the date of the patient’s visit to the urgent care, allowing users to analyze trends in patient volume and treatment patterns over time."
27e29c2f_01_01_22,"This column contains a categorical variable representing the patient’s geographic location, allowing users to analyze patient demographics and identify trends in healthcare utilization by region."
27e29c2f_01_01_23,"This column contains a categorical code representing the patient’s primary reason for seeking care at the urgent care, allowing clinicians to classify visits by presenting symptom themes like infection, musculoskeletal, or dermatology."
27e29c2f_01_01_24,"This column contains standardized codes representing the type of medical service provided at the urgent care facility, allowing for analysis of patient diagnoses and service utilization."
27e29c2f_01_01_25,"This column contains a textual description of the business's North American Industry Classification System (NAICS) code, allowing users to categorize and analyze the type of healthcare services provided by the urgent care facility."
27e29c2f_01_01_26,"This column contains a unique identifier for a patient’s geographic location, allowing for tracking and analysis of patient origins and potential regional trends in urgent care visits."
27e29c2f_01_01_27,"This column contains the number of patient visits to the urgent care facility, allowing users to analyze patient volume and trends over time."
27e29c2f_01_01_28,"This column contains a binary indicator (0 or 1) representing whether the patient presented to the urgent care facility, allowing for analysis of patient volume and demand."
27e29c2f_01_01_29,"This column contains the name of the billing vendor used for each patient visit at the urgent care, allowing for analysis of billing relationships and potential cost optimization."
27e29c2f_01_01_30,"This column contains the patient’s version of the standard tetanus immunization record, allowing clinicians to track vaccination history and determine appropriate preventative care."
27e29c2f_01_01_31,"This column contains geographic location data, allowing users to analyze patient visits based on their location and potentially identify patterns related to regional health trends or service needs."
27e29c2f_01_01_32,"This column contains the geographic location associated with a patient's phone number, allowing for analysis of patient origins and potential referral patterns."
27e29c2f_01_01_33,"This column indicates the quality assurance status of the urgent care visit, allowing users to track and analyze the level of care provided during each encounter."
27e29c2f_01_01_34,"This column contains a unique identifier for each patient visit to the urgent care, allowing clinicians to track and manage individual patient records and analyze visit patterns."
BACHELOR_S_DEGREE_OR_HIGHER,"This column indicates whether an individual possesses a bachelor’s degree or higher, allowing researchers and analysts to examine educational attainment levels within a dataset for demographic or labor market studies."
BIRTHS,"The BIRTHS column in the USDA ERS dataset contains the number of live births reported, allowing users to analyze birth rates, fertility trends, and demographic shifts within populations."
CENSUS_POP,"This column contains the total population of each census tract, allowing users to analyze population density, distribution, and trends across different geographic areas."
CHR_V001_RAWVALUE,"This column represents the number of deaths occurring before the age of 75 within a given county, allowing users to assess the overall health burden and identify areas needing improvement."
CHR_V002_RAWVALUE,"This column indicates the proportion of residents in a county experiencing poor or fair health, allowing users to assess overall health status and identify areas needing improvement."
CHR_V003_RAWVALUE,"This column represents the percentage of adults in a given county who lack health insurance, allowing users to assess health disparities and identify areas needing improved access to care."
CHR_V004_RAWVALUE,"This column represents the number of primary care physicians per capita within a county, allowing users to assess access to essential healthcare services and identify areas needing more medical professionals."
CHR_V005_RAWVALUE,"This column represents the number of hospital admissions that could have been avoided through better primary care and chronic disease management, allowing users to assess the efficiency and effectiveness of their healthcare system."
CHR_V008_RAWVALUE,"This column contains the number of males aged 0-17 within each county, allowing users to analyze youth population trends and assess health outcomes within specific geographic areas."
CHR_V009_RAWVALUE,"This column contains data on the percentage of adults in a given county who currently smoke cigarettes, allowing users to assess and compare smoking rates across different geographic areas to identify health priorities and target interventions."
CHR_V010_RAWVALUE,"This column indicates whether a woman reported smoking during her pregnancy, and it can be used to assess maternal health risks and identify areas needing targeted smoking cessation programs."
CHR_V011_RAWVALUE,"This column contains the percentage of adults in a given county who are classified as obese, allowing users to analyze and compare obesity rates across different geographic areas to identify health disparities and target interventions."
CHR_V013_RAWVALUE,"This column represents the number of males aged 18 to 44 within a specific county, allowing users to analyze demographic trends and assess health outcomes within that age group."
CHR_V014_RAWVALUE,"This column represents the rate of births to teenagers per 1,000 residents, allowing users to assess adolescent reproductive health trends and identify communities with higher or lower rates for targeted interventions."
CHR_V015_RAWVALUE,"This column contains the rate of homicide deaths per 100,000 population, allowing users to assess the safety and well-being of communities and identify areas with disproportionately high levels of violent crime."
CHR_V016_RAWVALUE,"This column contains the number of males aged 45 to 64 within a specific county, allowing users to analyze demographic trends and assess health outcomes within that age group."
CHR_V017_RAWVALUE,"This column represents the number of men aged 65 and older within a county, allowing users to analyze age-related health trends and disparities across different geographic areas."
CHR_V018_RAWVALUE,"This column represents the percentage of motor vehicle crashes where multiple occupants were involved, allowing researchers and public health officials to investigate factors contributing to crash severity and identify areas needing targeted safety interventions."
CHR_V019_RAWVALUE,"This column represents the number of emergency room visits stemming from on-road motor vehicle crashes, allowing researchers and public health officials to assess traffic safety and identify areas needing intervention."
CHR_V021_RAWVALUE,"This column represents the percentage of adults in a county who have earned a high school diploma, allowing users to assess educational attainment and its potential impact on health outcomes within that area."
CHR_V023_RAWVALUE,"This column represents the percentage of the workforce that is currently without a job, allowing users to assess economic stability and potential challenges within a county."
CHR_V024_RAWVALUE,"This column represents the percentage of children living below the federal poverty level, allowing users to analyze and compare health outcomes across different geographic areas and identify communities with the greatest needs."
CHR_V025_RAWVALUE,"This column represents the total number of males residing in a given county, and it can be used to analyze demographic trends, assess public health needs, and compare population health outcomes across different areas."
CHR_V026_RAWVALUE,"This column represents the number of females aged 0 to 17 within each county, allowing users to analyze demographic trends and assess the health needs of young women within specific geographic areas."
CHR_V027_RAWVALUE,"This column represents the number of women aged 18 to 44 within a specific county, allowing users to analyze demographic trends and assess health outcomes within that population group."
CHR_V031_RAWVALUE,"This column represents the number of women aged 45 to 64 within a specific county, allowing users to analyze demographic trends and assess health outcomes within that age group."
CHR_V032_RAWVALUE,"This column represents the number of women aged 65 and older within a county, allowing users to analyze demographic trends and assess the health needs of older adult populations for targeted interventions and resource allocation."
CHR_V035_RAWVALUE,"This column represents the total number of women residing in a given county, and it would be used to analyze demographic trends, assess healthcare needs, and understand population health disparities within different geographic areas."
CHR_V036_RAWVALUE,"This column represents the number of days a person reports feeling physically unwell, allowing users to assess population health and identify areas needing improvement in well-being."
CHR_V037_RAWVALUE,"This column represents the percentage of infants born weighing less than 5.5 pounds, allowing users to assess the prevalence of low birthweight among a population and identify areas needing targeted interventions to improve maternal and infant health."
CHR_V039_RAWVALUE,"This column represents the number of deaths attributed to motor vehicle crashes, allowing users to assess road safety and identify communities with higher risks of traffic fatalities."
CHR_V042_RAWVALUE,"This column represents the number of days a person reports feeling emotionally or mentally unwell, allowing users to assess the prevalence of poor mental health within a population and identify areas needing support."
CHR_V043_RAWVALUE,"This column represents the rate of violent crime incidents per 100,000 population, allowing users to assess the safety and security levels within different counties and identify areas needing focused public health interventions."
CHR_V044_RAWVALUE,"This column represents the degree of disparity in income distribution within a county, allowing users to assess economic equity and its potential impact on population health outcomes."
CHR_V045_RAWVALUE,"This column contains data on the prevalence of sexually transmitted infections within a county, allowing users to assess public health trends and identify areas needing targeted intervention strategies."
CHR_V049_RAWVALUE,"This column represents the prevalence of excessive alcohol consumption within a county, allowing users to assess and compare health risks and needs across different geographic areas."
CHR_V050_RAWVALUE,"This column represents the percentage of women aged 40 and older who have had a mammogram screening, allowing users to assess breast cancer detection rates within a specific county and identify areas needing improved screening access."
CHR_V051_RAWVALUE,"This column contains the total number of residents within a specific geographic area, allowing users to analyze population density, growth trends, and demographic characteristics for health comparisons."
CHR_V052_RAWVALUE,"This column represents the percentage of the population under 18 years of age, allowing users to assess the proportion of children and adolescents within a county and understand the needs of this vulnerable demographic."
CHR_V053_RAWVALUE,"This column represents the percentage of a county’s population aged 65 and older, allowing users to assess the aging demographic and its potential impact on healthcare needs and community resources."
CHR_V054_RAWVALUE,"This column represents the percentage of the population in each county that identifies as non-Hispanic Black, allowing users to analyze racial demographics and understand health disparities across different geographic areas."
CHR_V055_RAWVALUE,"This column represents the percentage of the population in a county that identifies as American Indian and Alaska Native, allowing users to assess health disparities and needs within specific geographic areas."
CHR_V056_RAWVALUE,"This column represents the percentage of the population in each county that identifies as Hispanic, allowing users to analyze and compare demographic diversity within different geographic areas."
CHR_V057_RAWVALUE,"This column represents the percentage of the population in each county that identifies as female, which can be used to analyze gender-related health disparities and trends within communities."
CHR_V058_RAWVALUE,"This column represents the percentage of the population living in rural areas, allowing users to assess the degree of rurality within a county and its potential impact on health outcomes."
CHR_V059_RAWVALUE,"This column represents the percentage of a county’s population that does not possess a proficient level of English, and it can be used to assess linguistic diversity and potential barriers to healthcare access or social services within that community."
CHR_V060_RAWVALUE,"This column contains the percentage of adults in a county with a diagnosed diabetes diagnosis, allowing users to assess the risk of diabetes within a specific geographic area and identify communities needing targeted health interventions."
CHR_V061_RAWVALUE,"This column contains the rate of HIV infections per 100,000 people in each county, allowing users to assess the prevalence of HIV within a specific geographic area and identify communities needing targeted health interventions."
CHR_V062_RAWVALUE,"This column contains the number of mental health providers available within each county, allowing users to assess access to mental healthcare services in a specific geographic area."
CHR_V063_RAWVALUE,"This column represents the median income for households in a given county, allowing users to assess the financial well-being of a population and identify areas with potential health disparities."
CHR_V065_RAWVALUE,"This column indicates the percentage of children in a county who qualify for free or reduced-price school meals, allowing researchers and policymakers to assess and address food insecurity and health disparities among young populations."
CHR_V067_RAWVALUE,"This column represents the percentage of workers who commute to their jobs by driving alone, and it can be used to assess transportation patterns and their impact on health within a specific geographic area."
CHR_V069_RAWVALUE,"This column indicates the percentage of adults in a county who have completed some college coursework, allowing users to assess educational attainment levels within a geographic area."
CHR_V070_RAWVALUE,"This column represents the proportion of adults in a county who do not meet recommended physical activity guidelines, allowing users to assess the overall health of a community based on its levels of inactivity."
CHR_V080_RAWVALUE,"This column represents the percentage of the population in a county who identify as Native Hawaiian or Other Pacific Islander, allowing users to analyze health disparities and trends within specific geographic areas."
CHR_V081_RAWVALUE,"This column represents the percentage of the population in a county that identifies as Asian, and it can be used to analyze health disparities and trends within different demographic groups across geographic areas."
CHR_V082_RAWVALUE,"This column represents the percentage of children living with only one parent, and it can be used to analyze disparities in family structures and their potential impact on child well-being across different counties."
CHR_V083_RAWVALUE,"This column represents the extent to which residents in a given county have difficulty obtaining affordable and nutritious food, and it can be used to identify areas with significant food insecurity and target interventions to improve access to healthy options."
CHR_V085_RAWVALUE,"This column indicates the percentage of the population in a county who lack health insurance, allowing users to assess health disparities and identify areas needing greater access to affordable healthcare."
CHR_V088_RAWVALUE,"This column contains the number of dentists per 1,000 residents, allowing users to assess the availability of dental care within a specific county and identify areas needing greater access to oral health services."
CHR_V097_RAWVALUE,"This column contains the rate at which a county’s population is increasing, allowing users to analyze demographic trends and understand how population shifts might impact health outcomes and resource allocation."
CHR_V099_RAWVALUE,"This column contains the rate of new cancer diagnoses per 100,000 population, allowing users to assess cancer risk and disparities within different counties and inform public health interventions."
CHR_V100_RAWVALUE,"This column represents the number of hospitalizations for coronary heart disease, allowing users to assess the prevalence of this condition within a specific county and identify areas needing targeted healthcare interventions."
CHR_V101_RAWVALUE,"This column represents the number of hospitalizations for cerebrovascular diseases, allowing users to assess the burden of this condition within a specific geographic area and identify potential health disparities."
CHR_V103_RAWVALUE,"This column represents the percentage of children under a certain age who have received recommended vaccinations, allowing users to assess a county’s public health status and identify areas needing improved immunization rates."
CHR_V104_RAWVALUE,"This column contains data on the incidence of infectious diseases like influenza and measles within a county, allowing users to assess public health risks and identify areas needing targeted interventions."
CHR_V105_RAWVALUE,"This column represents the number of hospitalizations resulting from self-harm, and it can be used to identify communities with elevated risks of suicide and intentional injury requiring medical intervention."
CHR_V106_RAWVALUE,"This column represents the number of adults and children treated in hospitals for injury-related illnesses, allowing users to assess the prevalence of preventable injuries within a specific geographic area and identify potential health disparities."
CHR_V107_RAWVALUE,"This column represents the number of deaths among adults aged 65 and older due to falls, allowing researchers and public health officials to assess the risk of fall-related mortality within specific geographic areas and identify populations needing targeted interventions."
CHR_V109_RAWVALUE,"This column represents the number of hospitalizations directly attributable to alcohol consumption, allowing users to assess the burden of alcohol-related health issues within a specific county and identify areas needing targeted intervention."
CHR_V116_RAWVALUE,"This column represents the percentage of adults who can answer basic reading comprehension questions, allowing users to assess literacy levels within a specific geographic area and understand its impact on community health outcomes."
CHR_V117_RAWVALUE,"This column represents the percentage of workers participating in a tax-advantaged retirement savings plan, such as a 401(k), and can be used to assess financial security and preparedness within a county’s population."
CHR_V118_RAWVALUE,"This column represents the percentage of the population living below the poverty line, allowing users to assess economic hardship and health disparities within a county."
CHR_V119_RAWVALUE,"This column contains data on the prevalence of reported child abuse cases within each county, allowing users to assess and compare child safety and well-being across geographic areas."
CHR_V120_RAWVALUE,"This column represents the proportion of older adults in a given area who live independently, and it can be used to assess social isolation, access to support, and potential health needs within a community."
CHR_V122_RAWVALUE,"This column represents the percentage of children in each county without health insurance, allowing users to assess disparities in access to healthcare within communities and identify areas needing targeted interventions."
CHR_V123_RAWVALUE,"This column contains the year a specific healthcare structure, likely a hospital or clinic, was constructed, allowing users to analyze trends in healthcare infrastructure development over time."
CHR_V124_RAWVALUE,"This column contains the number of reported violations related to drinking water quality, allowing users to assess the safety and reliability of water sources within a given county."
CHR_V125_RAWVALUE,"This column contains measurements of particulate matter in the air, allowing users to assess the level of air pollution in a given county and understand its potential impact on public health."
CHR_V126_RAWVALUE,"This column represents the percentage of the population in each county that identifies as non-Hispanic White, allowing users to analyze racial demographics and understand health disparities within different geographic areas."
CHR_V127_RAWVALUE,"This column represents the rate of death before the age of 75 within a county, allowing users to assess the overall health status and identify areas needing improvement in mortality outcomes."
CHR_V128_RAWVALUE,"This column represents the number of infant deaths per 1,000 live births, allowing users to assess the health of children within a specific geographic area and identify communities with higher mortality rates for further investigation."
CHR_V129_RAWVALUE,"This column represents the number of infant deaths per 1,000 live births, allowing users to assess the health of a population by identifying areas with higher or lower rates of infant mortality and informing targeted interventions."
CHR_V131_RAWVALUE,"This column indicates the proportion of the population receiving primary care services from providers outside of traditional physician offices, allowing users to assess access to a broader range of primary care options within their community."
CHR_V132_RAWVALUE,"This column represents the availability of places and facilities where residents can engage in physical activity, and it can be used to assess a county’s overall health by examining how well its population has access to resources for a healthy lifestyle."
CHR_V133_RAWVALUE,"This column represents a composite score measuring the availability and accessibility of healthy food options within a county, allowing users to assess and compare the food environments of different communities."
CHR_V134_RAWVALUE,"This column represents the number of deaths attributed to motor vehicle crashes involving drivers with blood alcohol content at or above the legally permissible limit, allowing researchers to analyze the impact of drunk driving on mortality rates within specific counties."
CHR_V135_RAWVALUE,"This column contains the number of deaths attributed to injuries, allowing users to assess the burden of injury-related mortality within a specific geographic area and identify populations at greatest risk."
CHR_V136_RAWVALUE,"This column indicates the proportion of households experiencing significant housing challenges, allowing users to assess the extent of housing insecurity and its potential impact on community health outcomes."
CHR_V137_RAWVALUE,"This column represents the percentage of the population who primarily commute by driving alone, and it can be used to assess transportation challenges and their impact on health within a specific county."
CHR_V138_RAWVALUE,"This column contains the number of drug overdose deaths recorded for each county, allowing users to assess and compare substance use trends and health outcomes across different geographic areas."
CHR_V139_RAWVALUE,"This column represents the percentage of individuals within a county experiencing limited access to nutritionally adequate and wholesome foods, allowing users to assess and compare health outcomes across different geographic areas based on food security levels."
CHR_V140_RAWVALUE,"This column contains data reflecting social connections and relationships within a county, allowing users to assess community well-being and identify areas needing stronger social support networks."
CHR_V141_RAWVALUE,"This column represents the degree of separation between Black and White populations within a county, allowing researchers and policymakers to assess racial disparities and inequities in health outcomes across geographic areas."
CHR_V142_RAWVALUE,"This column represents the degree to which residents of different racial/ethnic groups live in geographically separate areas, and researchers would use it to analyze disparities in health outcomes linked to neighborhood segregation."
CHR_V143_RAWVALUE,"This column represents the percentage of adults in a county reporting difficulty getting enough sleep, allowing users to assess the prevalence of sleep-related challenges within a specific geographic area."
CHR_V144_RAWVALUE,"This column represents the prevalence of individuals reporting frequent physical distress, allowing users to assess the overall health burden and potential disparities within a county."
CHR_V145_RAWVALUE,"This column represents the percentage of adults in a county reporting experiencing frequent mental distress, allowing users to assess the mental health challenges within a specific geographic area and identify communities needing support."
CHR_V147_RAWVALUE,"This column represents the average number of years a person is expected to live in a given county, allowing users to assess the overall health and well-being of populations and identify areas needing improvement."
CHR_V148_RAWVALUE,"This column represents the number of deaths attributed to firearm-related injuries within a specific county, allowing users to assess the risk of firearm violence and identify areas needing targeted public health interventions."
CHR_V149_RAWVALUE,"This column represents the percentage of young people aged 16-24 who are neither employed nor enrolled in school, allowing users to assess the extent of youth disengagement within a specific geographic area and understand its potential impact on community well-being."
CHR_V150_RAWVALUE,"This column represents the number of hospital admissions related to opioid use, allowing users to assess the prevalence of opioid-related healthcare needs within a specific county."
CHR_V151_RAWVALUE,"This column represents the difference in median earnings between men and women in a given county, allowing users to analyze and understand gender-based income disparities within a geographic area."
CHR_V153_RAWVALUE,"This column contains data on the percentage of households that own their homes, allowing users to analyze the impact of housing stability on community health outcomes."
CHR_V154_RAWVALUE,"This column represents the percentage of household income spent on housing costs, allowing users to assess the financial strain individuals and families face due to housing expenses and its potential impact on health outcomes."
CHR_V155_RAWVALUE,"This column represents the percentage of the population in a county who have received a flu vaccination, allowing users to assess vaccination rates and identify areas needing increased outreach efforts."
CHR_V156_RAWVALUE,"This column represents the average daily traffic volume passing through a county, allowing users to assess the potential impact of congestion and air quality on population health."
CHR_V158_RAWVALUE,"This column contains the number of juvenile arrests, allowing users to analyze and compare rates of juvenile crime across different counties to understand and address potential disparities in youth justice outcomes."
CHR_V159_RAWVALUE,"This column contains standardized reading scores for adults, allowing users to assess literacy levels within a specific geographic area and identify areas needing educational support."
CHR_V160_RAWVALUE,"This column contains standardized math test scores for students, allowing users to assess academic performance within a specific geographic area and identify areas needing educational support."
CHR_V161_RAWVALUE,"This column contains the number of suicide deaths per 100,000 population, allowing users to assess the prevalence of suicide within a county and investigate factors contributing to this rate."
CHR_V166_RAWVALUE,"This column indicates the percentage of households in a county with access to broadband internet service, allowing users to assess the digital connectivity and potential health disparities within a geographic area."
CHR_V167_RAWVALUE,"This column represents the degree to which students of different racial and ethnic groups attend separate schools, and it can be used to assess disparities in educational opportunities and outcomes within a county."
CHR_V168_RAWVALUE,"This column represents the percentage of adults in a county who have earned a high school diploma, allowing users to assess educational attainment levels and identify areas needing improvement in educational outcomes."
CHR_V169_RAWVALUE,"This column represents the level of financial resources allocated to public schools within each county, allowing users to assess the potential for equitable educational opportunities based on local investment."
CHR_V171_RAWVALUE,"This column represents the percentage of a family’s income spent on child care, allowing users to assess the financial strain of early childhood education within different counties and identify areas with high costs or affordability challenges."
CHR_V172_RAWVALUE,"This column contains the number of licensed child care centers in a given county, allowing users to assess the availability of early childhood care and education resources within a specific geographic area."
CHR_V177_RAWVALUE,"This column represents the percentage of eligible voters who cast ballots in each county, allowing researchers and analysts to investigate the relationship between civic engagement and health outcomes."
CHR_V178_RAWVALUE,"This column indicates whether a household participated in the U.S. Census, providing a measure of community engagement and allowing users to assess the completeness of population data for health analysis and resource allocation."
CHR_V179_RAWVALUE,"This column represents the proximity and availability of public parks and recreational spaces within a county, allowing users to assess the potential for physical activity and outdoor recreation opportunities for its residents."
CHR_V180_RAWVALUE,"This column represents the percentage of the population experiencing functional limitations, allowing users to assess the extent to which residents are restricted in their daily activities and how this impacts community health."
CHR_V181_RAWVALUE,"This column represents the availability of public library services within a county, allowing users to assess the extent of literacy resources and community learning opportunities in a specific geographic area."
CHR_V182_RAWVALUE,"This column contains data on the frequency and severity of adverse climate events, such as floods, wildfires, and hurricanes, allowing users to assess the vulnerability of a county to climate-related health risks and disparities."
CHR_V183_RAWVALUE,"This column represents an individual’s self-reported feelings of isolation and disconnection, allowing users to assess social well-being within a specific geographic area and identify communities with higher or lower levels of loneliness."
CHR_V184_RAWVALUE,"This column represents the extent to which residents of a county have access to supportive relationships and social connections, allowing users to assess community well-being and identify areas needing targeted interventions to foster social support."
CI90LB017,"This column contains the lower bound of the 90% confidence interval for the average yield of a specific crop, allowing users to assess the range of potential yields with a high degree of certainty."
CI90LB017P,"This column contains the lower bound of the 90% confidence interval for the average price of corn, providing a range of likely prices used for agricultural forecasting and economic analysis."
CI90LB517,"This column contains the lower bound of the 90% confidence interval for the estimated production of a commodity, providing a range of likely values used for forecasting and analysis of agricultural production."
CI90LB517P,"This column contains the lower bound of the 90% confidence interval for the average yield of a crop, allowing users to assess the range of potential yields with a high degree of certainty."
CI90LBALL,"This column represents the average consumption of corn by livestock in the United States, providing insights into feed demand and livestock production trends for agricultural analysis and forecasting."
CI90LBALLP,"This column represents the average total crop land area planted with crops in billions of acres, providing a measure of overall crop production potential that can be used to analyze agricultural trends and predict future yields."
CI90LBINC,"This column contains the lower bound of the 90% confidence interval for the average value of the metric, providing a range of likely values for the corresponding agricultural statistic."
CI90UB017,"This column contains the crude oil price in US dollars per barrel, a key metric used by economists and analysts to track energy market trends and inform economic forecasting."
CI90UB017P,"This column contains the crude oil price (in dollars per barrel) reported by the U.S. Energy Information Administration (EIA), a key metric used to analyze and forecast energy market trends and inform economic decisions."
CI90UB517,"This column contains the crude oil price in US dollars per barrel, a key metric used to analyze energy markets and inform economic forecasting."
CI90UB517P,"This column contains the crude oil price in US dollars per barrel, a key metric used by economists and analysts to track energy market trends and inform economic forecasting."
CI90UBALL,"This column represents the 90th percentile of the U.S. Bureau of Labor Statistics’ (BLS) annual data on the average hourly earnings of production workers, providing a measure of wage distribution used to assess labor market trends and income inequality."
CI90UBALLP,"This column represents the 90th percentile of the U.S. Bureau of Labor Statistics’ (BLS) annual average hourly wage for all urban unit-wage areas, providing a benchmark for understanding wage levels across the country."
CI90UBINC,"This column represents the 90th percentile U.S. business income, providing a benchmark for assessing the income levels of agricultural businesses and informing economic analyses of the agricultural sector."
CIVILIAN_LABOR_FORCE,"This column represents the total number of people in the U.S. civilian workforce, allowing analysts to track employment trends and understand labor market dynamics."
DEATHS,"The DEATHS column in the USDA ERS dataset represents the number of deaths per 100,000 people, allowing researchers and analysts to examine mortality rates and trends across different populations and regions."
DOMESTIC_MIG,"This column contains data representing the annual movement of people within the United States, allowing researchers and analysts to track population shifts and understand demographic trends."
ECONOMIC_TYPOLOGY,"This column indicates the specific economic sector or industry being analyzed, allowing users to categorize agricultural data and understand trends within particular areas like livestock, crops, or specialty products."
EMPLOYED,"This column contains the number of individuals employed by a specific agricultural operation, allowing users to analyze workforce trends and understand employment levels within the sector."
ESTIMATES_BASE,"This column contains projected estimates of U.S. agricultural production, primarily focusing on the anticipated quantity of crops and livestock, allowing users to analyze future supply and potential market trends."
FOUR_YEARS_OF_COLLEGE_OR_HIGHER,"This column indicates whether an individual has completed four years of college education, allowing researchers to analyze educational attainment levels within a dataset."
GQ_ESTIMATES,"This column contains estimates of the total quantity of grain quantities produced by U.S. farms, allowing users to analyze crop production levels and trends."
GQ_ESTIMATES_BASE,"This column contains estimates of the total quantity of grain quantities (e.g., corn, wheat, soybeans) expected to be harvested by the U.S. Department of Agriculture, allowing users to track production levels and potential supply forecasts."
HIGH_SCHOOL_DIPLOMA_ONLY,"This column indicates whether an individual possesses a high school diploma, allowing researchers to analyze educational attainment levels within a dataset."
HIGH_SCHOOL_GRADUATE_OR_EQUIVALENCY,"This column indicates whether an individual possesses a high school diploma or its equivalent, allowing researchers and analysts to examine educational attainment levels within a dataset."
INTERNATIONAL_MIG,"This column represents the percentage of agricultural imports a country receives from foreign sources, allowing researchers to analyze trade patterns and understand a nation’s reliance on international agricultural markets."
LESS_THAN_A_HIGH_SCHOOL_DIPLOMA,"This column indicates whether an individual has attained less than a high school diploma, allowing researchers to analyze educational attainment levels within a dataset and understand their relationship to other variables like income or employment."
LESS_THAN_HIGH_SCHOOL_GRADUATE,"This column indicates whether an individual has attained less than a high school education, allowing researchers to analyze educational attainment levels within a dataset and understand their relationship to other variables."
MEDHHINC,"This column contains the median household income, allowing users to analyze income levels within different populations or geographic areas for research, economic analysis, or policy development."
MEDIAN_HOUSEHOLD_INCOME,"This column contains the median income for households, allowing users to analyze income levels across different geographic areas or demographic groups to understand economic trends and disparities."
MED_HH_INCOME_PERCENT_OF_STATE_TOTAL,"This column represents the median household income as a percentage of the state total, allowing users to analyze income disparities and economic trends across different states."
METRO,"This column contains data indicating whether a location is within a metropolitan statistical area, allowing users to analyze economic or demographic trends specific to urban populations."
NATURAL_CHG,"This column contains data representing the degree of natural change in a region, allowing users to analyze shifts in land use, vegetation, or ecological conditions over time."
NET_MIG,"This column represents the net migration of livestock, allowing users to analyze population changes within livestock herds and inform decisions related to livestock production and management."
N_POP_CHG,"This column represents the change in population for a specific agricultural region, allowing users to analyze population trends and their potential impact on agricultural production and demand."
PCTPOV017,"This column contains the percentage of consumers who believe that the U.S. agricultural system is environmentally sustainable, allowing researchers and analysts to track public perceptions of sustainability within the agricultural sector."
PCTPOV517,"This column represents the percentage of U.S. consumers who report believing that the U.S. economy is operating at its full potential, providing insights into consumer sentiment and perceptions of economic health."
PCTPOVALL,"This column represents the percentage of U.S. agricultural production attributed to various policy-influenced factors, allowing users to analyze the relative impact of government policies on crop yields and overall agricultural output."
PERCENT_OF_ADULTS_COMPLETING_FOUR_YEARS_OF_C,"This column contains the percentage of adults in the United States who have attained a bachelor’s degree or higher, allowing researchers and analysts to examine educational attainment levels and trends within the population."
PERCENT_OF_ADULTS_COMPLETING_SOME_COLLEGE_1_,"This column represents the proportion of adults aged 18-24 who have attended college for one to three years, allowing researchers and analysts to examine educational attainment trends and their relationship to other demographic or socioeconomic factors."
PERCENT_OF_ADULTS_COMPLETING_SOME_COLLEGE_OR,"This column contains the percentage of adults who have attained some college or an associate degree, allowing researchers and analysts to examine educational attainment levels within a population."
PERCENT_OF_ADULTS_WHO_ARE_HIGH_SCHOOL_GRADUA,"This column contains the percentage of adults in a population who have achieved a high school diploma or its equivalent, allowing researchers and analysts to examine educational attainment levels and their relationship to various socioeconomic factors."
PERCENT_OF_ADULTS_WHO_ARE_NOT_HIGH_SCHOOL_GR,"This column represents the proportion of the adult population lacking a high school diploma, allowing researchers and analysts to examine educational attainment levels and their relationship to demographic or economic factors."
PERCENT_OF_ADULTS_WITH_A_BACHELOR_S_DEGREE_O,"This column represents the percentage of adults aged 25 and over who have attained a bachelor’s degree or higher, allowing users to analyze educational attainment levels within a population and identify trends over time."
PERCENT_OF_ADULTS_WITH_A_HIGH_SCHOOL_DIPLOMA,"This column contains the percentage of adults who have only a high school diploma, and it can be used to analyze educational attainment levels within a population and identify trends in educational achievement."
PERCENT_OF_ADULTS_WITH_LESS_THAN_A_HIGH_SCHO,"This column contains the percentage of adults in a given area who have not completed a high school diploma, allowing researchers and policymakers to analyze educational attainment levels and identify areas with lower educational achievement."
PLACES_ACCESS2_AgeAdjPrv,"This column represents the percentage of adults aged 18-64 experiencing a lack of health insurance, adjusted for regional differences, allowing researchers and policymakers to analyze and understand health insurance coverage rates across geographic locations."
PLACES_ACCESS2_CrdPrv,"This column represents the percentage of adults aged 18-64 experiencing a lack of health insurance, allowing users to analyze health disparities and trends across different geographic locations."
PLACES_ARTHRITIS_AgeAdjPrv,"This column contains age-adjusted prevalence rates of arthritis among adults, allowing researchers and public health officials to understand the scope of the condition within different geographic locations and track trends over time."
PLACES_ARTHRITIS_CrdPrv,"This column contains the crude prevalence rate of arthritis among adult populations, allowing researchers and public health officials to assess the extent of the disease within specific geographic locations and identify areas needing targeted interventions."
PLACES_BINGE_AgeAdjPrv,"This column contains age-adjusted prevalence rates of binge drinking among adults, allowing researchers and public health officials to identify areas with high rates of this behavior and develop targeted interventions."
PLACES_BINGE_CrdPrv,"This column represents the percentage of adults in a given location who engage in binge drinking behaviors, allowing researchers to analyze patterns and trends in substance use across different areas."
PLACES_BPHIGH_AgeAdjPrv,"This column contains age-adjusted prevalence rates of high blood pressure among adults, allowing researchers and public health officials to track and understand the extent of this condition within different geographic locations."
PLACES_BPHIGH_CrdPrv,"This column contains the crude prevalence rate of high blood pressure among adults, allowing researchers and public health officials to assess the extent of the condition within a population and identify areas needing targeted intervention."
PLACES_BPMED_AgeAdjPrv,"This column represents the percentage of adults with high blood pressure who are taking medication to manage their condition, providing a key metric for assessing the effectiveness of blood pressure control efforts."
PLACES_BPMED_CrdPrv,"This column indicates the proportion of adults with high blood pressure who are taking medication to manage their condition, providing a basic measure of treatment uptake within the population."
PLACES_CANCER_AgeAdjPrv,"This column contains age-adjusted prevalence rates of cancer (excluding skin cancer) and melanoma among adult populations, allowing users to analyze the geographic distribution and incidence of these cancers."
PLACES_CANCER_CrdPrv,"This column contains the crude prevalence rates of cancer (excluding skin cancer) and melanoma among adult populations, allowing users to analyze geographic differences in cancer incidence and potentially identify areas with higher risk."
PLACES_CASTHMA_AgeAdjPrv,"This column represents the percentage of adults experiencing age-adjusted asthma prevalence, allowing researchers and public health officials to assess the scope of asthma within a population and identify areas needing targeted interventions."
PLACES_CASTHMA_CrdPrv,"This column contains the percentage of adults in each location who currently have asthma, allowing researchers to identify areas with higher rates of this chronic condition and investigate potential risk factors."
PLACES_CHD_AgeAdjPrv,"This column contains age-adjusted prevalence rates of coronary heart disease among adults, allowing researchers and public health officials to understand the burden of this disease within different geographic locations and assess population health trends."
PLACES_CHD_CrdPrv,"This column contains the prevalence of coronary heart disease among adults, allowing researchers and public health officials to analyze disease distribution across geographic locations and identify areas with higher risk."
PLACES_CHECKUP_AgeAdjPrv,"This column represents the proportion of adults who visited a doctor for a routine checkup within the past year, adjusted for age differences, and can be used to assess population health trends and identify areas with varying access to preventative care."
PLACES_CHECKUP_CrdPrv,"This column represents the proportion of adults who visited a doctor for a routine checkup within the last year, allowing users to analyze healthcare access and utilization patterns within specific geographic locations."
PLACES_CHOLSCREEN_AgeAdjPrv,"This column represents the percentage of adults who have had their cholesterol levels checked, adjusted for age, allowing researchers and public health officials to assess the reach of cholesterol screening programs and identify areas needing improvement."
PLACES_CHOLSCREEN_CrdPrv,"This column contains the percentage of adults in each place who have been screened for high cholesterol, allowing researchers to analyze rates of preventative care and identify areas with potential disparities in screening practices."
PLACES_COGNITION_AgeAdjPrv,"This column contains age-adjusted prevalence rates of cognitive disabilities among adult populations, allowing researchers and public health officials to understand the scope of this condition within specific geographic locations and inform targeted interventions."
PLACES_COGNITION_CrdPrv,"This column contains the estimated proportion of adults in each location who have a cognitive disability, allowing researchers to analyze the distribution and prevalence of this condition across different geographic areas."
PLACES_COLON_SCREEN_AgeAdjPrv,"This column represents the percentage of adults aged 45-75 who have undergone colorectal cancer screening, adjusted for age, and can be used to assess population-level screening rates and identify areas for improvement in cancer prevention efforts."
PLACES_COLON_SCREEN_CrdPrv,"This column represents the percentage of adults aged 45-75 who have undergone colorectal cancer screening, allowing researchers to analyze screening rates and identify populations with disparities in access to or uptake of this preventative service."
PLACES_COPD_AgeAdjPrv,"This column contains age-adjusted prevalence rates of chronic obstructive pulmonary disease among adults, allowing researchers and public health officials to track and understand the spread of the disease within different geographic locations."
PLACES_COPD_CrdPrv,"This column contains the overall percentage of adults with chronic obstructive pulmonary disease, allowing researchers and public health officials to track the prevalence of the disease within different geographic locations and assess potential health trends."
PLACES_CSMOKING_AgeAdjPrv,"This column represents the percentage of adults in each location who currently smoke cigarettes, providing a key metric for public health researchers and policymakers to assess smoking rates and target interventions."
PLACES_CSMOKING_CrdPrv,"This column represents the percentage of adults in a given location who currently smoke cigarettes, allowing researchers and public health officials to identify areas with high smoking prevalence and target interventions accordingly."
PLACES_DENTAL_AgeAdjPrv,"This column represents the percentage of adults who visited a dentist or dental clinic within the last year, allowing researchers and public health officials to understand access to dental care within specific geographic locations."
PLACES_DENTAL_CrdPrv,"This column indicates the proportion of adults who have seen a dentist or dental clinic within the last year, allowing researchers and public health officials to assess access to dental care within a population."
PLACES_DEPRESSION_AgeAdjPrv,"This column contains age-adjusted prevalence rates of depression among adults, allowing researchers and public health officials to understand the scope of the condition within different geographic locations and track trends over time."
PLACES_DEPRESSION_CrdPrv,"This column contains the crude prevalence of depression among adults, allowing researchers to analyze and understand the overall rate of depression within a population."
PLACES_DIABETES_AgeAdjPrv,"This column contains age-adjusted prevalence rates of diagnosed diabetes among adult populations, allowing researchers and public health officials to track and compare diabetes rates across different locations."
PLACES_DIABETES_CrdPrv,"This column contains the crude prevalence of diagnosed diabetes among adults, allowing researchers and public health officials to analyze and understand the distribution of this condition within different populations and geographic locations."
PLACES_DISABILITY_AgeAdjPrv,"This column represents the percentage of adults experiencing some form of disability, adjusted for age, allowing researchers and public health officials to understand the scope of disability within a population and identify areas needing targeted support or intervention."
PLACES_DISABILITY_CrdPrv,"This column represents the overall percentage of adults in a given location who experience some form of disability, allowing researchers and public health officials to assess the scope of disability prevalence across populations and geographic areas."
PLACES_EMOTIONSPT_AgeAdjPrv,"This column contains age-adjusted prevalence rates indicating the proportion of adults experiencing a lack of social and emotional support, allowing researchers to identify areas with significant needs and assess the impact of interventions."
PLACES_EMOTIONSPT_CrdPrv,"This column represents the estimated percentage of adults experiencing a lack of social and emotional support, and it can be used to identify areas with disproportionately high needs for mental health services and social support programs."
PLACES_FOODINSECU_AgeAdjPrv,"This column represents the percentage of adults experiencing food insecurity in the past year, allowing researchers and policymakers to understand the scope of this issue and target interventions effectively."
PLACES_FOODINSECU_CrdPrv,"This column represents the percentage of adults experiencing food insecurity in a given area over the last year, allowing researchers and policymakers to identify communities with high rates of food insecurity and target interventions accordingly."
PLACES_FOODSTAMP_AgeAdjPrv,"This column represents the percentage of adults who received food stamps in the past year, adjusted for age, and can be used to analyze food insecurity rates within specific geographic locations."
PLACES_FOODSTAMP_CrdPrv,"This column represents the percentage of adults in a given location who received food stamps within the last 12 months, allowing researchers to analyze food insecurity trends and patterns across different areas."
PLACES_GHLTH_AgeAdjPrv,"This column represents the percentage of adults who report their health as fair or poor, providing a measure of overall population health status that can be used to identify areas with significant health disparities or to track changes in well-being over time."
PLACES_GHLTH_CrdPrv,"This column represents the percentage of adults who report feeling fair or poor about their overall health, allowing researchers to analyze health disparities across geographic locations."
PLACES_HEARING_AgeAdjPrv,"This column contains age-adjusted prevalence rates of hearing disability among adult populations, allowing researchers and public health officials to assess and track the scope of this condition within specific geographic locations."
PLACES_HEARING_CrdPrv,"This column represents the percentage of adults in each location who experience hearing impairment, allowing researchers to identify areas with higher rates of this condition and investigate potential contributing factors."
PLACES_HIGHCHOL_AgeAdjPrv,"This column represents the age-adjusted prevalence of high cholesterol among adults who have ever undergone a screening, allowing users to analyze and understand the distribution of this condition across different geographic locations."
PLACES_HIGHCHOL_CrdPrv,"This column represents the proportion of adults who have been screened for cholesterol and have a high cholesterol diagnosis, allowing users to assess the overall prevalence of this condition within a population."
PLACES_HOUSINSECU_AgeAdjPrv,"This column represents the percentage of adults experiencing housing insecurity in the past year, allowing researchers and policymakers to identify areas with high vulnerability and target interventions accordingly."
PLACES_HOUSINSECU_CrdPrv,"This column represents the percentage of adults experiencing housing insecurity within a specific geographic location over the past year, allowing researchers and policymakers to identify areas with elevated needs and target interventions effectively."
PLACES_INDEPLIVE_AgeAdjPrv,"This column represents the percentage of adults living independently who also experience disability, adjusted for age, and can be used to assess the prevalence of this condition within specific geographic locations."
PLACES_INDEPLIVE_CrdPrv,"This column represents the approximate percentage of adults living independently who also experience disability, providing a broad measure of functional limitations within a population for analysis and understanding disability trends."
PLACES_LACKTRPT_AgeAdjPrv,"This column represents the percentage of adults who experienced difficulty accessing transportation over the last year, allowing researchers and policymakers to identify areas with significant transportation challenges and target interventions accordingly."
PLACES_LACKTRPT_CrdPrv,"This column represents the estimated percentage of adults who experienced difficulty obtaining reliable transportation over the last year, and it can be used to identify areas with significant transportation challenges and inform public health initiatives or resource allocation."
PLACES_LONELINESS_AgeAdjPrv,"This column contains age-adjusted prevalence rates of loneliness among adults, allowing researchers and analysts to investigate the distribution and potential risk factors associated with this mental health challenge across different geographic locations."
PLACES_LONELINESS_CrdPrv,"This column contains the crude prevalence of loneliness among adults, allowing researchers to analyze loneliness rates across different geographic locations and potentially identify areas with higher needs for support services."
PLACES_LPA_AgeAdjPrv,"This column represents the percentage of adults who do not engage in leisure-time physical activity, adjusted for age, and can be used to identify areas with high rates of inactivity and inform public health interventions."
PLACES_LPA_CrdPrv,"This column represents the percentage of adults who do not engage in leisure-time physical activity, allowing researchers to identify areas with high rates of inactivity and understand potential health disparities."
PLACES_MAMMOUSE_AgeAdjPrv,"This column represents the percentage of women aged 50-74 who receive mammograms, adjusted for age, and can be used to analyze patterns of breast cancer screening within different geographic locations."
PLACES_MAMMOUSE_CrdPrv,"This column represents the percentage of women aged 50-74 who have ever had a mammogram, allowing researchers to analyze patterns of screening behavior and potentially identify factors associated with mammography uptake within this demographic."
PLACES_MHLTH_AgeAdjPrv,"This column represents the percentage of adults in a given location experiencing significant mental distress, allowing researchers and public health officials to identify areas with elevated mental health challenges and target interventions accordingly."
PLACES_MHLTH_CrdPrv,"This column represents the percentage of adults in each location who report experiencing frequent mental distress, allowing researchers to identify areas with higher rates of mental health challenges and potentially target interventions."
PLACES_MOBILITY_AgeAdjPrv,"This column represents the percentage of adults experiencing age-adjusted mobility limitations, allowing researchers and public health officials to analyze and understand disability trends across geographic locations."
PLACES_MOBILITY_CrdPrv,"This column represents the estimated percentage of adults in a location experiencing some form of mobility disability, allowing researchers and public health officials to identify areas with higher needs and allocate resources accordingly."
PLACES_OBESITY_AgeAdjPrv,"This column contains age-adjusted prevalence rates of obesity among adult populations, allowing researchers and public health officials to analyze and understand obesity trends across different locations."
PLACES_OBESITY_CrdPrv,"This column contains the percentage of adults in each place who are classified as obese, allowing researchers and public health officials to identify areas with high rates of obesity and understand potential risk factors."
PLACES_PHLTH_AgeAdjPrv,"This column represents the age-adjusted prevalence of frequent physical distress experienced by adults, allowing researchers and public health officials to identify areas with higher rates of this condition and understand potential risk factors."
PLACES_PHLTH_CrdPrv,"This column represents the percentage of adults experiencing frequent physical distress, allowing researchers to identify areas with higher rates of this common health concern and investigate potential contributing factors."
PLACES_SELFCARE_AgeAdjPrv,"This column contains age-adjusted prevalence rates of self-care disability among adults, allowing researchers and public health officials to understand and track the burden of this condition within different geographic locations."
PLACES_SELFCARE_CrdPrv,"This column represents the proportion of adults experiencing difficulty with basic self-care activities, allowing researchers and public health officials to assess the scope of disability within a population and identify areas needing support."
PLACES_SHUTUTILITY_AgeAdjPrv,"This column represents the proportion of adults experiencing a threat of utility service shut-off within the last year, adjusted for age differences, and can be used to identify communities with elevated vulnerability to energy or water insecurity."
PLACES_SHUTUTILITY_CrdPrv,"This column indicates the percentage of adults who reported a threat of utility service shut-off within the last year, allowing researchers to assess vulnerability and identify communities at risk of energy or water insecurity."
PLACES_SLEEP_AgeAdjPrv,"This column represents the percentage of adults experiencing short sleep, adjusted for age, and can be used to identify areas with higher rates of sleep deprivation and inform public health interventions."
PLACES_SLEEP_CrdPrv,"This column represents the percentage of adults experiencing short sleep, providing a broad measure of sleep duration issues that researchers and public health officials could use to identify populations at risk and assess the impact of interventions."
PLACES_STROKE_AgeAdjPrv,"This column contains age-adjusted prevalence rates of stroke among adult populations, allowing researchers and public health officials to analyze and compare stroke risk across different geographic locations."
PLACES_STROKE_CrdPrv,"This column contains the crude prevalence of stroke among adult populations, allowing researchers and public health officials to analyze and understand stroke rates across different geographic locations."
PLACES_TEETHLOST_AgeAdjPrv,"This column represents the percentage of adults aged 65 and older who have lost all of their natural teeth, adjusted for differences in population across geographic areas, and can be used to assess oral health disparities and public health needs within a population."
PLACES_TEETHLOST_CrdPrv,"This column represents the proportion of adults aged 65 and older who have lost all of their natural teeth, and it can be used to assess the prevalence of tooth loss within a population and potentially identify areas with significant oral health disparities."
PLACES_VISION_AgeAdjPrv,"This column contains age-adjusted prevalence rates of vision disability among adult populations, allowing researchers and public health officials to assess and track the scope of this condition within different geographic areas."
PLACES_VISION_CrdPrv,"This column represents the proportion of adults experiencing some degree of vision impairment, allowing researchers and public health officials to assess the scope of the problem and target interventions for improved visual health."
POP_ESTIMATE,"This column contains estimated population figures for the United States, allowing users to analyze demographic trends and understand population distribution across different regions and time periods."
POV017,"This column represents the proportion of the total crop acreage planted with a particular crop, providing insights into crop distribution and potential yield variations."
POV517,"This column contains the percentage of total crop production that is planted to genetically engineered varieties, providing insights into the adoption and impact of biotechnology in agriculture."
POVALL,"The POVALL column in the USDA ERS dataset represents the total volume of milk produced by a dairy operation, allowing users to analyze dairy production trends and assess the overall supply of milk."
RESIDUAL,"This column contains the difference between actual energy consumption and the amount predicted by a model, allowing users to assess the accuracy of forecasts and identify areas for improvement in energy estimation."
RURAL_URBAN_CONTINUUM_CODE,"This column represents a classification of geographic areas along a rural-urban spectrum, allowing users to analyze and compare characteristics of places ranging from highly urban to completely rural."
R_BIRTH,"This column contains the number of livestock born during a specific period, allowing users to track livestock population growth and assess breeding success."
R_DEATH,"This column represents the number of livestock deaths reported to the USDA, allowing researchers and analysts to track animal mortality rates and investigate factors influencing livestock health and production."
R_DOMESTIC_MIG,"This column represents the annual movement of livestock within the United States, providing data for tracking animal migration patterns and informing decisions related to livestock management, trade, and regional agricultural planning."
R_INTERNATIONAL_MIG,"This column contains data on the quantity of agricultural products imported into the United States from international sources, allowing researchers and policymakers to analyze trade flows and assess global agricultural markets."
R_NATURAL_CHG,"This column contains data representing the natural change in crop production, allowing users to analyze shifts in agricultural output due to factors like weather, disease, or land use changes."
R_NET_MIG,"This column represents the net migration of livestock, providing data for agricultural planners and analysts to understand livestock movements and their impact on regional production and markets."
SOME_COLLEGE_1_3_YEARS,"This column indicates the length of time an individual attended some college, allowing researchers to analyze educational attainment levels and their relationship to other variables like income or employment."
SOME_COLLEGE_OR_ASSOCIATE_DEGREE,"This column indicates whether an individual has completed some college or an associate degree, and it’s used to analyze educational attainment levels within a dataset for research or demographic studies."
UNEMPLOYED,"This column contains the percentage of the labor force that is currently out of work, allowing analysts to track unemployment rates and understand economic trends."
UNEMPLOYMENT_RATE,"This column contains the percentage of the labor force that is unemployed, allowing users to analyze trends in joblessness and its impact on the economy."
URBAN_INFLUENCE,"This column represents the degree to which a rural area is influenced by nearby urban centers, allowing researchers to analyze the spatial relationships between urban and rural landscapes and understand factors like economic activity, population movement, and environmental impacts."
URBAN_INFLUENCE_CODE,"The Urban Influence Code indicates the degree to which a farm’s production is influenced by proximity to urban markets and consumers, allowing researchers to analyze the impact of urbanization on agricultural practices and economic outcomes."
