attr_label,gen_desc
6fbbd315_01_01_01,"This column contains unique numerical identifiers for each geographic area, allowing users to link demographic data to specific states for analysis and mapping."
6fbbd315_01_01_02,"This column contains the name of the U.S. state where a survey respondent resides, allowing users to analyze demographic data by geographic location."
a781336d_01_01_02,"This column contains the names of the U.S. states, allowing users to analyze demographic data by geographic location."
a781336d_01_01_03,"This column contains the names of individual counties, allowing users to analyze demographic and economic data at a granular, geographic level."
a781336d_02_01_01,"This column contains unique identifiers for geographic areas, allowing users to link census data to specific locations for analysis and mapping."
a781336d_02_01_02,"This column contains the name of the U.S. state where a survey respondent resides, allowing users to analyze demographic data by geographic location."
a781336d_02_01_03,"This column contains the name of each U.S. county, allowing users to analyze demographic and economic data at a granular, local level."
a781336d_02_01_45,"This column contains information about whether a household patronized grocery stores in 2009, allowing researchers to analyze consumer shopping habits and trends related to food retail."
a781336d_02_01_46,"This column contains information about whether a household reports purchasing groceries from stores in 2014, allowing researchers to analyze grocery shopping habits and trends within the population."
a781336d_02_01_57,"This column indicates the percentage of households that reported purchasing goods from convenience stores in 2009, allowing researchers to analyze consumer behavior and trends related to these types of retailers."
a781336d_02_01_58,"This column contains data on the number of convenience stores in each census tract, allowing researchers to analyze retail distribution and patterns within communities."
a781336d_02_01_141,"This column contains data on the number of places where an individual participated in physical activity during the past 12 months, allowing researchers to analyze physical activity levels within populations."
a781336d_02_01_171,"This column contains data indicating whether a household reported purchasing goods from a farmers' market in 2009, allowing researchers to analyze consumer behavior and trends related to local food systems."
a781336d_02_01_172,"This column contains data indicating whether a business is a farmers' market, allowing researchers to analyze the distribution and characteristics of these markets within a geographic area."
a781336d_02_01_195,"This column indicates whether a property was classified as a vegetable farm in the 2007 American Community Survey, allowing researchers to analyze agricultural production and land use patterns."
a781336d_02_01_196,"This column indicates whether a property was classified as a vegetable farm in the 2012 American Community Survey, allowing researchers to analyze agricultural production and land use patterns."
a781336d_02_01_213,"This column indicates whether a farm was classified as an orchard farm in the 2007 American Community Survey, allowing researchers to analyze the distribution and characteristics of farms dedicated to fruit and nut production."
a781336d_02_01_214,"This column indicates whether a farm was classified as an orchard farm in the 2012 American Community Survey data, allowing researchers to analyze the distribution and characteristics of farms specializing in fruit and nut production."
a781336d_02_01_216,"This column contains the number of acres dedicated to orchards in 2007, allowing users to analyze orchard land distribution and trends over time."
a781336d_02_01_217,"This column contains the number of acres dedicated to orchards in 2012, allowing users to analyze orchard land distribution and trends over time."
a781336d_02_01_222,"This column indicates whether a household reported owning or operating berry farms in 2007, allowing researchers to analyze agricultural trends and demographics related to berry production."
a781336d_02_01_223,"This column indicates whether a property had berry farms on it in 2012, allowing researchers to analyze agricultural land use and identify areas with a history of berry production."
a781336d_02_01_225,"This column contains the total number of acres dedicated to berry cultivation in 2007, allowing users to analyze trends in berry farming across different geographic areas."
a781336d_02_01_226,"This column contains the number of acres dedicated to berry cultivation in 2012, allowing users to analyze trends in berry farming across different regions and time periods."
a781336d_02_01_243,"This column contains information about whether a business has access to a food hub, allowing researchers to analyze the availability of food hub services and their potential impact on local food systems."
a781336d_02_01_244,"This column contains information about the type of farm operation, specifically identifying whether it's a CSA (Community Supported Agriculture) farm, allowing users to analyze agricultural production and distribution models."
a781336d_02_01_245,"This column contains information about the type of farm operation a household is involved in, specifically detailing whether they are engaged in CSA (Community Supported Agriculture) farming, allowing researchers to analyze agricultural trends and the prevalence of this farming model."
a781336d_02_01_247,"This column indicates whether a business engages in agritourism operations, allowing researchers to analyze the prevalence and characteristics of this sector within the dataset."
a781336d_02_01_248,"This column contains data indicating whether a business engages in agritourism operations, allowing researchers or analysts to identify and study the prevalence and characteristics of this sector within the surveyed population."
a781336d_02_01_250,"This column contains the total receipts from agritourism activities in 2007, allowing researchers or analysts to examine the economic impact of farm-based tourism within specific geographic areas."
a781336d_02_01_251,"This column contains the total receipts from agricultural tourism activities in 2012, allowing researchers or analysts to examine the economic impact of agritourism on farms and rural communities."
a781336d_02_01_266,"This column contains the percentage of individuals who identified as non-Hispanic White in the 2010 American Community Survey, allowing users to analyze demographic distributions and understand racial composition within a geographic area."
a781336d_02_01_267,"This column contains the percentage of individuals who identified as Black or African American in the 2010 American Community Survey, allowing users to analyze demographic distributions and understand racial composition within a population."
a781336d_02_01_268,"This column contains the percentage of individuals who identified as Hispanic in the 2010 American Community Survey, allowing users to analyze demographic distributions and understand the Hispanic population within a given area."
a781336d_02_01_269,"This column contains the percentage of individuals identifying as Asian, specifically from the 2010 census, allowing users to analyze demographic distributions and understand the Asian population within a given area."
a781336d_02_01_275,"This column contains the poverty rate for each census tract in 2015, allowing users to analyze and understand the distribution of poverty across geographic areas."
a781336d_03_01_01,"This column contains unique identifiers for geographic areas, allowing users to link census data to specific locations for analysis and mapping."
a781336d_03_01_02,"This column contains the name of the U.S. state where a survey respondent resides, allowing users to analyze demographic data by geographic location."
a781336d_03_01_03,"This column contains the name of each U.S. county, allowing users to analyze demographic and economic data at a granular, local level."
a781336d_03_01_29,"This column contains the estimated population size for each geographic area as of July 1, 2018, allowing users to analyze population distribution and trends."
a781336d_03_01_31,"This column contains the number of people per square mile for each census tract, allowing users to analyze population distribution and density patterns within a geographic area."
a781336d_03_01_39,"This column contains the percentage of households in each census tract that identify as Hispanic, allowing users to analyze the distribution of Hispanic populations within geographic areas."
a781336d_03_01_48,"This column contains the estimated population size for each geographic area as of July 1, 2010, allowing users to analyze demographic trends and understand population distributions."
a781336d_03_01_52,"This column contains the estimated population size for each geographic area as of July 1, 2013, allowing users to analyze population distribution and trends across different regions."
a781336d_03_01_54,"This column contains the estimated total population of a geographic area as of July 1, 2011, allowing users to analyze population sizes and trends for various locations."
a781336d_03_01_57,"This column contains the estimated population size for each geographic area as of July 1, 2012, allowing users to analyze population distribution and trends across different regions."
a781336d_03_01_60,"This column contains the number of people who moved to or from a place between 2000 and 2010, allowing researchers to analyze population shifts and understand demographic changes within geographic areas."
a781336d_03_01_62,"This column contains the number of people added to the population due to births minus deaths between 2000 and 2010, allowing users to analyze population growth trends over that period."
a781336d_03_01_70,"This column contains the estimated population size for each geographic area as of July 1, 2015, allowing users to analyze demographic trends and understand population distributions."
a781336d_03_01_76,"This column contains the estimated population size for each geographic area as of July 1, 2017, allowing users to analyze population distribution and trends."
a781336d_03_01_78,"This column contains the estimated total population of a geographic area as of July 1, 2016, allowing users to analyze population sizes and trends for various locations."
a781336d_03_01_81,"This column contains the total net migration of individuals between census tracts from 2010 to 2018, allowing users to analyze population shifts and understand demographic changes within a geographic area."
a781336d_03_01_90,"This column contains the estimated population size for each geographic area as of July 1, 2014, allowing users to analyze population distribution and trends."
a781336d_03_01_91,"This column contains the unemployment rate for each census tract in 2017, allowing users to analyze and compare job market conditions across different geographic areas."
a781336d_03_01_95,"This column contains the unemployment rate for each census tract in 2018, allowing users to analyze and compare job market conditions across different geographic areas."
a781336d_03_01_99,"This column contains the unemployment rate for each census tract in 2016, allowing users to analyze and compare joblessness levels across different geographic areas."
a781336d_03_01_100,"This column contains the unemployment rate for each census tract in 2015, allowing users to analyze regional economic hardship and identify areas with high joblessness."
a781336d_03_01_102,"This column contains the unemployment rate for the year 2007, allowing users to analyze regional economic conditions and trends during that specific period."
a781336d_03_01_106,"This column contains the unemployment rate for each census tract in 2014, allowing users to analyze regional economic hardship and identify areas with high joblessness."
a781336d_03_01_110,"This column contains the unemployment rate for the year 2010, allowing users to analyze regional economic conditions and trends during that specific period."
a781336d_03_01_112,"This column contains the number of individuals who were unemployed in 2010, allowing users to analyze unemployment rates and trends within the dataset."
a781336d_03_01_113,"This column contains the number of people employed by each respondent in 2010, allowing users to analyze employment rates and trends within the dataset."
a781336d_03_01_115,"This column contains the number of individuals reported as unemployed in the 2009 American Community Survey, allowing researchers to analyze unemployment rates and trends within a population."
a781336d_03_01_116,"This column contains the number of people employed by respondents in 2009, allowing users to analyze employment rates and trends within the dataset."
a781336d_03_01_118,"This column contains the unemployment rate for the year 2008, allowing users to analyze regional economic conditions and trends during that specific period."
a781336d_03_01_119,"This column contains the number of individuals who were unemployed in 2008, allowing users to analyze unemployment rates and trends within the dataset."
a781336d_03_01_121,"This column contains the percentage of the population that was unemployed in 2009, allowing users to analyze regional economic conditions and trends related to joblessness during that year."
a781336d_03_01_123,"This column contains the number of people employed by respondents in 2008, allowing users to analyze employment trends and demographics within the dataset."
a781336d_03_01_125,"This column contains the number of people employed by respondents in 2007, allowing users to analyze employment trends and demographics within the dataset."
a781336d_03_01_126,"This column contains the number of individuals who were unemployed in 2007, allowing users to analyze unemployment rates and trends within the dataset."
a781336d_03_01_127,"This column contains the number of people employed by each respondent in 2013, allowing users to analyze employment rates and trends within the dataset."
a781336d_03_01_128,"This column contains the unemployment rate for the year 2011, allowing users to analyze regional economic conditions and trends related to joblessness at that specific time."
a781336d_03_01_129,"This column contains the unemployment rate for each census tract in 2013, allowing users to analyze regional economic hardship and identify areas with high joblessness."
a781336d_03_01_131,"This column contains the number of people employed by each respondent in 2014, allowing users to analyze employment rates and trends within the dataset."
a781336d_03_01_132,"This column contains the number of individuals who were unemployed in 2014, allowing users to analyze unemployment rates and trends within the dataset."
a781336d_03_01_134,"This column contains the number of people employed by each respondent in 2015, allowing users to analyze employment rates and trends within the dataset."
a781336d_03_01_137,"This column contains the number of people employed by each respondent in 2016, allowing users to analyze employment rates and trends within the dataset."
a781336d_03_01_138,"This column contains the number of individuals who were unemployed in 2016, allowing users to analyze unemployment rates and trends within the dataset."
a781336d_03_01_140,"This column contains the number of people employed by each respondent in 2017, allowing users to analyze employment rates and trends within the dataset."
a781336d_03_01_141,"This column contains the number of individuals who were unemployed in 2017, allowing users to analyze unemployment rates and trends within the dataset."
a781336d_03_01_143,"This column contains the number of people employed by each respondent in 2018, allowing users to analyze employment rates and trends within the dataset."
a781336d_03_01_144,"This column contains the number of individuals who were unemployed in 2018, allowing users to analyze unemployment rates and trends within the dataset."
a781336d_03_01_145,"This column contains the number of individuals reported as unemployed in 2015, allowing users to analyze unemployment rates and trends within the dataset."
a781336d_03_01_146,"This column contains the number of individuals who were unemployed in 2011, allowing users to analyze unemployment rates and trends within the dataset."
a781336d_03_01_147,"This column contains the number of individuals reported as unemployed in 2013, allowing users to analyze unemployment rates and trends within the dataset."
a781336d_03_01_149,"This column contains the number of people employed by each respondent in 2011, allowing users to analyze employment rates and trends within the dataset."
a781336d_03_01_151,"This column contains the unemployment rate for each census tract in 2012, allowing users to analyze regional economic hardship and identify areas with high joblessness."
a781336d_03_01_152,"This column contains the number of people employed by each respondent in 2012, allowing users to analyze employment rates and trends within the dataset."
a781336d_03_01_153,"This column contains the number of individuals who were unemployed in 2012, allowing researchers to analyze unemployment rates and trends within the dataset."
a781336d_03_01_156,"This column contains the name of the micropolitan statistical area to which a census block belongs, allowing users to analyze demographic data by geographic region."
a781336d_03_01_158,"This column contains data indicating whether a census tract is located in a non-metropolitan area, allowing users to analyze demographic trends and characteristics within rural communities."
a781336d_03_01_172,"This column indicates whether a respondent's primary residence is located within a metropolitan area, allowing researchers to analyze population characteristics and trends within urban versus suburban/rural communities."
a781336d_03_01_174,"This column indicates whether an individual identifies as belonging to the creative class in the year 2000, allowing researchers to analyze the distribution and characteristics of this demographic group over time."
a781336d_03_01_180,"This column indicates whether a household's primary occupation was in a manufacturing-dependent industry, providing data for analyzing the economic characteristics and employment patterns of households involved in these sectors."
a781336d_03_01_181,"This column indicates whether the farm operator was dependent on family labor in 2003, providing a historical measure of farm labor practices for analysis and understanding agricultural trends."
a781336d_03_01_182,"This column indicates whether an individual reported having less than a high school education in 2000, allowing researchers to analyze educational attainment levels within a population."
a781336d_03_01_183,"This column contains the micropolitan statistical area to which a census block belongs, allowing users to analyze demographic patterns and characteristics within specific, smaller-scale geographic areas."
a781336d_03_01_186,"This column contains information about where individuals aged 65 and older chose to live for retirement in 1990 and 2000, allowing researchers to analyze patterns of geographic movement and settlement related to aging populations."
a781336d_03_01_187,"This column contains information about respondents’ economic dependence on others, allowing researchers to analyze household financial support and its relationship to demographic characteristics."
a781336d_03_01_189,"This column contains the geographic designation of census tracts as nonmetropolitan areas from the 2003 American Community Survey, allowing users to analyze demographic and socioeconomic data by rural versus urban areas."
a781336d_03_01_194,"This column indicates whether a household resides in a metropolitan area, allowing researchers to analyze demographic trends and patterns within urban versus rural populations."
a781336d_03_01_196,"This column contains the percentage of the population across all age groups experiencing poverty in 2017, allowing researchers to analyze poverty rates and trends within a population."
a781336d_03_01_201,"This column contains the percentage of households with a deep poverty rate between 2013 and 2017, allowing researchers to analyze and understand the extent of severe poverty within a population."
ddbfd2c3_01_01_01,"This column contains a numerical representation of an individual's financial difficulty, allowing analysts to investigate the relationship between financial hardship and other demographic or socioeconomic factors."
ddbfd2c3_01_01_02,"This column contains a unique numerical identifier for each geographic feature within the dataset, allowing users to reference and manage individual objects for analysis or reporting."
ddbfd2c3_01_01_03,"This column contains unique numerical identifiers for each county, allowing users to link data to specific geographic locations for analysis and mapping."
ddbfd2c3_01_01_15,"This column contains data representing the lowest 25% of respondents' reported hours spent on leisure activities per week, which can be used to analyze leisure time habits and identify trends within a population."
ddbfd2c3_01_01_16,"This column contains the 4th quartile of household income, allowing analysts to examine the distribution of high-income households within the dataset."
ddbfd2c3_01_01_17,"This column contains the income level of respondents who reported having no healthcare coverage in the last four quarters, allowing analysts to investigate the relationship between income and lack of health insurance access."
ddbfd2c3_01_01_18,"This column contains the 4th quantile of an individual’s Body Mass Index (BMI), representing the highest level of obesity observed over four consecutive years, and it can be used to identify individuals with severe obesity issues."
ddbfd2c3_01_01_19,"This column contains the 4th quantile of the income distribution for each household, allowing analysts to examine the income level below which 25% of the population falls."
ddbfd2c3_01_01_20,"This column contains the fourth quantile of the respondent's answers to questions about diabetes, which can be used to identify individuals at higher risk of developing the condition based on their responses to a series of related questions."
ddbfd2c3_01_01_21,"This column contains the 4th quantile of income for each household, allowing users to analyze income distribution and identify households with very low incomes."
ddbfd2c3_01_01_22,"This column contains the 4th quartile of annual PM2.5 concentrations, allowing users to analyze air quality levels and assess potential health risks associated with particulate matter exposure."
ddbfd2c3_01_01_23,"This column represents the total number of credit cards held by individuals in the survey, allowing analysts to investigate financial health and spending habits within the population."
ddbfd2c3_01_01_24,"This column contains the 4th quartile value of a continuous variable, allowing users to identify the upper 25% of the data distribution for analysis and outlier detection."
ddbfd2c3_01_01_25,"This column contains the number of respondents who reported having experienced heart disease in the past four quartiles of the survey, allowing researchers to analyze the prevalence of heart disease within a population."
04d18a18_01_01_01,"This column contains unique identifiers for geospatial datasets, allowing researchers to link and analyze data based on its location and associated characteristics."
04d18a18_01_01_02,"This column contains unique numerical identifiers for each U.S. county, allowing users to link demographic data to specific geographic locations for analysis and mapping."
04d18a18_01_01_03,"This column contains the names of individual counties, allowing users to identify and analyze demographic data for specific geographic locations."
04d18a18_02_01_01,"This column contains unique identifiers for geographic locations, allowing users to link demographic and survey data to specific locations for analysis and mapping."
04d18a18_02_01_02,"This column contains unique numerical identifiers for each U.S. county, allowing users to link demographic data to specific geographic locations for analysis and mapping."
04d18a18_03_01_01,"This column contains unique identifiers for geographic locations, allowing users to link demographic and survey data to specific locations for analysis and mapping."
04d18a18_03_01_02,"This column contains unique numerical identifiers for each U.S. county, allowing users to link demographic data to specific geographic locations for analysis and mapping."
04d18a18_04_01_01,"This column contains unique identifiers for geographic locations, allowing users to link demographic and survey data to specific locations for analysis and mapping."
04d18a18_04_01_02,"This column contains unique numerical identifiers for each U.S. county, allowing users to link demographic data to specific geographic locations for analysis and mapping."
04d18a18_05_01_01,"This column contains unique identifiers for geographic locations, allowing users to link survey data to specific addresses and locations for analysis and mapping."
04d18a18_05_01_02,"This column contains unique numerical identifiers for each U.S. county, allowing users to link demographic data to specific geographic locations for analysis and mapping."
ddbfd2c3_02_01_01,"This column contains a unique identifier for each individual in the dataset, allowing users to track and analyze data for specific people across multiple surveys."
ddbfd2c3_02_01_03,"This column contains the names of individual counties, allowing users to analyze demographic and socioeconomic data at a granular geographic level."
04d18a18_06_01_01,"This column contains unique identifiers for geographic locations, allowing users to link demographic and survey data to specific locations for analysis and mapping."
04d18a18_07_01_01,"This column contains unique identifiers for geographic locations, allowing users to link demographic and survey data to specific locations for analysis and mapping."
04d18a18_07_01_02,"This column contains unique numerical identifiers for each U.S. county, allowing users to link demographic data to specific geographic locations for analysis and mapping."
04d18a18_08_01_01,"This column contains unique identifiers for geographic locations, allowing users to link demographic and survey data to specific locations for analysis and mapping."
04d18a18_08_01_02,"This column contains unique numerical identifiers for each U.S. county, allowing users to link demographic data to specific geographic locations for analysis and mapping."
d8409bee_01_01_03,"This column contains the names of individual counties, allowing users to analyze demographic and economic data at a granular, geographic level."
04d18a18_09_01_01,"This column contains unique identifiers for geographic locations, allowing users to link demographic and survey data to specific locations for analysis and mapping."
1cf20ca7_01_01_03,"This column contains the total number of residents living in each geographic area, allowing users to analyze population distribution and trends across different regions."
1cf20ca7_01_01_11,"This column contains data representing household income levels, allowing users to identify and analyze populations experiencing low income for various research or demographic studies."
1cf20ca7_01_01_17,"This column contains the percentage of the population under the age of five, allowing users to analyze demographic trends and patterns within a specific geographic area."
1cf20ca7_01_01_19,"This column contains the percentage of individuals aged 64 and over within a given geographic area, allowing users to analyze the proportion of older adults in a population."
879179b7_01_01_01,"This column contains a unique numerical identifier for each mining object, allowing users to track and reference specific assets within the Ferrous Metal Mines dataset."
879179b7_01_01_03,"This column contains the type of mineral being extracted, allowing users to analyze production volumes and trends by commodity type within the ferrous metal mines dataset."
879179b7_01_01_04,"This column contains the names of individual ferrous metal mining sites, allowing users to identify and locate specific operations within the dataset for analysis or research."
879179b7_01_01_05,"This column contains the names of the companies involved in the ferrous metal mining industry, allowing users to analyze company performance, identify key players, or investigate ownership structures within the sector."
879179b7_01_01_06,"This column contains the names of the U.S. states where the ferrous metal mines are located, allowing users to analyze mining activity by geographic region."
879179b7_01_01_07,"This column contains the name of the county where the ferrous metal mine is located, allowing users to analyze mining activity by geographic region."
879179b7_01_01_08,"This column contains the geographical coordinates indicating the location of each ferrous metal mine, allowing users to map their distribution and analyze spatial relationships."
879179b7_01_01_09,"This column contains the geographical longitude coordinates of each ferrous metal mine, allowing users to map their locations and analyze spatial distributions."
879179b7_01_01_10,"This column contains the names of individual mining plants associated with ferrous metal production, allowing users to identify and analyze specific operations within the industry."
3d3c956e_01_01_01,"This column contains a unique numerical identifier for each record in the dataset, allowing users to track and reference individual service territories for analysis and reporting."
3d3c956e_01_01_02,"This column contains a unique numerical identifier for each retail store, allowing analysts to track and differentiate individual businesses within the dataset."
3d3c956e_01_01_03,"This column contains the names of individual retail stores, which analysts would use to identify specific businesses and understand their geographic distribution within the dataset."
3d3c956e_01_01_04,"This column contains the physical street addresses of retail locations, which can be used to analyze customer distribution, optimize service routes, and understand market coverage."
3d3c956e_01_01_05,"This column contains the name of the city where a retail customer resides, allowing analysts to segment customers based on geographic location and understand regional sales patterns."
3d3c956e_01_01_06,"This column contains the state in which a retail customer resides, allowing analysts to segment customers by geographic region and understand regional purchasing patterns."
3d3c956e_01_01_07,"This column contains postal codes, which retailers can use to analyze customer distribution, target marketing campaigns, and understand their service area."
3d3c956e_01_01_08,"This column contains customer telephone numbers, which can be used to analyze customer contact information, segment markets, and potentially target specific groups with marketing efforts."
3d3c956e_01_01_09,"This column indicates the type of retail service territory, allowing analysts to segment customers and tailor marketing strategies based on these distinct categories."
3d3c956e_01_01_10,"This column contains the country where the retail service territory is located, allowing users to analyze sales or customer demographics by geographic region."
3d3c956e_01_01_11,"This column contains the North American Industry Classification System code, allowing users to categorize businesses by their industry sector for analysis and understanding of retail service territory characteristics."
3d3c956e_01_01_12,"This column contains a detailed description of the business’s North American Industry Classification System code, allowing users to categorize and analyze retail businesses by their primary industry sector."
3d3c956e_01_01_13,"This column indicates the origin of the customer record, allowing analysts to understand where the customer was initially sourced from, such as a specific marketing campaign or store location, for targeted analysis and segmentation."
3d3c956e_01_01_14,"This column contains the date the customer data was originally sourced, allowing analysts to understand the age and potential relevance of the information for market analysis and territory segmentation."
3d3c956e_01_01_15,"This column indicates the method used to determine a customer's service territory, allowing analysts to investigate the impact of different territory definitions on sales and marketing strategies."
3d3c956e_01_01_16,"This column contains the date of a specific retail service territory assignment, allowing analysts to track territory changes over time and understand customer relationships based on their historical service area."
3d3c956e_01_01_17,"This column contains whether or not a retailer has a website, and it can be used to analyze online sales trends or assess a retailer’s digital presence."
3d3c956e_01_01_18,"This column indicates whether a retail location is subject to specific regulations, allowing analysts to identify areas with increased compliance burdens or potential market restrictions."
3d3c956e_01_01_19,"This column represents the controlled area for each customer, allowing analysts to segment customers based on their service territory and understand regional purchasing patterns."
3d3c956e_01_01_20,"The column contains the area covered by a particular retail plan, and analysts would use it to understand the geographic reach and potential customer base of each plan."
3d3c956e_01_01_21,"This column indicates the parent holding company for each retail location, allowing analysts to investigate relationships between brands and territories or assess market concentration."
3d3c956e_01_01_22,"This column indicates whether a store experienced a peak in sales during the summer months, allowing analysts to identify seasonal trends and optimize staffing or marketing strategies."
3d3c956e_01_01_23,"This column indicates the peak winter territory for each customer, allowing analysts to understand seasonal buying patterns and target marketing efforts during the coldest months."
3d3c956e_01_01_24,"This column indicates whether a customer was exposed to a summer cap promotion, allowing analysts to investigate the impact of these promotions on sales and customer behavior."
3d3c956e_01_01_25,"This column contains the number of customers who purchased a winter cap, allowing analysts to understand seasonal demand for this product and target marketing efforts accordingly."
3d3c956e_01_01_26,"This column represents the net disposable income of households, allowing analysts to understand the purchasing power of potential customers within a retail service territory."
3d3c956e_01_01_27,"This column indicates whether a customer made a purchase, allowing analysts to identify patterns in customer buying behavior and segment customers based on their purchasing activity."
3d3c956e_01_01_28,"This column represents the net exchange value, which retailers can use to analyze customer spending patterns and identify areas with potential for increased sales or targeted marketing efforts."
3d3c956e_01_01_29,"This column contains the measured electricity consumption in megawatt-hours for each retail location, allowing analysts to understand energy usage patterns and potentially identify opportunities for energy efficiency or targeted marketing based on consumption levels."
3d3c956e_01_01_30,"This column represents the total monthly wholesale energy sales in megawatt-hours, allowing analysts to assess sales volume and trends for retail service territories."
3d3c956e_01_01_31,"This column represents the total megawatt-hours of energy consumed by each customer, allowing analysts to understand energy usage patterns and segment customers based on their energy demand."
3d3c956e_01_01_32,"This column contains the total amount of electricity consumed in megawatt-hours by each customer, allowing analysts to understand energy usage patterns and segment customers based on their energy consumption."
3d3c956e_01_01_33,"This column contains the number of unique customers served by each territory, allowing analysts to understand customer distribution and assess the effectiveness of service area assignments."
3d3c956e_01_01_34,"This column represents the calendar year for each observation, allowing analysts to examine trends and patterns in retail service territories over time."
3d3c956e_01_01_35,"This column contains the length of the service territory's shape, allowing analysts to measure the area covered by each territory and assess the potential customer base."
3d3c956e_01_01_36,"This column contains the area of each service territory shape, allowing users to analyze the size of potential customer zones for targeted marketing or sales strategies."
ab3f9a94_01_01_01,"This column contains a unique numerical identifier for each Pol Terminal object, allowing users to track and reference specific terminals within the dataset."
ab3f9a94_01_01_02,"This column contains a unique identifier for each terminal, allowing users to reference and track specific terminals within the dataset."
ab3f9a94_01_01_03,"This column contains the unique identifier for each terminal, allowing users to easily distinguish and reference specific terminals within the dataset."
ab3f9a94_01_01_04,"This column contains the physical location of each terminal, and users would leverage it for mapping, routing, and understanding the distribution of the Pol terminals."
ab3f9a94_01_01_05,"This column contains the location of each terminal, allowing users to analyze terminal distribution by city and identify areas with high or low concentrations."
ab3f9a94_01_01_06,"This column contains the geographical location of each Pol Terminal, allowing users to analyze terminal distribution and identify areas with high or low concentrations."
ab3f9a94_01_01_07,"This column contains the postal code for each terminal, allowing users to filter and analyze data based on geographic location."
ab3f9a94_01_01_08,"This column contains the four-digit zip code segment, which can be used to refine location-based analysis and improve address accuracy."
ab3f9a94_01_01_09,"This column contains a person's telephone number, which could be used for contacting them directly."
ab3f9a94_01_01_10,"This column indicates the specific kind of terminal being described, allowing users to filter and analyze data based on terminal type for insights into usage patterns or specific equipment characteristics."
ab3f9a94_01_01_11,"This column indicates the operational state of each terminal, allowing users to filter and analyze data based on whether a terminal is active, inactive, or undergoing maintenance."
ab3f9a94_01_01_12,"This column contains the total number of people residing at each terminal, allowing users to analyze population density and distribution for various spatial analyses."
ab3f9a94_01_01_13,"This column contains the name of the county where a Pol Terminal is located, allowing users to analyze terminal distribution and identify patterns across different geographic regions."
ab3f9a94_01_01_14,"This column contains unique numerical identifiers for each county, allowing users to link data to specific geographic locations for analysis and mapping."
ab3f9a94_01_01_15,"This column contains the country where the terminal is located, allowing users to analyze terminal distribution and identify regional trends."
ab3f9a94_01_01_16,"This column contains the geographical coordinates of each terminal, allowing users to map their locations and analyze spatial patterns within the dataset."
ab3f9a94_01_01_17,"This column contains the geographical longitude coordinates for each terminal, allowing users to map locations, analyze spatial distributions, and perform distance calculations."
ab3f9a94_01_01_18,"This column contains the North American Industry Classification System code, allowing users to categorize and analyze businesses based on their industry sector."
ab3f9a94_01_01_19,"This column contains detailed North American Industry Classification System descriptions, allowing users to categorize businesses by their primary industry sector and analyze industry trends within the dataset."
ab3f9a94_01_01_20,"This column contains the origin of the data point, allowing users to trace the source of information and understand its context."
ab3f9a94_01_01_21,"This column contains the date the terminal was originally sourced, allowing users to analyze terminal deployment timelines and identify trends in sourcing over time."
ab3f9a94_01_01_22,"This column contains the specific method used for evaluating the model's performance, allowing users to analyze and compare results based on the chosen evaluation technique."
ab3f9a94_01_01_23,"This column contains the date of a terminal valuation, allowing users to analyze trends and performance over time."
ab3f9a94_01_01_24,"This column contains the URL of each Pol Terminal's website, allowing users to access and investigate the specific online presence of each terminal."
ab3f9a94_01_01_25,"This column contains a numerical value representing the star rating for each terminal, allowing users to analyze and compare the quality or popularity of different terminals based on their star ratings."
ab3f9a94_01_01_26,"This column contains the name of the entity that owns the Pol terminal, and it can be used to identify the responsible party or operator for each terminal."
ab3f9a94_01_01_27,This column contains the name of the company or individual responsible for operating the Pol terminal.
ab3f9a94_01_01_28,"This column indicates the positional relationship between two entities within a sentence, allowing users to analyze how words relate to each other in terms of proximity and grammatical function."
ab3f9a94_01_01_29,"This column contains the type of product being transported, allowing users to analyze shipment data by commodity type for insights into trade patterns and market trends."
ab3f9a94_01_01_30,"This column holds the storage volume of each terminal, allowing users to analyze and compare the capacities of different terminals for planning and optimization purposes."
ab3f9a94_01_01_31,"This column contains the number of trucks entering a terminal, allowing users to track arrival volumes and analyze traffic patterns."
ab3f9a94_01_01_32,"This column indicates whether a truck has exited a terminal, allowing users to track movement and analyze operational efficiency."
ab3f9a94_01_01_33,"This column represents the volume of liquid flowing into a pipeline, allowing users to track and analyze fluid input rates for monitoring and operational decision-making."
ab3f9a94_01_01_34,"This column indicates whether a Pol Terminal's pipe output was active or inactive, allowing users to analyze operational status and identify potential issues related to fluid flow."
ab3f9a94_01_01_35,"This column indicates whether a terminal is located in a marine environment, allowing users to filter and analyze port terminals based on their proximity to the sea."
ab3f9a94_01_01_36,"This column indicates whether a terminal is located on the marine side, allowing analysts to identify ports and terminals with direct access to the ocean for shipping and logistics."
ab3f9a94_01_01_37,"This column indicates the railway line a terminal is connected to, allowing users to analyze rail network connections and transportation routes for the terminals."
ab3f9a94_01_01_38,"This column contains the distance in meters from the rail to the terminal, allowing users to assess the proximity of a terminal to the railway line for planning and operational purposes."
ab3f9a94_01_01_39,"This column indicates the presence and type of asphalt used in the terminal's infrastructure, allowing for assessments of material quality and maintenance needs."
ab3f9a94_01_01_40,"This column contains the names of various chemicals present in the Pol Terminals, allowing users to identify and analyze the specific substances involved in each terminal's composition."
ab3f9a94_01_01_41,"This column contains information about the presence of propane, and users would leverage it to analyze propane usage, identify trends, or determine if a terminal utilizes this fuel."
ab3f9a94_01_01_42,"This column contains information about the presence of butane, and someone would use it to identify or categorize samples based on butane levels."
ab3f9a94_01_01_43,"This column indicates whether a terminal has been refined, allowing users to filter or analyze data based on the processing status of the terminal."
ab3f9a94_01_01_44,"This column contains the percentage of ethanol in a fuel sample, allowing researchers to analyze fuel composition and its impact on engine performance or emissions."
ab3f9a94_01_01_45,This column contains information indicating whether a particular terminal is utilizing or capable of utilizing biodiesel fuel.
ab3f9a94_01_01_46,"This column contains the type and quantity of crude oil being delivered, allowing users to track fuel volumes and analyze supply chain data."
ab3f9a94_01_01_47,"This column contains information about the quantity of jet fuel consumed, allowing users to analyze fuel usage patterns for aircraft or identify potential anomalies in fuel consumption data."
ab3f9a94_01_01_48,"This column contains the quantity of gasoline being dispensed at a fuel terminal, allowing users to track fuel volume and analyze sales trends."
ab3f9a94_01_01_49,"This column contains the volume of fuel sold as distillate, which a user would utilize to analyze fuel sales trends, assess product mix, or monitor performance against targets."
ab3f9a94_01_01_50,"This column contains information about the type of aviation fuel used at a terminal, allowing users to identify terminals that cater to piston-engine aircraft."
5b9e409a_01_01_01,"This column contains a unique numerical identifier for each geographic feature within the dataset, allowing users to link and relate different areas of the airport to one another."
5b9e409a_01_01_03,"This column contains a unique numerical identifier for each object within the dataset, allowing users to track and reference specific instances of airport areas for analysis or further investigation."
5b9e409a_01_01_04,"This column indicates the type of area represented within each record, allowing users to categorize and analyze airport features like runways, taxiways, and terminals."
5b9e409a_01_01_05,"This column contains the names of individual objects detected within the images, allowing users to identify and analyze specific features like buildings, vehicles, or equipment within the airport areas."
5b9e409a_01_01_06,"This column contains detailed textual descriptions of each airport area, allowing users to identify specific features, functions, or characteristics of a particular zone within the airport."
5b9e409a_01_01_07,"This column contains a numerical representation of the area's scale, allowing users to analyze and compare the size of different airport areas within the dataset."
5b9e409a_01_01_08,"This column indicates the original data source used to create the airport area data, allowing users to understand the reliability and context of the information."
5b9e409a_01_01_09,"This column indicates whether the data point represents a primary source or a secondary source of information for a particular airport area, allowing users to filter and analyze data based on its origin."
5b9e409a_01_01_10,"This column contains the source code designation for a specific area within a USACE Inland Enterance Construction (IENC) project, allowing users to identify and categorize different zones for analysis and mapping."
5b9e409a_01_01_11,"This column contains the length of each airport area shape, allowing users to analyze the size and spatial extent of different airport zones for purposes like area calculations, comparisons, or identifying larger facilities."
5b9e409a_01_01_12,"This column contains the area of each airport area polygon, allowing users to analyze the size of different zones within an airport for purposes like layout planning, resource allocation, or spatial analysis."
1b8327f1_01_01_01,"This column contains a unique numerical identifier for each object in the dataset, allowing users to track and reference individual oil and natural gas platforms."
1b8327f1_01_01_02,"This column contains a unique identifier for each oil and natural gas platform, allowing users to track and analyze individual platforms within the dataset."
1b8327f1_01_01_03,"This column contains the unique identifier for each oil and natural gas platform, allowing users to easily distinguish and analyze individual structures within the dataset."
1b8327f1_01_01_04,"This column indicates the specific kind of offshore oil and gas platform, allowing users to categorize and analyze platforms based on their design and function."
1b8327f1_01_01_05,"This column indicates the operational state of each oil and natural gas platform, allowing users to analyze platform availability, maintenance needs, and overall production capacity."
1b8327f1_01_01_06,"This column contains the geographical coordinates of each oil and natural gas platform, allowing users to map their locations and analyze spatial distributions."
1b8327f1_01_01_07,"This column contains the east-west position of each oil and natural gas platform, allowing users to visualize their distribution on a map and analyze spatial relationships."
1b8327f1_01_01_08,"This column contains the North American Industry Classification System (NAICS) code for each oil and natural gas platform, allowing users to categorize and analyze platforms by their specific industry sector."
1b8327f1_01_01_09,"This column contains detailed North American Industry Classification System descriptions of the businesses operating on oil and natural gas platforms, allowing users to categorize and analyze the types of companies involved in offshore energy production."
1b8327f1_01_01_10,"This column contains the origin of the data, allowing users to filter and analyze information based on where it was collected, such as a specific company or reporting agency."
1b8327f1_01_01_11,"This column contains the date each oil and natural gas platform was sourced, allowing users to analyze platform age, historical development trends, and potential decommissioning timelines."
1b8327f1_01_01_12,"This column contains the method used for validating the oil and natural gas platform data, allowing users to analyze and compare different validation approaches."
1b8327f1_01_01_13,"This column contains the date each oil and natural gas platform was valued, allowing users to analyze platform valuations over time and identify trends related to age or market conditions."
1b8327f1_01_01_14,"This column represents the complex identification number of an offshore oil and gas platform, allowing users to uniquely categorize and analyze different platforms within the dataset."
1b8327f1_01_01_15,"This column contains the type of offshore oil and gas platform, allowing users to categorize and analyze the different platform designs and their associated production capabilities."
1b8327f1_01_01_16,"This column contains the name of the company that owns each oil and natural gas platform, allowing users to analyze ownership structures and potential investment opportunities within the industry."
1b8327f1_01_01_17,"This column contains the names of the offshore oil and gas platforms, and it would be used to identify and categorize these platforms within the dataset."
1b8327f1_01_01_18,"This column indicates the spatial relationship between the platform and its surrounding objects, such as oil and gas wells, pipelines, or other platforms, allowing analysts to understand the spatial arrangement of offshore energy infrastructure."
1b8327f1_01_01_19,"This column contains the type of oil or natural gas being produced, allowing users to analyze production volumes by specific resources like crude oil, natural gas, or condensate."
1b8327f1_01_01_20,"This column indicates whether an oil and natural gas platform was newly installed, representing a key factor for assessing investment decisions and tracking industry growth."
1b8327f1_01_01_21,"This column indicates whether a platform has been removed from service, allowing analysts to track decommissioning rates and assess the remaining lifespan of offshore energy infrastructure."
1b8327f1_01_01_22,"This column indicates whether the offshore platform is staffed around the clock, allowing analysts to assess operational risk and resource allocation based on continuous human presence."
1b8327f1_01_01_23,"This column contains the distance to the nearest landmass, allowing users to analyze the proximity of oil and gas platforms to coastal areas and assess potential environmental risks or operational considerations."
1b8327f1_01_01_24,"This column represents the measured depth of the ocean floor beneath an oil and gas platform, allowing analysts to assess drilling feasibility and potential resource locations."
1b8327f1_01_01_25,"This column contains the number of active oil and natural gas drilling rigs, allowing users to track drilling activity and potentially forecast future production levels."
1b8327f1_01_01_26,"This column indicates the primary power source utilized by each oil and natural gas platform, allowing analysts to understand operational strategies and potential energy sources for production."
1b8327f1_01_01_27,"This column indicates whether the platform was generating power during a specific observation, allowing analysts to assess operational status and power generation performance."
1b8327f1_01_01_28,"This column indicates whether a platform was actively producing oil during a specific period, allowing analysts to track production levels and identify platforms with ongoing oil output."
1b8327f1_01_01_29,"This column indicates whether a gas measurement was recorded, allowing users to filter and analyze data related to gas production from offshore platforms."
1b8327f1_01_01_30,"This column indicates whether a platform is considered a complex platform (1) or a simple platform (0), allowing analysts to categorize platforms based on their operational complexity and potential risk."
1b8327f1_01_01_31,"This column indicates whether the platform is compressed, providing a binary flag (1 or 0) to classify platforms based on their operational status and is used for analyzing platform types and their associated risks."
1b8327f1_01_01_32,"This column indicates whether a helplift platform is actively providing support services to an offshore production facility, allowing analysts to identify platforms with ongoing operational involvement."
1b8327f1_01_01_33,"This column represents the number of beds available on an oil and natural gas platform, allowing analysts to assess the crew capacity and potential operational scale of a facility."
8e7be837_01_01_03,"This column contains the unique identifier for each planning area, allowing users to categorize and analyze different regions or zones within a dataset."
8e7be837_01_01_04,"This column contains the name of the country where the planning area is located, allowing users to filter and analyze data by geographic region."
8e7be837_01_01_05,"This column contains the North American Industry Classification System code, allowing users to categorize businesses by their industry sector for analysis and comparison."
8e7be837_01_01_06,"This column contains a detailed description of the North American Industry Classification System (NAICS) code, allowing users to categorize businesses by their industry sector and analyze trends within specific industries."
8e7be837_01_01_07,"This column contains the original origin of the planning area information, allowing users to trace the source of each area's data and assess its reliability."
8e7be837_01_01_08,"This column contains the date the data was originally sourced, allowing users to track the origin and potential reliability of the information."
8e7be837_01_01_09,"This column indicates the specific method used for evaluating the model's performance during validation, allowing users to analyze the impact of different evaluation techniques on the results."
8e7be837_01_01_10,"This column stores the planned date for a specific event or activity, allowing users to analyze scheduling trends and understand the timing of planned actions."
8e7be837_01_01_11,"This column contains the URL of the website associated with each planning area, allowing users to access and investigate the specific online presence of each area."
8e7be837_01_01_12,"This column contains abbreviated names of planning areas, allowing users to quickly reference and identify specific regions within the dataset."
8e7be837_01_01_13,"This column represents the calendar year for each planning area, allowing users to analyze trends and patterns over time."
8e7be837_01_01_14,"This column represents the maximum electricity demand recorded during a specific period, allowing users to analyze and understand periods of high energy consumption for grid planning and resource allocation."
8e7be837_01_01_15,"This column contains the range of values representing the peak demand for a planning area, allowing users to analyze and understand the highest levels of resource utilization within specific geographic zones."
8e7be837_01_01_16,"This column contains the linear dimension of a planning area's shape, allowing users to analyze and compare the sizes of different planning zones."
8e7be837_01_01_17,"This column contains the calculated area of each shape, allowing users to analyze and compare the size of different planning areas."
3bfee43a_01_01_01,"This column contains a unique numerical identifier for each tornado track object, allowing users to reference and distinguish individual records within the dataset."
3bfee43a_01_01_02,"This column indicates whether a tornado was observed during the reporting period, with '1' signifying an observation and '0' indicating no observation."
3bfee43a_01_01_03,"This column contains the year of each tornado track, allowing users to analyze tornado frequency and trends over time."
3bfee43a_01_01_04,"This column contains the month in which a tornado occurred, allowing users to analyze tornado frequency and patterns across different months."
3bfee43a_01_01_05,"This column represents the daily northward displacement of the tornado's center, allowing users to analyze the storm's movement and track its progression over time."
3bfee43a_01_01_06,"This column contains the date of each tornado track, allowing users to analyze tornado activity over time and identify patterns related to temporal trends."
3bfee43a_01_01_07,"This column contains the timestamp of each tornado track, allowing users to analyze tornado occurrences over time and identify trends in their frequency and movement."
3bfee43a_01_01_08,"This column contains the time zone information for each tornado track, allowing users to analyze tornado occurrences and their temporal patterns across different geographic locations."
3bfee43a_01_01_09,"This column contains a binary indicator (0 or 1) representing whether a tornado was observed at a given location, allowing users to analyze the spatial distribution and frequency of tornado occurrences."
3bfee43a_01_01_10,"This column contains the storm total form factor, which is used to assess the overall damage caused by a tornado based on various measurements like wind speed, precipitation, and hail size."
3bfee43a_01_01_11,"This column contains the identifier of a weather station, allowing users to track tornado paths relative to specific locations and analyze storm behavior across different observation points."
3bfee43a_01_01_12,"This column contains the maximum sustained wind speed reported during a tornado, and it would be used to assess the tornado's intensity and damage potential."
3bfee43a_01_01_13,"This column contains the initial injury rate of a tornado, which meteorologists and researchers would use to analyze the relationship between injury rates and tornado characteristics like intensity and path."
3bfee43a_01_01_14,"This column contains data representing the estimated fat content of the tornadoes, and researchers would use it to analyze the relationship between tornado intensity and its associated fat levels."
3bfee43a_01_01_15,"This column contains the monetary amount of damage caused by a tornado, allowing users to analyze the severity of storms and their impact on property values."
3bfee43a_01_01_16,"This column contains the number of times a tornado caused damage to a closed business, allowing users to analyze the correlation between tornado intensity and economic impact."
3bfee43a_01_01_17,"This column contains the latitude of the tornado's center, allowing users to analyze tornado tracks geographically and investigate relationships between location and storm characteristics."
3bfee43a_01_01_18,"This column contains the species of the tornado, allowing users to analyze tornado occurrences by animal type and understand their distribution across different species."
3bfee43a_01_01_19,"This column contains the latitude of tornado tracks, allowing users to analyze tornado movement and patterns based on their north-south position."
3bfee43a_01_01_20,"This column contains information about Elon Musk, allowing users to analyze his involvement or impact related to tornado tracks in the dataset."
3bfee43a_01_01_21,"This column represents the length of the tornado track in miles, and it would be used to analyze the size and extent of tornadoes based on their path lengths."
3bfee43a_01_01_22,"This column contains the unique identifier for each tornado track, allowing users to track and analyze individual storm events across the dataset."
3bfee43a_01_01_23,"This column contains the forecasted track of a tornado, allowing users to analyze and visualize potential movement patterns for predictive modeling or tracking purposes."
3bfee43a_01_01_24,"This column contains the maximum annual loss experienced by a tornado-prone area before 1996, and it would be used to assess the historical vulnerability of a region to tornado damage."
3bfee43a_01_01_25,"This column contains the measured length of tornado shapes, allowing users to analyze tornado size and potentially correlate it with storm intensity or damage."
9b56fd68_01_01_01,"This column contains a unique numerical identifier for each record in the dataset, allowing users to track and reference specific petroleum reserves within the Doe Petroleum Reserves."
9b56fd68_01_01_02,"This column contains unique identifiers for each petroleum reserve, allowing users to track and analyze individual reserves within the dataset."
9b56fd68_01_01_03,"This column contains the names of various petroleum reserves, allowing users to identify and differentiate between individual locations for analysis and tracking of oil and gas resources."
9b56fd68_01_01_04,"This column contains the physical location of each petroleum reserve, allowing users to map, analyze, and understand the geographic distribution of these resources."
9b56fd68_01_01_05,"This column contains the names of the cities where petroleum reserves are located, allowing users to analyze and map the geographic distribution of these resources."
9b56fd68_01_01_06,"This column contains the names of the U.S. states where petroleum reserves are located, allowing users to analyze and compare reserve amounts by geographic region."
9b56fd68_01_01_07,"This column contains postal codes, which can be used to geographically analyze the distribution of Doe Petroleum Reserves and understand their location across different regions."
9b56fd68_01_01_08,"This column contains five-digit zip code extensions, allowing users to refine geographic analysis and pinpoint locations with greater precision."
9b56fd68_01_01_09,"This column contains telephone numbers, which could be used to contact Doe Petroleum for inquiries, sales, or further information about their reserves."
9b56fd68_01_01_10,"This column indicates the specific category of petroleum reserve, allowing users to analyze and segment reserves based on their characteristics, such as oil, gas, or condensate."
9b56fd68_01_01_11,"This column indicates the current operational status of each petroleum reserve, allowing users to filter and analyze data based on whether a reserve is active, inactive, under development, or otherwise managed."
9b56fd68_01_01_12,"This column contains the total population figures for each area, allowing users to analyze population trends and relationships with other variables like oil reserves."
9b56fd68_01_01_13,"This column contains the names of the counties where Doe Petroleum Reserves are located, allowing users to analyze and map the distribution of these reserves across different geographic regions."
9b56fd68_01_01_14,"This column contains unique numerical codes identifying each U.S. county, allowing users to link petroleum reserve data to specific geographic locations for analysis and mapping."
9b56fd68_01_01_15,"This column contains the names of the countries where Doe Petroleum holds oil reserves, allowing users to analyze and compare reserves by geographic location."
9b56fd68_01_01_16,"This column contains the geographical coordinates of each petroleum reserve, allowing users to map and analyze the distribution of these resources across different locations."
9b56fd68_01_01_17,"This column contains the longitude coordinates of each petroleum reserve, allowing users to map and analyze the spatial distribution of these resources."
9b56fd68_01_01_18,"This column contains the North American Industry Classification System (NAICS) code for each petroleum reserve, allowing users to categorize and analyze reserves by industry sector."
9b56fd68_01_01_19,"This column contains the North American Industry Classification System description for each company, allowing users to categorize and analyze petroleum reserves by industry sector."
9b56fd68_01_01_20,"This column indicates the origin of the petroleum reserve data, allowing users to assess the reliability and potential biases of the information based on its source."
9b56fd68_01_01_21,"This column contains the date each data entry was sourced, allowing users to track the timeline of the petroleum reserve information and analyze trends over time."
9b56fd68_01_01_22,"This column indicates the method used to determine the petroleum reserves, allowing analysts to understand the reliability and approach behind each reported value."
9b56fd68_01_01_23,"This column contains the date of each petroleum reserve record, allowing users to analyze trends and changes in reserves over time."
9b56fd68_01_01_24,"This column contains the URL addresses of Doe Petroleum's various websites, which researchers could use to access company information, news, and potentially explore their operations."
9b56fd68_01_01_25,"This column contains the name of the company responsible for managing the petroleum reserves, allowing users to analyze production and ownership data by operator."
9b56fd68_01_01_26,"This column contains the relative position of each oil reserve within a given field, allowing users to analyze the spatial distribution and ranking of reserves for strategic planning and resource management."
9b56fd68_01_01_27,"This column represents the total storage volume, allowing users to analyze the amount of oil reserves available for potential production or sales."
9b56fd68_01_01_28,"This column indicates the presence and extent of underground salt caverns, which petroleum companies would use to store natural gas or other volatile liquids due to their unique properties."
9b56fd68_01_01_29,"This column contains the unique identifier for each oil and gas well, allowing users to track and analyze individual well production data for reservoir management and performance monitoring."
9b56fd68_01_01_30,"This column contains the diameter measurements, which would be used to calculate volumes, assess reservoir dimensions, or analyze well characteristics within the Doe Petroleum Reserves dataset."
9b56fd68_01_01_31,"This column contains information about the presence and extent of oil pipelines associated with Doe Petroleum Reserves, allowing analysts to assess infrastructure networks and potential risks."
9b56fd68_01_01_32,"This column contains the type of petroleum product being measured, allowing users to analyze reserves by fuel type like crude oil, gasoline, or natural gas."
9b56fd68_01_01_33,"This column represents the amount by which the oil reservoir pressure has decreased over time, allowing analysts to track depletion rates and assess the remaining recoverable reserves of the petroleum asset."
dc36197a_01_01_01,"This column contains a unique identifier for each prison boundary, allowing users to link and analyze data related to specific correctional facilities."
dc36197a_01_01_02,"This column contains a unique identifier for each correctional facility, allowing users to locate, categorize, and analyze data related to specific prisons and their geographic locations."
dc36197a_01_01_03,"This column contains the names of individual prisons, allowing users to identify and locate specific correctional facilities within the dataset."
dc36197a_01_01_04,"This column contains the street address of each prison, allowing users to locate them on a map or analyze their distribution geographically."
dc36197a_01_01_05,"This column contains the names of the cities where prisons are located, allowing users to analyze prison distribution by geographic location."
dc36197a_01_01_06,"This column contains the names of the U.S. states, and someone would use it to identify and categorize prison locations by their respective state of operation."
dc36197a_01_01_07,"This column contains the postal zip codes associated with each prison boundary, allowing users to analyze prison locations by geographic region and demographic data linked to those areas."
dc36197a_01_01_08,"This column contains a four-digit zip code segment, which can be used to pinpoint the precise location of a prison within a larger geographic area."
dc36197a_01_01_09,"This column contains the telephone numbers associated with each prison, which could be used to identify contact information for outreach, investigations, or emergency services."
dc36197a_01_01_10,"This column indicates the specific kind of correctional facility represented by each boundary, allowing users to categorize prisons by their function, such as state, federal, or juvenile."
dc36197a_01_01_11,"This column indicates whether a prison facility is currently operational or closed, allowing users to analyze prison populations, assess capacity, or investigate changes in the correctional system."
dc36197a_01_01_12,"This column contains the number of people residing within the boundaries of each prison, allowing users to analyze population density around correctional facilities."
dc36197a_01_01_13,"This column contains the name of the county in which a prison boundary is located, allowing users to analyze prison distribution by geographic region."
dc36197a_01_01_14,"This column contains unique five-digit codes identifying each U.S. county, allowing users to geographically locate and analyze prison locations within specific counties."
dc36197a_01_01_15,"This column contains the names of the countries where prison boundaries are located, allowing users to analyze prison distribution and patterns across different nations."
dc36197a_01_01_16,"This column contains the North American Industry Classification System code, allowing users to categorize prisons by their primary industry sector and analyze prison populations by economic activity."
dc36197a_01_01_17,"This column contains detailed North American Industry Classification System descriptions, allowing users to analyze the types of businesses located within each prison boundary."
dc36197a_01_01_18,"This column indicates the origin of the prison boundary data, allowing users to understand the data's provenance and potentially assess its reliability for various geographic analyses."
dc36197a_01_01_19,"This column contains the date the prison boundary data was originally sourced, allowing users to assess the data's age and potential relevance for specific analyses or comparisons over time."
dc36197a_01_01_20,"This column contains the method used to determine the boundaries of each prison, allowing users to analyze and compare different boundary determination techniques."
dc36197a_01_01_21,"This column contains the date each prison boundary was recorded, allowing users to analyze changes in prison locations over time."
dc36197a_01_01_22,"This column contains the URLs of the official websites for each prison, which could be used to access information about the facility, its operations, or inmate details."
dc36197a_01_01_23,"This column indicates the security level of a prison, allowing users to analyze incarceration patterns based on the degree of restriction and risk associated with each facility."
dc36197a_01_01_24,"This column contains the maximum number of inmates a prison facility can hold, allowing users to analyze prison system capacity and potentially assess overcrowding or resource needs."
dc36197a_01_01_25,"This column contains the length of each prison's boundary shape, allowing users to analyze the size and area of correctional facilities."
dc36197a_01_01_26,"This column contains the linear measurement of each prison’s boundary in meters, allowing users to analyze prison sizes and compare them geographically."
dc36197a_01_01_27,"This column contains the calculated area in square meters of each prison boundary shape, allowing users to analyze the size of correctional facilities."
c5461429_01_01_01,"This column contains a unique numerical identifier for each compressor station in the dataset, allowing users to easily reference and distinguish individual stations for analysis or tracking."
c5461429_01_01_02,"This column contains a unique identifier for each natural gas compressor station, allowing users to track, analyze, and relate data specific to individual stations within the dataset."
c5461429_01_01_03,"This column contains the unique identifier for each natural gas compressor station, allowing users to locate, track, and analyze data related to specific facilities within the dataset."
c5461429_01_01_04,"This column contains the physical location of each natural gas compressor station, allowing users to map their distribution, analyze proximity to pipelines, and assess potential infrastructure development sites."
c5461429_01_01_05,"This column contains the names of the cities where the natural gas compressor stations are located, allowing users to analyze station distribution and identify regional concentrations."
c5461429_01_01_06,"This column contains the U.S. state where the natural gas compressor station is located, allowing users to analyze compressor station distribution and concentration across different regions."
c5461429_01_01_07,"This column contains the postal zip code for each compressor station, allowing users to analyze compressor station locations geographically and identify clusters or patterns based on regional distribution."
c5461429_01_01_08,"This column contains the five-digit zip code block for the compressor station's location, allowing users to pinpoint its geographic location for analysis and mapping."
c5461429_01_01_09,"This column indicates the specific kind of natural gas compressor station, allowing users to analyze trends and characteristics based on station type, such as centrifugal, reciprocating, or screw."
c5461429_01_01_10,"This column indicates the operational state of the natural gas compressor station, allowing users to monitor equipment availability, identify potential downtime issues, and optimize maintenance schedules."
c5461429_01_01_11,"This column contains the name of the county in which each natural gas compressor station is located, allowing users to analyze compressor station distribution across different geographic regions."
c5461429_01_01_12,"This column contains unique five-digit codes identifying each U.S. county, allowing users to filter and analyze compressor station locations by geographic region."
c5461429_01_01_13,"This column contains the nation where the natural gas compressor station is located, allowing users to analyze compressor station distribution and trends across different countries."
c5461429_01_01_14,"This column contains the geographical coordinates of each compressor station, allowing users to map their locations and analyze distribution patterns."
c5461429_01_01_15,"This column contains the geographical longitude coordinates of each compressor station, allowing users to map their locations and analyze spatial distributions for various applications like pipeline network optimization or geographic risk assessment."
c5461429_01_01_16,"This column contains the North American Industry Classification System (NAICS) code for each compressor station, allowing users to categorize and analyze the industry based on specific operational classifications."
c5461429_01_01_17,"This column contains detailed North American Industry Classification System descriptions of the businesses represented in the dataset, allowing users to categorize and analyze compressor stations by their specific industry activities."
c5461429_01_01_18,"This column contains the origin or type of natural gas compressor station, allowing users to categorize and analyze compressor stations based on their source, such as pipeline network or specific geological formation."
c5461429_01_01_19,"This column contains the date each compressor station's data was sourced, allowing users to analyze trends and historical performance over time."
c5461429_01_01_20,"This column indicates the specific method used to determine the compressor station's performance values, allowing users to analyze and compare data based on the measurement technique employed."
c5461429_01_01_21,"This column contains the date of a specific measurement, allowing users to analyze compressor station performance trends over time and identify patterns related to production or maintenance schedules."
c5461429_01_01_22,"This column contains the URL of the natural gas compressor station's website, which can be used to gather information about its operations, location, and maintenance records."
c5461429_01_01_23,"This column contains the name of the compressor station, allowing users to identify and analyze specific facilities within the natural gas network."
c5461429_01_01_24,"This column contains a unique identifier for each natural gas compressor station, allowing users to track, analyze, and manage individual stations within the dataset."
c5461429_01_01_25,"This column contains the name or identifier of the individual or team responsible for operating each natural gas compressor station, allowing users to analyze operational efficiency and performance based on staffing levels."
c5461429_01_01_26,"This column indicates the spatial relationship between the compressor station and its surrounding features, such as pipelines, wells, or other infrastructure, allowing analysts to understand the station's connectivity and proximity to key resources."
c5461429_01_01_27,"This column represents the number of compressor units at a natural gas station, allowing users to analyze the scale of operations and compare compressor station capacities."
c5461429_01_01_28,"This column contains the rated horsepower of the natural gas compressor station, allowing users to assess the station's capacity and performance."
c5461429_01_01_29,"This column represents the total financial cost associated with operating a natural gas compressor station, and it would be used to analyze investment decisions, assess operational efficiency, or compare the costs of different facilities."
c5461429_01_01_30,"This column contains the amount of fuel consumed by the compressor station during a specific measurement, allowing users to analyze fuel efficiency and identify potential operational issues."
c5461429_01_01_31,"This column contains miscellaneous operational data for the compressor station, allowing users to investigate factors beyond the primary measured parameters like flow and pressure for anomaly detection or performance analysis."
c5461429_01_01_32,"This column contains the measured flow rate of natural gas passing through a compressor station, allowing users to analyze compressor performance, identify potential bottlenecks, and optimize operational efficiency."
c5461429_01_01_36,"This column contains the measured electrical power consumption of the compressor station, allowing users to analyze energy efficiency, identify operational anomalies, or predict future power demands."
c5461429_01_01_37,"This column represents the electrical power consumption of a natural gas compressor station, allowing users to analyze energy usage patterns and optimize operational efficiency."
92fd4de4_01_01_01,"This column contains unique identifiers for geographic features, allowing users to track and reference specific objects within the dataset."
92fd4de4_01_01_03,"This column contains unique identifiers for each data point, which users would leverage for tracking, referencing, and potentially linking records across different datasets."
92fd4de4_01_01_04,"This column contains the Windows Registry Item name, which security analysts and system administrators would use to investigate potential malware infections or unauthorized system changes."
92fd4de4_01_01_05,"This column contains the primary sodium concentration values, which a user could utilize to analyze sodium levels in a sample or dataset."
92fd4de4_01_01_06,"This column contains the geographical location of a specific entity, allowing users to analyze spatial patterns and relationships within the dataset."
92fd4de4_01_01_07,"This column contains the names of cities, allowing users to analyze location-based trends, filter data by urban areas, or understand the geographic distribution of a dataset."
92fd4de4_01_01_08,"This column contains the names of counties, allowing users to analyze and filter data based on geographic location."
92fd4de4_01_01_09,"This column contains unique five-digit codes representing U.S. federal counties, allowing users to identify and analyze geographic locations based on their corresponding FIPS codes."
92fd4de4_01_01_10,"This column contains two-letter postal codes representing the state where a transaction or record originated, allowing users to analyze data by geographic location."
92fd4de4_01_01_11,"This column contains postal codes, which can be used to identify and locate addresses for various purposes like shipping, mapping, or demographic analysis."
92fd4de4_01_01_12,"This column contains geographic coordinates representing locations on the WGS 83 ellipsoid, allowing users to analyze spatial patterns and perform location-based analysis."
92fd4de4_01_01_13,"This column contains longitude coordinates, which can be used to map locations and analyze spatial patterns."
92fd4de4_01_01_14,"This column contains Huc8 codes, which are used to identify and categorize specific products or services within a dataset, likely for analysis or reporting purposes."
92fd4de4_01_01_15,"This column contains the accuracy score for a specific variable, allowing users to analyze the performance and reliability of a model or system."
92fd4de4_01_01_16,"This column contains measurements of collected material, allowing users to analyze and compare quantities of a substance in various samples or experiments."
92fd4de4_01_01_17,This column contains the reference point coordinates used for various spatial analyses and calculations within the dataset.
92fd4de4_01_01_18,"This column contains the date when a record was created, allowing users to analyze data trends over time."
92fd4de4_01_01_19,"This column contains timestamp data representing when a record was last updated, allowing users to track changes and analyze data freshness."
92fd4de4_01_01_20,"This column contains the most recent report entry, allowing users to track the latest updates or findings associated with a specific record."
92fd4de4_01_01_21,"This column contains URLs of product pages, allowing users to access and view detailed information about the products featured in the dataset."
92fd4de4_01_01_24,"This column contains the interest rate values, which can be used to analyze lending trends, calculate financial metrics, or predict loan performance."
92fd4de4_01_01_25,"This column likely contains boolean values indicating whether a specific device or component is actively functioning, allowing users to identify and prioritize devices requiring immediate attention or analysis."
92fd4de4_01_01_26,"This column indicates whether a record represents a publicly traded company or not, allowing users to filter and analyze datasets based on ownership structure."
92fd4de4_01_01_27,"This column contains the URL of the program being analyzed, which researchers would use to access and investigate the software's functionality and potential threats."
92fd4de4_01_01_28,"This column contains detailed pathology reports generated from medical imaging, allowing clinicians to assess findings and diagnose conditions."
9536bf3d_01_01_01,"The `objectid` column contains a unique numerical identifier for each uranium vanadium deposit, allowing users to track and reference specific deposits within the dataset."
9536bf3d_01_01_02,"This column contains unique identifiers for uranium vanadium deposits, allowing users to track, categorize, and analyze individual deposits within the dataset."
9536bf3d_01_01_03,"This column contains a unique numerical identifier assigned by the USGS Mineral Resources Data System (MRDS) for each reported uranium and vanadium occurrence, allowing researchers to track and analyze individual deposits."
9536bf3d_01_01_04,"The `Mas Id` column represents a unique identifier for each uranium vanadium deposit, allowing researchers to track and differentiate individual deposits within the dataset."
9536bf3d_01_01_05,"This column contains the names of individual uranium vanadium deposit locations, allowing users to identify and analyze specific sites within the dataset for geological or resource assessment purposes."
9536bf3d_01_01_06,"This column contains the geographical coordinates of the uranium vanadium deposits, allowing users to map their locations and analyze their distribution relative to other geological features."
9536bf3d_01_01_07,"This column contains the geographic longitude coordinates of the uranium vanadium deposits, allowing users to map their locations and analyze spatial distributions."
9536bf3d_01_01_08,"This column contains the geographical location of the uranium vanadium deposits, allowing users to analyze and compare deposit distributions across different regions."
9536bf3d_01_01_09,"This column contains the names of the countries where uranium vanadium deposits are located, allowing users to analyze the geographic distribution of these resources."
9536bf3d_01_01_10,"This column contains the names of the U.S. states where uranium vanadium deposits are located, allowing users to analyze the geographic distribution of these resources."
9536bf3d_01_01_11,"This column contains the name of the county where the uranium vanadium deposit is located, allowing users to analyze and map the geographic distribution of these resources."
9536bf3d_01_01_12,"This column indicates the type of geological formation where the uranium and vanadium deposits are found, allowing users to analyze and filter deposits based on their geological context."
9536bf3d_01_01_13,"This column contains the major compositional components of the uranium-vanadium deposits, allowing geologists to analyze the mineralogical makeup of the ore bodies and understand their formation processes."
9536bf3d_01_01_14,"This column contains the concentrations of minor elements in the uranium vanadium deposits, allowing researchers to analyze geochemical trends and potentially correlate them with mineralization styles and ore grade predictions."
9536bf3d_01_01_15,"This column contains trace element data, likely used to assess the geochemical characteristics and potential mineralization associated with uranium and vanadium deposits."
9536bf3d_01_01_16,"This column indicates the type of operation performed, allowing users to categorize and analyze uranium vanadium deposits based on their extraction or exploration methods."
9536bf3d_01_01_17,"This column indicates the specific type of deposit where uranium and vanadium are found, allowing users to categorize and analyze the geological characteristics of these mineral resources."
9536bf3d_01_01_18,"This column represents the measured production size of uranium vanadium deposits, allowing users to analyze the scale of potential resources and compare different deposits based on their output capacity."
9536bf3d_01_01_19,"This column contains statistical data related to the development status of uranium vanadium deposits, allowing users to assess the maturity and potential of these resources for exploration and investment."
9536bf3d_01_01_20,"This column contains the type of ore found at each uranium vanadium deposit, allowing researchers to analyze the composition and potential yield of these valuable resources."
9536bf3d_01_01_21,"This column contains the composition of the material surrounding the uranium and vanadium minerals, allowing analysts to assess the overall mineralogical context and potentially refine estimates of ore grade and deposit characteristics."
9536bf3d_01_01_22,"This column contains a textual description of supplementary materials associated with the uranium vanadium deposits, allowing analysts to understand the composition and nature of these materials beyond the primary ore itself."
9536bf3d_01_01_23,"This column contains the formation name of the uranium vanadium orebody, allowing users to categorize and analyze deposits based on their geological formation."
9536bf3d_01_01_24,"This column indicates the specific type of mining or processing activity undertaken for the uranium and vanadium deposits, allowing users to analyze trends in extraction methods and their associated costs or efficiencies."
9536bf3d_01_01_25,"This column contains the model used to generate the uranium vanadium deposit predictions, allowing users to assess the reliability and performance of different geological modeling approaches."
9536bf3d_01_01_26,"This column contains descriptions of the types of rock alteration observed at uranium vanadium deposits, which geologists would use to identify favorable mineralization zones and understand the geochemical processes associated with ore formation."
9536bf3d_01_01_27,"This column contains the processed concentration of uranium and vanadium, and it would be used to analyze the efficiency of the extraction process or to correlate with other geochemical data to estimate resource potential."
9536bf3d_01_01_28,"This column contains the previous name of a uranium vanadium deposit, allowing researchers to trace the evolution of these deposits and potentially identify patterns in their naming conventions."
9536bf3d_01_01_29,"This column indicates the control method used for classifying the ore, allowing analysts to understand how the data was initially categorized and potentially assess the reliability of the classification."
9536bf3d_01_01_30,"This column contains the name or identifier of the individual or organization that reported the information about the uranium vanadium deposit, allowing users to trace the source of the data and assess potential biases or expertise."
9536bf3d_01_01_31,"This column contains the lithostratigraphic unit designation (Hrock Unit) used to characterize the rock formations within the uranium vanadium deposits, allowing geologists to analyze and interpret the geological context of mineralization."
9536bf3d_01_01_32,"The `hrock_type` column contains the lithology of the host rock surrounding the uranium-vanadium mineralization, allowing users to analyze the geological context and potentially correlate rock type with mineralization intensity."
9536bf3d_01_01_33,"This column contains the lithology or rock unit designation, allowing users to analyze the geological context of uranium vanadium deposits and understand the rock types associated with mineralization."
9536bf3d_01_01_34,"This column contains the lithology or rock type of the uranium-vanadium deposit, allowing geologists to analyze the geological context and potentially correlate rock types with mineralization patterns."
9536bf3d_01_01_35,"This column contains textural descriptions of the uranium vanadium deposits, allowing researchers to analyze and compare the arrangement of minerals and features within the ore bodies to understand their formation and potential for resource extraction."
9536bf3d_01_01_36,"This column contains information describing the geological tectonic setting of the uranium vanadium deposits, allowing researchers to investigate how tectonic activity influenced the formation and distribution of these valuable mineral resources."
9536bf3d_01_01_37,"The ‘Ref’ column contains unique reference identifiers for each uranium vanadium deposit, allowing researchers to track and categorize specific deposits within the dataset."
9536bf3d_01_01_38,"The column contains barium-corrected uranium-vanadium phosphate values, which geologists would use to quantify the concentration of these elements in a rock sample and assess the potential for a uranium-vanadium deposit."
9536bf3d_01_01_40,"The column holds the barium concentration (in mol/L) of uranium vanadium deposits, allowing researchers to analyze and compare the geochemical characteristics of different deposits for exploration and resource assessment."
9536bf3d_01_01_42,"The column holds depth values in meters below the surface, and a geologist would use this data to map the subsurface extent and geometry of uranium vanadium deposits."
9536bf3d_01_01_43,"This column represents the year a disc discovery was made, allowing analysts to investigate trends in discovery dates across uranium vanadium deposits and potentially correlate them with geological factors."
9536bf3d_01_01_44,"This column contains the years in which uranium vanadium deposits were produced, allowing analysts to track production trends over time and assess historical mining activity."
9536bf3d_01_01_45,"This column contains discrete geochemical measurements of the uranium-vanadium deposits, allowing researchers to analyze and compare the chemical characteristics of different samples to understand deposit formation and potential resource evaluation."
9536bf3d_01_01_46,"This column contains a unique identifier for each geological rule applied to the uranium vanadium deposits, allowing users to track and analyze the specific criteria used to classify and understand the deposits."
964c8e3d_01_01_01,"This column contains a unique numerical identifier for each fire station record, allowing users to distinguish and reference individual stations within the dataset."
964c8e3d_01_01_02,"This column contains a unique, unchanging code assigned to each fire station, allowing users to reliably identify and track specific stations across different datasets and systems."
964c8e3d_01_01_03,"This column contains a unique identifier for each feature associated with a fire station, allowing users to track and analyze specific characteristics like building type, occupancy, or construction materials."
964c8e3d_01_01_04,"This column identifies the original dataset from which the fire station data originated, allowing users to trace the data's lineage and understand its source context."
964c8e3d_01_01_05,"This column contains a textual description of the data source used to create the record, allowing users to understand the origin and potential limitations of the information."
964c8e3d_01_01_06,"This column indicates the original source of the fire station data, allowing users to trace the data's lineage and assess its reliability based on the originating organization."
964c8e3d_01_01_07,"This column indicates the level of data security measures implemented at each fire station, allowing analysts to assess risk and prioritize resources for protection."
964c8e3d_01_01_08,"This column contains the operational strategy a fire station uses to allocate its resources and personnel, allowing analysts to understand how stations respond to different types of emergencies and assess potential staffing or resource needs."
964c8e3d_01_01_09,"This column stores the date the fire station data was loaded into the system, allowing users to analyze trends and patterns over time."
964c8e3d_01_01_10,"This column indicates the type of fire station, allowing users to analyze station characteristics like response capabilities or service area."
964c8e3d_01_01_11,"This column contains a unique, standardized code identifying each fire station, allowing users to easily locate and differentiate between stations based on their specific location and characteristics."
964c8e3d_01_01_12,"This column contains the names of individual fire stations, allowing users to identify and locate specific emergency response locations."
964c8e3d_01_01_13,"This column contains the name of the island where a fire station is located, allowing users to analyze fire station distribution across different islands."
964c8e3d_01_01_14,"This column indicates the specific type of location represented by each point on the map, such as a fire station, hydrant, or other relevant facility."
964c8e3d_01_01_15,"This column indicates the type of administrative entity responsible for managing the fire station, allowing users to analyze trends in management structures and their impact on station performance."
964c8e3d_01_01_16,"This column contains the specific street address and building name where a fire station is located, allowing users to pinpoint its exact physical location for response planning or mapping purposes."
964c8e3d_01_01_17,"This column contains the physical location of each fire station, and users would utilize it to map fire station distribution, analyze response times, or determine optimal placement for new facilities."
964c8e3d_01_01_18,"This column contains the name of the city where the fire station is located, allowing users to analyze fire station distribution across different urban areas."
964c8e3d_01_01_19,"This column contains the state in which each fire station is located, allowing users to analyze fire station distribution and patterns across different states."
964c8e3d_01_01_20,"This column contains a five-digit numerical code used for postal delivery, and someone would use it to identify the geographic area served by a nearby fire station."
964c8e3d_01_01_21,"This column contains a unique numerical identifier assigned by the U.S. Geological Survey (USGS) for geographic features, allowing users to precisely locate and reference fire stations on a map and in datasets."
964c8e3d_01_01_22,"This column contains a unique identifier for each firefighter, allowing users to track individual personnel and their responses to incidents."
964c8e3d_01_01_23,"This column contains the unique identifier for a residential complex, allowing users to group fire station locations by the buildings they serve."
964c8e3d_01_01_24,"This column contains a unique identifier for each fire station, allowing users to track and differentiate individual stations within the dataset."
f15708ff_01_01_01,"This column contains a unique numerical identifier for each mining operation, allowing users to track and reference specific mines within the dataset."
f15708ff_01_01_03,"This column contains the specific type of nonferrous metal being mined, allowing users to analyze production volumes and trends by metal type."
f15708ff_01_01_04,"This column contains the names of individual nonferrous metal mining sites, which can be used to identify locations, track operations, and analyze geographic distributions within the dataset."
f15708ff_01_01_05,"This column contains the names of the companies involved in the nonferrous metal mining industry, allowing users to analyze company involvement, track market share, or investigate specific mining operations."
f15708ff_01_01_06,"This column contains the names of the U.S. states where nonferrous metal mines are located, allowing users to analyze mining activity by geographic region."
f15708ff_01_01_07,"This column contains the names of the counties where nonferrous metal mines are located, allowing users to analyze mining activity by geographic region."
f15708ff_01_01_08,"This column contains the geographical coordinates of the nonferrous metal mines, allowing users to map their locations and analyze distributions across different regions."
f15708ff_01_01_09,"This column contains the geographical coordinates' east-west position, allowing users to map the locations of nonferrous metal mines and analyze their spatial distribution."
f15708ff_01_01_10,"This column contains the names of various metal mining plants, allowing users to identify and categorize different mining operations within the dataset."
bad8baaa_01_01_01,"This column contains a unique numerical identifier for each record in the table, allowing users to reference and relate specific secondary bottom well links within the dataset."
bad8baaa_01_01_02,"This column contains a unique numerical identifier for each secondary bottom well, allowing users to reference and connect specific wells within the dataset for analysis and tracking."
bad8baaa_01_01_03,"This column contains the names of the secondary bottom wells, and users would utilize it to identify and link these wells within a larger dataset, likely for tracing fluid flow or understanding well relationships."
bad8baaa_01_01_04,"This column contains the state in which the secondary bottom well is located, allowing users to filter and analyze data based on geographic region."
bad8baaa_01_01_05,"This column indicates the operational state of the secondary bottom wells, allowing users to filter and analyze data based on whether a well is active, inactive, or otherwise designated."
bad8baaa_01_01_06,"This column contains the country where the secondary bottom well is located, allowing users to analyze or filter data based on geographic location."
bad8baaa_01_01_07,"This column contains the geographical coordinates of each well, allowing users to map and analyze the spatial distribution of the secondary bottom wells within the dataset."
bad8baaa_01_01_08,"This column contains the geographical longitude coordinates of the secondary bottom wells, allowing users to map and analyze their spatial distribution for various geological or engineering applications."
bad8baaa_01_01_09,"This column contains unique identifiers for secondary bottom wells, allowing users to link and analyze connections between wells within a project."
bad8baaa_01_01_10,"This column contains unique API identifiers for wells, allowing users to link and analyze data related to specific well locations and operations."
bad8baaa_01_01_11,"This column contains unique permit identification numbers used to link secondary bottom wells to their corresponding regulatory permits, allowing users to track and analyze wells based on their authorization status."
bad8baaa_01_01_12,"This column contains the name of the company responsible for operating the secondary bottom wells, allowing users to analyze drilling activity and operator performance across the dataset."
bad8baaa_01_01_13,"This column contains the type of production being carried out at a well, allowing users to categorize and analyze production data based on the specific fluid or material being extracted."
bad8baaa_01_01_14,"This column contains the names of the secondary bottom wells, allowing users to link and analyze connections between different well locations within a project."
bad8baaa_01_01_15,"This column stores the completion date of a well, allowing users to analyze well development timelines, identify trends in production, or correlate completions with subsequent performance metrics."
bad8baaa_01_01_16,"This column contains unique identifiers for links between secondary bottom wells, allowing users to track and analyze the connections between these wells within a dataset."
4247b381_01_01_01,"This column contains a unique numerical identifier for each transmission line object, allowing users to track and reference specific lines within the dataset."
4247b381_01_01_02,"This column contains a unique identifier for each transmission line, allowing users to track and reference specific lines within the dataset for analysis or modeling."
4247b381_01_01_03,"This column indicates the specific kind of transmission line being represented, allowing users to analyze and compare different line types based on their characteristics and performance."
4247b381_01_01_04,"This column indicates the operational state of the transmission line, allowing users to analyze line performance, identify potential issues, and optimize power flow."
4247b381_01_01_05,"This column contains the North American Industry Classification System code, allowing users to categorize transmission line companies by their specific industry sector and analyze trends within the energy transmission industry."
4247b381_01_01_06,"This column contains detailed North American Industry Classification System descriptions of transmission line companies, allowing users to categorize and analyze businesses based on their specific industry activities."
4247b381_01_01_07,"This column contains the identifier of the power source connected to the transmission line, allowing users to trace the flow of electricity and analyze power distribution networks."
4247b381_01_01_08,"This column contains the date when the transmission line data was sourced, allowing users to analyze trends and patterns over time."
4247b381_01_01_09,"This column indicates the specific method used for evaluating the transmission line performance, allowing users to analyze and compare the results based on the chosen evaluation technique."
4247b381_01_01_10,"This column contains the date of each transmission line measurement, allowing users to analyze trends and patterns in line performance over time."
4247b381_01_01_11,"This column contains the name of the entity responsible for the transmission line, allowing users to analyze ownership structures and potential liabilities within the network."
4247b381_01_01_12,"This column holds the electrical voltage measured along a transmission line, and engineers would use it to analyze power flow, identify potential issues, and optimize system performance."
4247b381_01_01_13,"This column indicates the voltage class of a transmission line, allowing engineers to assess its suitability for carrying specific power levels and ensuring safe operation."
4247b381_01_01_14,"This column contains predicted values for transmission line characteristics, allowing users to assess performance, identify potential issues, and optimize network design."
4247b381_01_01_15,"This column contains the name of the transmission line segment, and engineers would use it to identify and track specific sections within a power grid network."
4247b381_01_01_16,"This column contains the current flow measured through the second conductor of a transmission line, allowing engineers to monitor and analyze the line's performance and identify potential issues related to current distribution."
4247b381_01_01_17,"This column contains the linear dimensions of transmission line shapes, allowing engineers to analyze and design electrical systems based on their physical characteristics."
669d68c2_01_01_01,"This column contains a unique numerical identifier for each school record, allowing users to track and reference individual schools within the dataset."
669d68c2_01_01_02,"This column contains a unique identifier assigned to each public school by the National Center for Education Statistics, allowing users to track and analyze data related to specific schools and their performance."
669d68c2_01_01_03,"This column contains the names of individual public schools, allowing users to identify and differentiate between schools within the dataset."
669d68c2_01_01_04,"This column contains the physical street address of each school, which can be used to locate schools on a map, determine their geographic distribution, or calculate distances between them."
669d68c2_01_01_05,"This column contains the city where each public school is located, allowing users to analyze school performance and demographics by geographic region."
669d68c2_01_01_06,"This column contains the name of the U.S. state where the public school is located, allowing users to analyze school performance and trends by geographic region."
669d68c2_01_01_07,"This column contains the five-digit zip code for each school, allowing users to analyze school performance and demographics by geographic location."
669d68c2_01_01_08,"This column contains a four-digit zip code, which educators and researchers can use to geographically analyze student populations and understand school performance within specific areas."
669d68c2_01_01_09,"This column contains the phone numbers of the public schools, which could be used for contacting the schools directly."
669d68c2_01_01_10,"This column indicates the type of school, such as elementary, middle, or high school, allowing users to analyze school types and their characteristics within the dataset."
669d68c2_01_01_11,"This column indicates whether a school is currently operational, allowing users to filter and analyze data based on the active status of public schools."
669d68c2_01_01_12,"This column contains the total student population of each school, allowing users to analyze school sizes and potentially identify trends related to enrollment numbers."
669d68c2_01_01_13,"This column contains the county in which each public school is located, allowing users to analyze school performance and trends by geographic region."
669d68c2_01_01_14,"This column contains unique numerical codes identifying each U.S. county, allowing users to analyze school performance and trends by geographic location."
669d68c2_01_01_15,"This column contains the nation where the school is located, allowing users to analyze educational trends and performance across different countries."
669d68c2_01_01_16,"This column contains the geographical coordinates of each school, allowing users to visualize their locations on a map and analyze spatial patterns in educational data."
669d68c2_01_01_17,"This column contains the geographic coordinates of each school, allowing users to map and analyze school locations for various purposes like identifying school districts, calculating distances, or visualizing educational resource distribution."
669d68c2_01_01_18,"This column contains the North American Industry Classification System code for each school, allowing users to categorize schools by their primary industry sector and analyze trends within specific industries."
669d68c2_01_01_19,"This column contains a detailed description of the primary industry sector for each public school, allowing users to analyze school employment by industry type and identify trends in educational sector employment."
669d68c2_01_01_20,"This column indicates the origin of the data, allowing users to filter or analyze information based on its source, such as a specific news outlet or government agency."
669d68c2_01_01_21,"This column contains the date the data was originally sourced, allowing users to track the age and potential reliability of the information regarding each public school."
669d68c2_01_01_22,"This column indicates the specific validation method employed during the model's training process, allowing users to analyze the effectiveness of different evaluation techniques."
669d68c2_01_01_23,"This column contains the date of a school's valuation, allowing users to analyze trends in property values over time or identify specific periods of significant change within the school system."
669d68c2_01_01_24,"This column contains the URLs of public schools, which can be used to access school websites for information about programs, staff, and resources."
669d68c2_01_01_25,"This column indicates the educational level of the school, allowing users to analyze school data by grade level or educational tier."
669d68c2_01_01_26,"This column contains the number of students currently attending each school, allowing users to analyze school sizes and potentially identify trends in student populations."
669d68c2_01_01_27,"This column contains the grade level of each student attending a public school, allowing users to analyze student populations by academic level or identify schools serving specific grade ranges."
669d68c2_01_01_28,"This column contains the final grade level a student reached at the school, allowing users to analyze student achievement trends and school performance by grade level."
669d68c2_01_01_29,"This column contains a unique identifier for each school district, allowing users to group and analyze data by geographic location and understand district-level trends and performance."
669d68c2_01_01_30,"This column contains the number of full-time teachers at each school, allowing users to analyze staffing levels and compare educational resources across different schools."
669d68c2_01_01_31,"This column contains a unique identifier for each shelter, allowing users to track and analyze data related to specific homeless shelters within the dataset."
8a56cd47_01_01_01,"This column contains a unique numerical identifier for each object in the dataset, allowing users to track and reference specific instances within the Pol Pumping Station."
8a56cd47_01_01_02,"This column contains a unique identifier for each pump within the Pol Pumping Station, allowing users to track individual pump performance, maintenance records, and operational data."
8a56cd47_01_01_03,"This column contains the unique identifier for each pumping station within the Pol Pumping Station dataset, allowing users to easily distinguish and analyze individual stations."
8a56cd47_01_01_04,"This column contains the physical location of the pumping station, allowing users to map, analyze spatial patterns, and understand the station's distribution within the Pol area."
8a56cd47_01_01_05,"The column contains supplemental address information, such as apartment numbers or building names, which can be used to refine location accuracy and understand the specific location of the pumping station."
8a56cd47_01_01_06,"This column contains the name of the city where the pumping station is located, allowing users to analyze pumping station data by geographic region."
8a56cd47_01_01_07,"This column indicates the operational state of the Pol Pumping Station, allowing users to analyze equipment status and identify potential issues or maintenance needs."
8a56cd47_01_01_08,"This column contains postal codes, which can be used to geographically analyze the pumping station's location and potentially identify areas with high water usage or vulnerability to flooding."
8a56cd47_01_01_09,"This column contains the four-digit zip code segment, which can be used to refine location-based analysis and targeting within a specific geographic area."
8a56cd47_01_01_10,"This column contains telephone numbers, which could be used to contact the pumping station or investigate related incidents."
8a56cd47_01_01_11,"This column indicates the type of pump used at the Pol Pumping Station, allowing users to analyze pump performance and maintenance needs based on their specific design and function."
8a56cd47_01_01_12,"This column indicates the operational state of the pump, allowing users to monitor whether the pumping station is running, stopped, or experiencing an issue."
8a56cd47_01_01_13,"This column contains the name of the county where the pumping station is located, allowing users to analyze pumping station distribution and trends across different geographic regions."
8a56cd47_01_01_14,"This column contains unique numerical identifiers for each U.S. county, allowing users to filter and analyze data based on geographic location."
8a56cd47_01_01_15,"This column contains the country where the Pol Pumping Station is located, allowing users to analyze pumping station data by geographic region."
8a56cd47_01_01_16,"This column contains the geographical coordinates of the pumping station, allowing users to map its location and analyze its spatial relationship to other features in the dataset."
8a56cd47_01_01_17,"This column contains the geographical longitude coordinates of the pumping station, allowing users to map its location and analyze its position relative to other points of interest."
8a56cd47_01_01_18,"This column contains the North American Industry Classification System code, allowing users to categorize the Pol Pumping Station based on its specific industry sector and for analysis of industry trends."
8a56cd47_01_01_19,"This column contains detailed North American Industry Classification System descriptions, allowing users to categorize the pumping station's operations based on its specific industry sector and for analysis of industry trends."
8a56cd47_01_01_20,"This column contains the origin of the water being pumped, allowing users to analyze pumping patterns based on where the water is coming from."
8a56cd47_01_01_21,"This column contains the date each pump's data was sourced, allowing users to analyze pumping trends over time and understand the historical context of the data."
8a56cd47_01_01_22,"This column records the specific method used to measure the pump's performance, allowing users to analyze and compare different measurement techniques for the Pol Pumping Station."
8a56cd47_01_01_23,"This column contains the date of each pumping station measurement, allowing users to analyze trends and patterns in water levels over time."
8a56cd47_01_01_24,"This column contains the URL of the Pol Pumping Station website, which could be used to access information about the facility, its operations, or related data."
8a56cd47_01_01_25,"This column contains the names of the individual pumping units within the Pol Pumping Station, allowing users to identify and track specific equipment for maintenance, monitoring, or operational analysis."
8a56cd47_01_01_26,"This column contains the name of the entity responsible for the Pol Pumping Station, allowing users to identify ownership and potentially investigate management or responsibility for the facility."
8a56cd47_01_01_27,"This column contains the name of the individual operating the Pol Pumping Station, allowing users to track operational personnel and potentially analyze patterns in staffing or performance."
8a56cd47_01_01_28,"The column holds information about the spatial relationship between two points within the pumping station, allowing users to analyze how objects are positioned relative to each other."
8a56cd47_01_01_29,"This column contains the type of goods being transported through the Pol Pumping Station, allowing users to analyze the flow of different commodities and understand the station's operational activity."
8a56cd47_01_01_30,"This column contains a unique identifier assigned to each Environmental Protection Agency (EPA) facility, allowing users to track and analyze data related to specific pollution sources and their associated regulatory oversight."
8a56cd47_01_01_31,"This column contains unique identifiers for each operator working at the Pol Pumping Station, allowing analysts to track and investigate operational activity by individual personnel."
8a56cd47_01_01_32,"This column represents the unique identifier for each pumping station within the Pol Pumping Station dataset, allowing users to track and analyze individual units for operational insights and maintenance records."
acff248b_01_01_01,"This column contains a unique numerical identifier for each record within the Veterans Health Administration Medical Facilities dataset, allowing users to track and reference individual patient or facility entries."
acff248b_01_01_02,"This column contains the names of various healthcare facilities associated with the Veterans Health Administration, which clinicians and researchers could use to identify specific locations and track patient data within those facilities."
acff248b_01_01_03,"This column contains the physical location of each patient’s healthcare visit, allowing users to map patient journeys, analyze geographic health trends, and understand the distribution of VA facilities."
acff248b_01_01_04,"This column contains supplemental address information, such as apartment numbers or building names, that can be used to refine location searches and improve the accuracy of patient address data."
acff248b_01_01_05,"This column contains the city where each patient receives their healthcare, allowing users to analyze patient populations by geographic location and identify trends in health outcomes across different cities."
acff248b_01_01_06,"This column contains the state where each patient received care, allowing users to analyze health trends and outcomes by geographic location."
acff248b_01_01_07,"This column contains the patient's zip code, which can be used for geographic analysis, mapping patient locations, and understanding healthcare access patterns within specific communities."
acff248b_01_01_08,"This column contains the unique four-digit zip code for each patient's location, allowing researchers to analyze health trends and outcomes geographically."
acff248b_01_01_09,"This column contains the county in which each veteran received care, allowing researchers to analyze health trends and disparities across different geographic regions."
acff248b_01_01_10,"This column contains the Federal Information Processing Standards (FIPS) code, a unique numerical identifier for each healthcare facility within the Veterans Health Administration, allowing users to identify and locate specific locations for analysis or reporting."
acff248b_01_01_11,"This column contains textual descriptions of routes or directions, which clinicians and researchers could use to analyze patient travel patterns, understand healthcare access challenges, or identify potential geographic disparities in service delivery."
acff248b_01_01_12,"This column contains the date a consultation was recorded, allowing users to analyze trends in patient consultations over time or identify specific dates of care."
acff248b_01_01_13,"This column contains the number of times a patient has been hospitalized, providing clinicians with a key metric for assessing a veteran’s overall healthcare utilization and potential risk factors."
acff248b_01_01_14,"This column contains the date a patient was seen at a Veterans Health Administration facility, allowing researchers to analyze trends in healthcare utilization and patient demographics over time."
acff248b_01_01_15,"This column contains detailed information about the location of a patient’s visit, such as the specific building, room, or facility where the encounter occurred, allowing researchers to analyze healthcare utilization and patterns by geographic location."
acff248b_01_01_16,"This column contains National Institute of Child Health and Development (NICHD) alphanumeric codes that categorize the type of medical service provided, allowing researchers to analyze and group diagnoses and treatments by specific medical specialties."
acff248b_01_01_17,"This column contains a textual description of the North American Industry Classification System (NAICS) code, allowing users to categorize healthcare facilities by their primary business activity and analyze trends within specific industries."
acff248b_01_01_18,"This column contains a unique identifier for each Veterans Health Administration facility, allowing users to pinpoint specific locations and track patient care across different VA hospitals and clinics."
acff248b_01_01_19,"This column contains the geographical longitude coordinates for each medical facility within the Veterans Health Administration, allowing users to map locations, analyze spatial patterns of healthcare access, and perform distance-based analyses."
acff248b_01_01_20,"This column contains the geographical coordinates of each facility, allowing users to map the locations of VA medical centers and analyze their distribution across a region."
acff248b_01_01_21,"This column contains the names of the vendors providing services to Veterans Health Administration facilities, allowing users to analyze vendor relationships, track spending, and assess service quality."
acff248b_01_01_22,"This column contains the version number of the electronic health record (EHR) system being used at each Veterans Health Administration facility, allowing users to track system updates and compatibility."
acff248b_01_01_23,"This column contains geographic location data, allowing users to analyze patient demographics and healthcare utilization patterns based on their physical location."
acff248b_01_01_24,"This column contains the telephone area code and prefix for each patient, allowing healthcare professionals to identify and contact individuals based on their geographic location."
acff248b_01_01_25,"This column indicates the quality control and quality assurance status of a record, allowing users to identify records that have undergone review and potential adjustments for accuracy and completeness."
acff248b_01_01_26,"This column contains the unique identification number for each Veterans Health Administration facility, allowing users to identify and locate specific medical centers within the VA system."
acff248b_01_01_27,"This column contains unique patient identifiers within the Veterans Health Administration system, allowing researchers and analysts to track individual patients and their medical records across multiple facilities."
acff248b_01_01_28,"This column contains the date of the patient's encounter with the Veterans Health Administration, allowing users to analyze healthcare trends and patterns over time."
acff248b_01_01_29,"This column contains the Veterans Affairs Medical Center’s geographic location within the Department of Veterans Affairs’ 13 Veterans Integrated Service Networks, allowing users to analyze patient populations and healthcare delivery by network."
acff248b_01_01_30,"This column contains the provider's name, allowing users to analyze patient care by identifying the specific healthcare facility that delivered services."
acff248b_01_01_31,"This column contains a textual description of the patient's current condition, allowing clinicians to document and track the patient’s ongoing health status."
acff248b_01_01_33,"This column contains the patient’s primary care outpatient department, allowing users to analyze patient distribution and identify trends in access to care within the Veterans Health Administration."
acff248b_01_01_34,"This column contains the date a Veterans Health Administration facility began operating, allowing users to analyze trends in facility establishment and track the expansion of the VA healthcare system."
acff248b_01_01_36,"This column contains the codes assigned to Certified Billing and Coding Specialists, allowing users to identify and analyze the staffing levels of billing and coding expertise within Veterans Health Administration facilities."
acff248b_01_01_37,"The column contains a patient’s recorded rate of respiratory treatment progression, allowing clinicians to track and monitor the effectiveness of their respiratory therapies over time."
acff248b_01_01_38,"The ‘Ioc’ column in the Veterans Health Administration Medical Facilities dataset indicates whether the patient was involved in a suspected or confirmed illicit drug use event, allowing researchers to investigate patterns of substance abuse within the veteran population."
acff248b_01_01_39,"This column contains the Medical Facility Location Code, which healthcare professionals and researchers use to identify and categorize the specific VA medical center where a patient received care."
acff248b_01_01_40,"This column indicates whether a patient's record originated from a Veterans Affairs Medical Center, allowing researchers to analyze healthcare utilization and outcomes specifically within VA facilities."
acff248b_01_01_41,"This column contains the vector quantity of a specific measurement, typically used for analyzing and interpreting various clinical data points like blood pressure or heart rate."
acff248b_01_01_42,"This column indicates the healthcare facility type for each patient record, allowing researchers to analyze patient populations based on the type of facility where they received care, such as a community-based outpatient clinic or a hospital."
acff248b_01_01_43,"This column contains a unique identifier for each Veterans Health Administration medical facility, allowing researchers to track and analyze patient data and facility-specific healthcare outcomes."
acff248b_01_01_44,"This column indicates the presence of the CD115 protein, a marker often used to identify and study certain types of immune cells, particularly neutrophils, within patient samples."
acff248b_01_01_45,"This column contains the primary service provided to a patient during a visit, allowing researchers to analyze the types of care received and identify common service patterns within the Veterans Health Administration."
acff248b_01_01_46,"This column contains unique identifiers for each patient record within the Veterans Health Administration data, allowing researchers to track and analyze individual patient journeys across multiple facilities."
acff248b_01_01_47,"This column contains the Metropolitan Statistical Area (MSA) code, allowing users to analyze healthcare utilization and demographics by geographic region to identify trends and disparities within the Veteran population."
acff248b_01_01_48,"This column contains a patient’s utilization assessment score, which clinicians use to track and manage a veteran’s healthcare needs and treatment progress."
acff248b_01_01_49,"This column contains a unique identifier for each patient record within the Veterans Health Administration, allowing researchers and analysts to track and link patient data across different facilities and time points."
acff248b_01_01_50,"This column contains a unique identifier for each patient record within the Veterans Health Administration dataset, allowing researchers to track and analyze individual patient journeys."
acff248b_01_01_51,"This column contains the fax number for a Veterans Health Administration facility, which could be used to send or receive medical records and communications."
acff248b_01_01_52,"This column contains a unique identifier for each patient record within the Veterans Health Administration, allowing researchers to track and analyze individual patient journeys and outcomes."
acff248b_01_01_53,"This column contains telephone numbers associated with veterans' healthcare facilities, allowing users to contact those locations for inquiries or appointments."
4daaa5fe_01_01_01,"This column contains a unique numerical identifier for each record, allowing users to track and reference specific incidents or objects within the dataset."
4daaa5fe_01_01_02,"This column contains a unique identifier for each law enforcement agency, allowing users to track and differentiate between individual departments within the dataset."
4daaa5fe_01_01_03,"This column contains the full name of the law enforcement officer, which can be used for identification, record searches, and verifying officer details within the dataset."
4daaa5fe_01_01_04,"This column contains the physical location of a law enforcement agency, which can be used for mapping, locating officers, and understanding jurisdictional coverage."
4daaa5fe_01_01_05,"This column contains the name of the city where the local law enforcement agency is located, and it would be used to analyze crime rates or police staffing levels by geographic area."
4daaa5fe_01_01_06,"This column contains the state in which the local law enforcement agency is located, allowing users to analyze law enforcement trends and performance by geographic region."
4daaa5fe_01_01_07,"This column contains the five-digit zip code associated with a law enforcement agency, allowing users to analyze crime rates or investigate incidents by geographic location."
4daaa5fe_01_01_08,"This column contains a five-digit zip code, allowing users to pinpoint the geographic location of law enforcement agencies for analysis, mapping, and investigative purposes."
4daaa5fe_01_01_09,"This column contains the contact telephone numbers for local law enforcement agencies, which can be used to report crimes, request assistance, or obtain information."
4daaa5fe_01_01_10,"This column indicates the specific category of law enforcement agency, such as a police department, sheriff’s office, or state trooper unit, allowing users to analyze the composition and distribution of local law enforcement across different jurisdictions."
4daaa5fe_01_01_11,"This column indicates whether an officer is currently active, on leave, or otherwise unavailable for duty, allowing for analysis of staffing levels and resource allocation within the law enforcement agency."
4daaa5fe_01_01_12,"This column contains the total number of residents within a specific jurisdiction, which can be used to analyze crime rates, resource allocation, and population density trends."
4daaa5fe_01_01_13,"This column contains the name of the county where the law enforcement agency is located, allowing users to analyze trends and patterns in policing across different geographic regions."
4daaa5fe_01_01_14,"This column contains unique numerical identifiers for each county in the United States, allowing users to analyze crime data and trends by geographic location."
4daaa5fe_01_01_15,"This column contains the country where the local law enforcement agency is located, allowing users to analyze policing trends and patterns across different nations."
4daaa5fe_01_01_16,"This column contains the precise geographic coordinates of each law enforcement agency, allowing users to map their locations and analyze patterns in policing across different regions."
4daaa5fe_01_01_17,"This column contains the east-west coordinates of each law enforcement location, allowing users to map their activity and analyze spatial patterns in crime data."
4daaa5fe_01_01_18,"This column contains the North American Industry Classification System code, allowing users to categorize and analyze law enforcement agencies based on their primary industry sector."
4daaa5fe_01_01_19,"This column contains the North American Industry Classification System description for each law enforcement agency, allowing users to categorize agencies by their primary industry sector."
4daaa5fe_01_01_20,"This column indicates the origin of the data, allowing users to understand where the information about local law enforcement came from, such as police reports, news articles, or government databases."
4daaa5fe_01_01_21,"This column contains the date the data source was obtained, allowing users to track the timeline of information and assess its relevance or freshness."
4daaa5fe_01_01_22,"This column indicates the specific technique or process used by law enforcement during the validation process, allowing analysts to understand how evidence was assessed and confirmed."
4daaa5fe_01_01_23,"This column contains the date on which a law enforcement event was validated or recorded, allowing users to analyze trends and patterns in incidents over time."
4daaa5fe_01_01_24,"This column contains the URL of the local law enforcement agency's official website, which researchers and analysts could use to access information about the department, its activities, and contact details."
4daaa5fe_01_01_25,"This column contains a unique identifier for each police department, allowing users to track and analyze data related to specific law enforcement agencies."
4daaa5fe_01_01_26,"This column contains a unique identifier assigned to each law enforcement agency participating in the CSLLEA program, allowing researchers to track and analyze data across different agencies."
4daaa5fe_01_01_27,"This column contains the primary type of crime reported by the law enforcement agency, allowing users to categorize and analyze criminal activity by its core nature."
4daaa5fe_01_01_28,"This column contains detailed categorization of the type of crime reported, allowing analysts to refine searches and understand specific trends within law enforcement data."
4daaa5fe_01_01_29,"This column indicates whether the law enforcement agency has a specific affiliation or relationship with a Native American tribe, allowing users to analyze the extent of tribal-local government partnerships and collaborations."
4daaa5fe_01_01_30,"This column contains the number of prior arrests a person has, which law enforcement would use to assess risk, investigate potential criminal activity, and inform decision-making regarding surveillance or intervention."
4daaa5fe_01_01_31,"This column contains the number of times a subject was fixed during a police investigation, allowing analysts to examine patterns in arrest data and assess the effectiveness of law enforcement strategies."
4daaa5fe_01_01_32,"This column contains the number of mobile devices associated with a particular individual, which law enforcement could use to investigate potential criminal activity or identify suspects."
4daaa5fe_01_01_33,"This column indicates whether an officer is a field-training services sworn officer, allowing for analysis of personnel levels and training status within a law enforcement agency."
4daaa5fe_01_01_34,"This column indicates whether the local law enforcement agency participated in a Federal Training Civic program, allowing users to analyze participation rates and trends in training initiatives."
4daaa5fe_01_01_35,"This column represents the number of points sworn by a law enforcement officer, which is used to track their performance and training progress within the department."
4daaa5fe_01_01_36,"This column indicates whether a police officer was involved in a civilian-involved incident, providing valuable data for analyzing police behavior and incident types."
3eedda07_01_01_01,"This column holds unique identifiers for geographic features, allowing users to track and reference specific objects within the dataset."
3eedda07_01_01_03,"This column holds unique identifiers for each image within the dataset, allowing users to track and reference specific images for analysis or processing."
3eedda07_01_01_04,"This column contains unique registry identifiers, allowing users to categorize and analyze data based on specific registration details."
3eedda07_01_01_05,"This column contains the primary name associated with a record, which could be used to identify or categorize the data based on its main identifier."
3eedda07_01_01_06,"This column contains the location identified as 'Location A', which could be used to categorize or analyze data based on where a specific event or entity occurred."
3eedda07_01_01_07,"This column contains the names of cities, allowing users to analyze geographic patterns and relationships within the dataset."
3eedda07_01_01_08,"This column contains the names of counties, allowing users to analyze and filter data based on geographic location."
3eedda07_01_01_09,"This column contains unique five-digit codes representing U.S. counties, allowing users to identify and analyze geographic locations based on their FIPS designations."
3eedda07_01_01_10,"This column contains two-letter postal codes representing the state where a transaction or event occurred, allowing users to analyze data by geographic location."
3eedda07_01_01_11,"This column contains postal codes, which can be used to identify geographic locations and facilitate address-based analysis or targeting."
3eedda07_01_01_12,"This column contains geographic coordinates expressed in the Latitude 83 reference system, allowing users to analyze and visualize location data with respect to that specific projection."
3eedda07_01_01_13,"This column contains longitude coordinates, which can be used to map locations and analyze spatial data."
3eedda07_01_01_14,"This column contains the Huc8 code, which is used to categorize and identify specific types of products or services within the dataset."
3eedda07_01_01_15,"This column contains the accuracy scores for a given instance, allowing users to evaluate the performance of a model or system on a specific data point."
3eedda07_01_01_16,"This column contains measurements of collected mountain top data, allowing users to analyze and understand variations in elevation or other relevant metrics at high altitudes."
3eedda07_01_01_17,This column contains the reference point coordinates used for spatial analysis and tracking objects within the dataset.
3eedda07_01_01_18,"This column contains the date when a record was created, allowing users to analyze trends and patterns over time."
3eedda07_01_01_19,"This column contains timestamp data representing when a record was last updated, allowing users to track changes and analyze data freshness."
3eedda07_01_01_20,"This column contains the most recent report date associated with a given entry, allowing users to analyze trends and timelines of reporting activity."
3eedda07_01_01_21,"This column contains URLs of faces, which could be used for tasks like facial recognition, image retrieval, or verifying identity."
3eedda07_01_01_24,"This column contains interest rate data, which could be used to analyze lending trends, assess financial risk, or model investment returns."
3eedda07_01_01_25,"This column indicates whether a specific station is currently active, allowing users to filter or analyze data based on operational status."
3eedda07_01_01_26,"This column indicates whether a transaction is publicly disclosed, allowing analysts to filter and analyze data based on its public availability."
3eedda07_01_01_27,"This column contains the unique identifier for a program, allowing users to categorize and track different software applications or initiatives."
3eedda07_01_01_28,"This column contains a textual report summarizing the findings of a program evaluation, allowing users to analyze and interpret the results of a specific program."
628239e7_01_01_01,"This column holds a unique identifier for each feature within the dataset, allowing users to track and reference specific geographic objects across different tables or analyses."
628239e7_01_01_03,"This column contains unique identifiers for each object within the dataset, allowing users to track and reference specific instances for analysis or retrieval."
628239e7_01_01_04,"This column contains information about the individual components within a system or product, allowing users to analyze and categorize them based on their specific functions or characteristics."
628239e7_01_01_05,"This column contains the names of different websites, and someone would use it to categorize or analyze data based on the source of information."
628239e7_01_01_06,"This column contains information about military airfields, allowing users to analyze and understand the locations and characteristics of joint military bases."
628239e7_01_01_07,"This column contains information about the state or territory a data point belongs to, allowing users to analyze geographic distributions and patterns within the dataset."
628239e7_01_01_08,"This column contains the country of origin for each data point, allowing users to analyze trends and patterns based on geographic location."
628239e7_01_01_09,"This column contains a numerical representation of the operational status of a device, allowing users to analyze device performance and identify potential issues based on its operational state."
b948c7dc_01_01_01,"This column contains a unique numerical identifier for each object in the dataset, allowing users to track and reference specific instances within the fairgrounds data."
b948c7dc_01_01_02,"This column contains a unique identifier for each convention center fairground, allowing users to distinguish and reference specific venues within the dataset."
b948c7dc_01_01_03,"This column contains the names of convention centers and fairgrounds, allowing users to identify and locate specific venues for events or gatherings."
b948c7dc_01_01_04,"This column contains the physical street address of each fairground convention center, allowing users to locate venues on a map or for address-based searches."
b948c7dc_01_01_05,"This column contains the name of the city where the convention center is located, allowing users to filter or analyze data by geographic region."
b948c7dc_01_01_06,"This column contains the state in which the convention center is located, allowing users to analyze fairgrounds by geographic region."
b948c7dc_01_01_07,"This column contains postal codes, which can be used to analyze the geographic distribution of the convention centers and fairgrounds."
b948c7dc_01_01_08,"This column contains a five-digit zip code increment, allowing users to pinpoint locations with greater precision than a standard zip code and for tasks like market analysis or event planning."
b948c7dc_01_01_09,"This column contains contact telephone numbers for the fairgrounds, allowing users to reach event organizers or obtain further information."
b948c7dc_01_01_10,"This column indicates the primary function of each convention center, allowing users to filter and analyze data based on whether it’s a general fairground or specifically designed for conventions."
b948c7dc_01_01_11,"This column indicates whether a convention center is currently open for business or not, allowing users to filter and analyze data based on operational availability."
b948c7dc_01_01_12,"This column contains the name of the county in which the convention center is located, allowing users to analyze convention center distribution by geographic region."
b948c7dc_01_01_13,"This column contains unique numerical codes identifying each county in the United States, allowing users to analyze and filter data by geographic location."
b948c7dc_01_01_14,"This column contains the nation where the convention center is located, allowing users to analyze event distribution by geographic region."
b948c7dc_01_01_15,"This column contains the geographical coordinates indicating the location of each fairground, allowing users to map and analyze event venues based on their position."
b948c7dc_01_01_16,"This column contains the east-west coordinates of each fairground, allowing users to map locations and analyze their distribution across a geographic area."
b948c7dc_01_01_17,"This column contains the North American Industry Classification System code for each convention center, allowing users to categorize and analyze venues based on their primary business activities."
b948c7dc_01_01_18,"This column contains detailed North American Industry Classification System descriptions of the convention centers' primary business activities, allowing users to analyze their industry focus and compare them to other venues."
b948c7dc_01_01_19,"This column indicates the origin of the event data, allowing users to analyze event distributions across different sources like fairgrounds or convention centers."
b948c7dc_01_01_20,"This column contains the date the convention center or fairground was sourced, allowing users to analyze trends in venue acquisition over time."
b948c7dc_01_01_21,"This column contains the evaluation method used for the fairground valuation, allowing users to analyze and compare the results based on different assessment techniques."
b948c7dc_01_01_22,"This column contains the date of a valuation, allowing users to analyze trends and patterns in property values over time."
b948c7dc_01_01_23,"This column contains the URL of the convention center's website, which users could utilize to access information about events, facilities, and contact details."
b948c7dc_01_01_24,"This column contains the number of rooms within a convention center, allowing users to analyze venue capacity and suitability for different event sizes."
b948c7dc_01_01_25,"This column contains the previous name of the convention center, which can be used to trace its history and understand its evolution."
b948c7dc_01_01_26,"This column contains the year in which a convention center change occurred, allowing users to analyze trends in construction, renovations, or expansions over time."
b948c7dc_01_01_27,"This column indicates whether the convention center is permanently located on a fairgrounds site, allowing analysts to investigate the impact of fairground affiliation on convention center characteristics and performance."
b948c7dc_01_01_28,"This column indicates the type of event space, specifically a large, dedicated room within a convention center, and would be used to categorize venues based on their capacity and intended use for gatherings."
b948c7dc_01_01_29,"This column contains information about the individual exhibits present at the fairgrounds, allowing users to analyze which exhibits were featured and potentially understand attendee engagement with specific displays."
b948c7dc_01_01_30,"This column contains descriptions of the lobby area within a convention center, allowing users to analyze the characteristics of these spaces for factors like size, design, and amenities."
b948c7dc_01_01_31,"This column contains the floor plan designation for the main level of a convention center, allowing users to analyze the layout and identify key areas like exhibit halls or the main lobby."
b948c7dc_01_01_32,"This column indicates whether the convention center is located on a fairgrounds setting, allowing users to analyze the type of venue based on its outdoor accessibility."
b948c7dc_01_01_33,"This column indicates the type of function or event held at the convention center, allowing users to categorize and analyze event types based on their characteristics."
b948c7dc_01_01_34,"This column contains information about the availability and characteristics of meeting rooms within the fairgrounds, allowing users to identify suitable spaces for conventions and events."
e3304b35_01_01_01,"This column contains a unique identifier assigned by the EPA's Facility Registry Service, allowing users to track and locate individual power plants within the database."
e3304b35_01_01_03,"This column contains a unique numerical identifier for each power plant listed in the EPA’s Facility Registry Service, allowing users to track and analyze individual facilities within the dataset."
e3304b35_01_01_04,"The `objectid` column is a unique numerical identifier assigned to each power plant listed in the EPA’s Facility Registry Service, allowing users to track and retrieve specific plant records for analysis or reporting."
e3304b35_01_01_05,"This column contains the unique identifier assigned to the utility company operating the power plant, allowing users to track and analyze power generation activities by their respective energy providers."
e3304b35_01_01_06,"This column contains the name of the utility company that owns and operates the power plant, allowing users to analyze power generation by utility provider and investigate ownership structures."
e3304b35_01_01_07,"This column contains a unique identifier for each power plant listed in the EPA’s Facility Registry Service, allowing users to track and analyze emissions data for these facilities."
e3304b35_01_01_08,"This column contains the names of power plants listed in the EPA’s Facility Registry Service, and users can leverage this information to identify specific facilities for analysis or research related to environmental regulations and emissions data."
e3304b35_01_01_09,"This column contains the state in which each power plant is located, allowing users to analyze emissions data and trends by geographic region."
e3304b35_01_01_10,"This column contains the county in which each power plant is located, allowing users to analyze power plant distribution and concentration across different geographic regions."
e3304b35_01_01_11,"This column contains a textual description of the power plant's generator, allowing users to identify the type and size of the generator used at each facility for analysis and comparison of power generation capabilities."
e3304b35_01_01_12,"This column indicates whether a power plant is undergoing a significant change in its operations, such as a capacity expansion or a change in fuel source, allowing analysts to track shifts in the power generation landscape."
e3304b35_01_01_13,"The unit_code column contains a unique identifier for each power plant listed in the EPA’s Facility Registry Service, allowing users to track and analyze specific facilities based on their assigned code."
e3304b35_01_01_14,"This column indicates the type of entity that owns the power plant, allowing users to analyze power generation by ownership structure and identify key stakeholders in the energy sector."
e3304b35_01_01_15,"This column contains the duct burner efficiency, a key metric used to assess a power plant’s combustion performance and potential for emissions reduction."
e3304b35_01_01_16,"This column indicates the operational status of the power plant, allowing users to filter and analyze data based on whether a plant is currently active, inactive, or under review."
e3304b35_01_01_17,"This column indicates whether a power plant is currently operational, allowing users to filter and analyze data on active facilities within the EPA’s Facility Registry Service."
e3304b35_01_01_18,"This column contains the primary operating status of the power plant, allowing users to identify whether a facility was active, idle, or permanently shut down."
e3304b35_01_01_19,"This column indicates the planned retirement date of the power plant, allowing users to analyze the aging fleet and predict future capacity changes."
e3304b35_01_01_20,"This column indicates the planned start date of operation for the power plant, allowing users to assess the project's timeline and potential future emissions."
e3304b35_01_01_21,"The `sector_nam` column contains the industry sector classification of each power plant, allowing users to filter and analyze power plants based on their primary operational sector, such as coal, natural gas, or oil."
e3304b35_01_01_22,"This column indicates the primary industry type of the power plant, allowing users to filter and analyze power plants based on their operational sector, such as electricity generation or combined heat and power."
e3304b35_01_01_23,"This column indicates the primary source of energy used by the power plant, allowing users to analyze the fuel mix and associated emissions of the facility."
e3304b35_01_01_24,"This column contains the primary fuel source used by the power plant, allowing users to analyze power generation by fuel type and understand the energy mix of the facility."
e3304b35_01_01_25,"The column contains the primary fuel source used by the power plant, allowing users to analyze power generation by fuel type and understand the energy mix of the facility."
e3304b35_01_01_26,"This column contains the primary fuel source used by the power plant, allowing users to analyze power generation by fuel type and understand the energy mix of the facility."
e3304b35_01_01_27,"This column contains the primary fuel source used by the power plant, allowing users to analyze power generation by fuel type and understand the energy mix of the facility."
e3304b35_01_01_28,"This column contains the primary fuel source used by the power plant, allowing users to analyze power generation by fuel type and understand the energy mix of the facility."
e3304b35_01_01_29,"The startup SO column contains the sulfur oxide emission rate measured during a power plant's startup phase, allowing users to analyze emissions trends and assess a plant’s operational characteristics."
e3304b35_01_01_30,"This column indicates whether the power plant was operational at the time the facility was registered, allowing users to assess the current status and activity of power generation facilities."
e3304b35_01_01_31,"This column indicates the date when the power plant’s startup equipment was initially placed into service, allowing users to analyze plant age and operational history."
e3304b35_01_01_32,"This column indicates the startup status of the power plant, allowing users to analyze when a facility began operation or initiated its startup process."
e3304b35_01_01_33,"This column contains the planned energy output capacity of the power plant in megawatt-hours per year, allowing users to assess the potential impact of the facility on energy production and environmental emissions."
e3304b35_01_01_34,"This column contains the planned capacity of the power plant in megawatts, allowing users to assess the potential output and impact of each facility."
e3304b35_01_01_35,"This column indicates the planned operational status of the power plant, allowing users to assess the anticipated timeline for construction or operation of the facility."
e3304b35_01_01_36,"The column holds a unique identifier assigned to each power plant listed in the EPA’s Facility Registry Service, allowing users to track and analyze the characteristics of individual power plants for environmental monitoring and regulatory purposes."
e3304b35_01_01_37,"This column contains the primary National Emission Inventory (NEI) category for each power plant, allowing users to categorize and analyze emissions data based on the type of pollutants released."
e3304b35_01_01_38,"The column contains the geographic coordinates (latitude and longitude) of each power plant, allowing users to map their locations and analyze their distribution across different regions."
e3304b35_01_01_39,"The column holds the name of the city where the power plant is located, and someone would use it to identify the geographic location of each facility within the EPA’s Facility Registry Service."
e3304b35_01_01_40,"This column contains the name of the county where the power plant facility is located, allowing users to analyze power plant distribution and concentration across different geographic regions."
e3304b35_01_01_41,"This column contains the two-letter postal code for each power plant facility, allowing users to filter and analyze power plant locations by state."
e3304b35_01_01_42,"This column contains the postal code for each power plant facility, allowing users to pinpoint their location and potentially analyze power generation activity by geographic region."
e3304b35_01_01_43,"This column contains a unique numerical code identifying the geographic location of each power plant, allowing users to pinpoint facilities on a map and analyze power generation activity by region."
e3304b35_01_01_44,"This column contains the name of the country where the power plant is located, allowing users to filter and analyze power plant data by geographic region."
e3304b35_01_01_47,"This column contains the geographical coordinates of the power plant’s location in Latitude 83, allowing users to map and analyze the distribution of power plants across the United States."
e3304b35_01_01_48,"This column contains the longitude coordinates of each power plant, allowing users to map their locations and analyze spatial patterns in power generation."
e3304b35_01_01_49,"This column contains the specific location identifier for a power plant, allowing users to pinpoint its exact geographic position for analysis and tracking environmental data."
e3304b35_01_01_50,"This column contains a numerical value representing a derived heat unit (DHU) score, which can be used to assess a power plant’s energy efficiency and compare its performance against other facilities."
e3304b35_01_01_51,"This column contains the calculated megawatt capacity of the power plant, allowing users to analyze power generation potential and compare facilities based on their output."
e3304b35_01_01_52,"This column contains calculated carbon dioxide emissions data for each power plant, allowing users to assess a facility’s contribution to greenhouse gas emissions and compare it against regulatory standards."
e3304b35_01_01_53,"This column contains a code representing the type of power generation technology used at the facility, allowing users to categorize and analyze power plants based on their operational methods."
e3304b35_01_01_54,"This column contains the hourly ozone concentration in parts per million (ppm) measured at a facility, allowing users to assess a power plant’s contribution to ozone pollution levels and potential violations of air quality standards."
e3304b35_01_01_55,"This column contains the annual report (AR) for each power plant listed in the EPA’s Facility Registry Service, allowing users to track emissions data and assess a plant’s environmental performance over time."
e3304b35_01_01_56,"This column contains annual particulate matter with a diameter of 2.5 micrometers or less (PM25) measured in 1997, which researchers and analysts could use to study historical air quality trends and assess the impact of power plant emissions on local pollution levels."
e3304b35_01_01_57,"This column contains the annual particulate matter with a diameter of 2.5 micrometers or less (PM25) measured in 2006, allowing researchers to analyze air quality trends and assess the impact of power plants on local pollution levels."
e3304b35_01_01_58,"This column contains hourly ozone concentrations measured in parts per million (ppm) at a specific facility, allowing users to analyze air quality trends and assess potential health impacts related to ozone pollution."
e3304b35_01_01_59,"This column indicates whether the power plant is subject to federal agricultural regulations, allowing users to filter and analyze power plants with specific environmental compliance requirements."
e3304b35_01_01_60,"This column contains the Hydrographic Unit Code (HUC) 12, a hierarchical geographic classification used to identify and categorize watersheds for analyzing and understanding water resources and environmental data related to power plants."
e3304b35_01_01_61,"This column contains the state-level federal land agency responsible for permitting and oversight of the power plant, allowing users to analyze regulatory relationships and compliance across different states."
934c1f2c_01_01_01,"This column contains a unique identifier assigned by the EPA’s Comprehensive Environmental Response, Compensation, and Liability Information System (CERCLIS) for each facility listed, allowing users to track and reference specific sites within the database."
934c1f2c_01_01_03,"The column holds a unique numerical identifier for each facility listed in the EPA’s CERCLA database, allowing users to track and reference specific sites within the dataset."
934c1f2c_01_01_04,"This column contains the names of the cities where EPA Superfund sites are located, allowing users to identify the geographic locations of contaminated facilities and investigate potential environmental impacts."
934c1f2c_01_01_05,"This column contains unique five-digit numerical codes identifying specific geographic locations, primarily used to link EPA’s CERCLA sites to corresponding state and federal government records."
934c1f2c_01_01_06,"This column contains the two-digit state code for each facility listed in the EPA’s database, allowing users to filter and analyze contamination data by geographic location."
934c1f2c_01_01_07,"This column contains the latitude coordinates in the WGS 84 (Latitude 83) reference system, allowing users to map and analyze the locations of EPA facilities within a global coordinate framework."
934c1f2c_01_01_08,"This column contains the Hydrogeological Unit Code 8 (HUC8) classification, which allows users to categorize and analyze Superfund sites based on their watershed and drainage basin characteristics."
934c1f2c_01_01_09,"This column contains the URL for the facility listed in the dataset, allowing users to access detailed information about the site's location, operations, and potential environmental issues."
934c1f2c_01_01_11,"This column indicates whether a facility is publicly owned or operated, allowing users to filter and analyze data on remediation sites based on ownership status."
934c1f2c_01_01_12,"This column contains the EPA’s Registry I identification number for each Superfund site, which is used to track and manage the progress of cleanup activities and associated liabilities."
934c1f2c_01_01_13,"This column indicates whether the facility is the primary responsible party for a CERCLA action, allowing users to identify the main liable entity within a Superfund site investigation."
934c1f2c_01_01_14,"This column contains the geographic location of the facility associated with a Superfund site, allowing users to map and analyze the spatial distribution of contaminated properties."
934c1f2c_01_01_15,"This column contains the names of the counties where EPA Superfund sites are located, allowing users to analyze contamination patterns and liabilities by geographic region."
934c1f2c_01_01_16,"This column contains the postal code for each facility listed in the EPA’s database, allowing users to geographically locate contaminated sites and analyze environmental liabilities by location."
934c1f2c_01_01_17,"This column contains the longitude coordinates of each facility listed in the EPA’s database, allowing users to map and analyze the geographic distribution of contaminated sites."
934c1f2c_01_01_18,"This column contains the accuracy value for each facility record, allowing users to assess the reliability of the reported data and potentially identify records needing further verification."
934c1f2c_01_01_19,"This column contains the measured Mountaintop concentration data, which environmental professionals and researchers would use to assess contamination levels and potential impacts from hazardous waste sites."
934c1f2c_01_01_20,"This column contains the unique identifier for a specific monitoring point or measurement location associated with a Superfund site, allowing users to track and analyze environmental data collected at those locations."
934c1f2c_01_01_21,"This column contains the date when a facility was created, allowing users to analyze trends in facility establishment over time and assess potential environmental liabilities associated with older sites."
934c1f2c_01_01_22,"This column contains the date of the most recent update to the facility information within the EPA’s CERCLA database, allowing users to track changes and assess the current status of remediation efforts."
934c1f2c_01_01_23,"This column contains the date of the most recently submitted report regarding a facility's environmental response and cleanup activities, allowing users to track the progress and status of remediation efforts."
934c1f2c_01_01_25,"The column holds the type of interest the responsible party has in the Superfund site, allowing users to categorize sites based on the nature of their involvement, such as ownership, control, or responsibility."
934c1f2c_01_01_26,"This column contains the unique identifier for each EPA Superfund program, allowing users to track and analyze specific cleanup efforts and their associated details."
934c1f2c_01_01_27,"This column contains the full text of the preliminary governmental reports generated during the EPA’s Superfund investigations, allowing users to analyze historical investigation findings and remediation strategies."
934c1f2c_01_01_28,This column indicates whether a Superfund site is currently being actively managed and addressed by a responsible party or regulatory agency.
4e347e71_01_01_01,"This column contains a unique identifier assigned by the EPA for each facility listed in the Toxic Release Inventory, allowing users to track and reference specific facilities within the dataset."
4e347e71_01_01_03,"This column contains a unique identifier for each facility listed in the Toxic Release Inventory dataset, allowing users to track and reference specific facilities within the EPA's reporting system."
4e347e71_01_01_04,"This column contains the unique EPA Registry Identifier for each facility listed in the TRI database, allowing users to track and analyze a specific facility's toxic release reporting data."
4e347e71_01_01_05,"This column contains the primary National category assigned to each facility reporting toxic releases, allowing users to categorize facilities based on the type of industry and chemicals they handle."
4e347e71_01_01_06,"This column contains the geographic location of a facility listed in the EPA’s Toxic Release Inventory, allowing users to analyze the distribution of toxic releases across different areas."
4e347e71_01_01_07,"This column contains the names of the cities where facilities listed in the Toxic Release Inventory are located, allowing users to analyze toxic release patterns by geographic region."
4e347e71_01_01_08,"This column contains the name of the county where a facility listed in the TRI database is located, allowing users to analyze toxic release data by geographic region."
4e347e71_01_01_09,"This column contains unique five-digit codes identifying specific geographic locations, primarily used to pinpoint the exact facility where toxic release data was reported."
4e347e71_01_01_10,"This column contains the two-letter postal code for each facility listed in the TRI database, allowing users to analyze toxic release data by geographic location."
4e347e71_01_01_11,"This column contains the postal code for each facility listed in the TRI database, allowing users to pinpoint the geographic location of industrial sites and analyze toxic release data by region."
4e347e71_01_01_12,"This column contains the geographical coordinates of each facility’s location in the WGS 83 coordinate system, allowing users to map the distribution of toxic releases and analyze spatial patterns."
4e347e71_01_01_13,"This column contains the longitude coordinates of each facility, allowing users to map the locations of facilities reporting toxic releases and analyze their spatial distribution."
4e347e71_01_01_14,"This column contains eight-digit hydrogeological classification codes that identify the specific geographic area where a facility is located, allowing users to analyze toxic release data by region and understand potential environmental impacts."
4e347e71_01_01_15,"This column contains the accuracy value, which a user would utilize to assess the reliability or precision of the data related to toxic release reporting facilities."
4e347e71_01_01_16,"This column contains the total mass of toxic chemicals collected by a facility, allowing users to assess the scale of releases and compare environmental impact across different sites."
4e347e71_01_01_17,"This column contains the specific location identifier for a facility, allowing users to pinpoint the exact site where toxic release data was reported."
4e347e71_01_01_18,"This column indicates the date when the facility's data was created within the Toxic Release Inventory (TRI) system, allowing users to track the timeline of reporting and assess historical release information."
4e347e71_01_01_19,"This column contains the date of the last update for each facility's TRI reporting record, allowing users to track the timeliness and currency of the data."
4e347e71_01_01_20,"This column contains the date of the most recently reported toxic release information for a facility, allowing users to track a facility’s compliance history and trends in emissions over time."
4e347e71_01_01_21,"This column contains the URL of the facility associated with each TRI record, allowing users to access detailed information about the specific site and its toxic release reporting."
4e347e71_01_01_24,"This column contains a numerical value representing the total toxic release quantity reported by a facility, allowing users to analyze the magnitude of chemical releases and assess potential environmental impact."
4e347e71_01_01_25,"This column contains the funding amount allocated to a specific EPA program, allowing users to analyze the financial resources dedicated to emergency response activities and track program investments."
4e347e71_01_01_26,"This column indicates whether the facility is publicly owned, allowing users to analyze the distribution of TRI facilities based on ownership type and assess potential public health and environmental impacts."
4e347e71_01_01_27,"This column contains the names of the states where the listed facilities are located, allowing users to analyze toxic release data by geographic region."
4e347e71_01_01_28,"This column contains textual reports generated by facilities detailing their toxic release inventory activities, allowing users to analyze the types of reports submitted and potentially identify trends in reporting practices or specific concerns raised by facilities."
844cacf4_01_01_01,"This column contains a unique, system-generated identifier for each facility within the EPA’s RCRA Treatment Storage and Disposal Facilities dataset, allowing users to track and reference specific facilities across the database."
844cacf4_01_01_03,"The column holds a unique numerical identifier for each facility within the EPA’s RCRA Treatment Storage and Disposal Facilities dataset, allowing users to track and reference specific facilities for analysis or reporting."
844cacf4_01_01_04,"The column contains the unique identification number assigned to each Resource Conservation and Recovery Act Treatment, Storage, and Disposal Facility (RCRA TSDF), allowing users to track and identify specific facilities within the EPA’s database."
844cacf4_01_01_05,"This column contains the primary name of the RCRA treatment, storage, and disposal facility, allowing users to identify and categorize facilities based on their official designation."
844cacf4_01_01_06,"The column contains the geographic location of the Resource Conservation and Recovery Act Treatment, Storage, and Disposal Facility (RCRA TSDF), allowing users to analyze facility distribution and identify potential areas for environmental impact assessments."
844cacf4_01_01_07,"The column contains the names of the cities where Resource Conservation and Recovery Act Treatment Storage and Disposal Facilities are located, allowing users to identify the geographic distribution of these facilities."
844cacf4_01_01_08,"This column contains the names of the counties where Resource Conservation and Recovery Act Treatment Storage and Disposal Facilities are located, allowing users to analyze facility distribution and identify areas with a high concentration of these facilities."
844cacf4_01_01_09,"This column contains the Federal Information Processing Standards (FIPS) code for each treatment, storage, and disposal facility, allowing users to identify and locate facilities based on their geographic location."
844cacf4_01_01_10,"This column contains the two-letter postal code for each treatment, storage, and disposal facility managed under the EPA’s Resource Conservation and Recovery Act, allowing users to analyze facility locations and trends across different states."
844cacf4_01_01_11,"The column contains the postal code for each treatment storage and disposal facility, allowing users to geographically locate facilities and analyze their distribution across different regions."
844cacf4_01_01_12,"This column contains the geographic coordinates of each facility’s location in Latitude 83, allowing users to map and analyze the spatial distribution of RCRA treatment, storage, and disposal facilities."
844cacf4_01_01_13,"This column contains the longitude coordinates of each treatment storage and disposal facility, allowing users to map the locations of RCRA facilities and analyze their spatial distribution."
844cacf4_01_01_14,"This column contains eight-digit Hydrographic Unit Classification (HUC8) codes, which are used to geographically classify the location of RCRA treatment, storage, and disposal facilities for watershed analysis and environmental monitoring."
844cacf4_01_01_15,"This column contains the accuracy score of a treatment, storage, and disposal facility, allowing users to assess the reliability of the data associated with each facility."
844cacf4_01_01_16,"This column contains the total mass of waste collected at a treatment, storage, and disposal facility, allowing users to track the volume of materials managed by each facility for regulatory reporting and environmental monitoring."
844cacf4_01_01_17,"This column contains the reference point data, which site professionals would use to identify and locate specific monitoring points within a hazardous waste treatment, storage, and disposal facility."
844cacf4_01_01_18,"This column contains the date the facility was created, allowing users to analyze trends in RCRAT facility establishment over time."
844cacf4_01_01_19,"This column contains the date of the most recent update to the information for each treatment, storage, and disposal facility, allowing users to track changes and assess the current status of RCRA sites."
844cacf4_01_01_20,"This column contains the URL for each Resource Conservation and Recovery Act Treatment Storage and Disposal Facility, allowing users to access detailed information about the facility's operations and location."
844cacf4_01_01_23,"The column contains the type of interest held in the treatment storage and disposal facility, allowing users to categorize facilities based on their ownership structure or stakeholder involvement."
844cacf4_01_01_24,"This column contains unique identification numbers assigned to EPA Resource Conservation and Recovery Act Treatment Storage and Disposal Facilities, allowing users to track and differentiate between individual facilities within the EPA’s database."
844cacf4_01_01_25,"This column indicates whether the RCRA treatment, storage, and disposal facility is publicly owned, allowing users to filter and analyze data based on ownership structure for research or regulatory purposes."
844cacf4_01_01_26,"This column indicates whether a Resource Conservation and Recovery Act treatment, storage, and disposal facility is currently operational, allowing users to identify facilities actively managing hazardous waste."
844cacf4_01_01_27,"This column contains the date of the most recently submitted report for a hazardous waste treatment, storage, and disposal facility, allowing users to track facility compliance and regulatory activity over time."
844cacf4_01_01_28,"This column contains textual reports submitted by RCRA treatment, storage, and disposal facilities, allowing users to analyze facility operations, compliance, and potential environmental issues."
62562f68_01_01_01,"This column contains a unique identifier for each object in the dataset, allowing users to track and reference specific instances for analysis or retrieval."
62562f68_01_01_02,"This column represents the unique identifier for each venue, allowing users to track and analyze usage patterns across different locations."
62562f68_01_01_03,"This column indicates whether a user engaged with a specific item, providing valuable insight for understanding user behavior and prioritizing features based on usage patterns."
62562f68_01_01_04,"This column contains data representing the population usage of a particular service or product, allowing users to analyze trends and understand how people are utilizing it."
62562f68_01_01_05,"This column contains the name of the sports team being tracked, allowing users to analyze team performance and identify trends."
62562f68_01_01_06,"This column contains the name of the sports league a player or team belongs to, allowing users to filter and analyze data by competition level."
62562f68_01_01_07,"This column indicates the name of the academic conference where the research was presented, allowing users to analyze trends in conference participation and identify influential events within a specific field."
62562f68_01_01_08,"This column indicates the specific department or area within a company where a user's activity is taking place, allowing for analysis of usage patterns by business unit."
62562f68_01_01_09,"This column indicates the institutional affiliation of the user, allowing for analysis of user behavior based on their school, university, or other organization."
62562f68_01_01_10,"This column indicates the type of activity a user was engaged in, allowing for analysis of user behavior across different categories like music listening, podcasting, audiobook consumption, or video streaming."
62562f68_01_01_11,"This column contains the length of a trip in miles, allowing users to analyze travel distances or compare trip durations."
62562f68_01_01_12,"This column contains information about the style of roof on a building, allowing users to analyze housing data by roof type for trends, comparisons, or to identify specific property characteristics."
62562f68_01_01_13,"This column contains information about the stadium's capacity, allowing users to analyze stadium sizes and potentially identify venues suitable for specific events or teams."
62562f68_01_01_14,"This column contains the date when a new item was added to the system, allowing users to track when content was introduced or when a user began utilizing a particular feature."
62562f68_01_01_15,"This column indicates whether a user has visited a website, allowing researchers to analyze browsing behavior and understand user engagement."
62562f68_01_01_16,"This column contains user-submitted text feedback, which can be analyzed to understand sentiment, identify common issues, or gauge overall satisfaction with a product or service."
5c91101d_01_01_01,"This column contains a unique identifier for each nursing home record, allowing users to track and reference specific facilities within the dataset."
5c91101d_01_01_02,"This column contains a unique identifier for each nursing home record, allowing users to track and reference specific facilities within the dataset."
5c91101d_01_01_03,"This column contains the unique names of each nursing home, allowing users to identify and differentiate between facilities within the dataset."
5c91101d_01_01_04,"This column contains the physical location of each nursing home, which can be used for mapping, proximity analysis, and understanding the geographic distribution of care facilities."
5c91101d_01_01_05,"This column contains the city where each nursing home is located, and it can be used to analyze facility distribution, identify regional trends, or determine proximity to resources."
5c91101d_01_01_06,"This column contains the state in which each nursing home is located, allowing users to analyze trends and patterns in care across different regions."
5c91101d_01_01_07,"This column contains the postal zip code for each nursing home, allowing users to analyze facility locations and potentially identify regional trends or proximity to services."
5c91101d_01_01_08,"This column contains the five-digit zip code block, which can be used to refine geographic analysis and identify nursing homes within specific areas."
5c91101d_01_01_09,"This column contains the phone numbers of the nursing homes, which can be used to contact them for further information or to investigate their services."
5c91101d_01_01_10,"This column indicates the specific type of nursing home facility, allowing users to analyze trends and characteristics across different care models like skilled nursing, memory care, or assisted living."
5c91101d_01_01_11,"This column indicates whether a nursing home is currently operational, allowing users to analyze trends in facility closures, identify at-risk facilities, or assess the availability of care resources."
5c91101d_01_01_12,"This column contains the total number of residents living in each nursing home, allowing users to analyze population density, staffing needs, and resource allocation within the facilities."
5c91101d_01_01_13,"This column contains the county in which each nursing home is located, allowing users to analyze facility distribution and identify regional trends."
5c91101d_01_01_14,"This column contains unique five-digit codes identifying each U.S. county, allowing users to analyze nursing home distribution and trends across different geographic regions."
5c91101d_01_01_15,"This column contains the nation where the nursing home facility is located, allowing users to analyze trends and characteristics of care across different countries."
5c91101d_01_01_16,"This column contains the geographical coordinates of each nursing home, allowing users to map their locations and analyze their distribution across a region."
5c91101d_01_01_17,"This column contains the geographical longitude coordinates of each nursing home, allowing users to map their locations and analyze spatial patterns related to the dataset."
5c91101d_01_01_18,"This column contains the North American Industry Classification System code for each nursing home, allowing users to categorize and analyze nursing homes based on their specific services and industry sector."
5c91101d_01_01_19,"This column contains the North American Industry Classification System description for each nursing home, allowing users to categorize and analyze nursing homes based on their specific services and industry sector."
5c91101d_01_01_20,"This column contains the type of facility where the resident received care, allowing users to analyze trends in care settings and understand where patients are being admitted from."
5c91101d_01_01_21,"This column contains the date the resident was sourced, allowing analysts to track recruitment timelines, assess referral effectiveness, and understand the origin of new admissions to the nursing home."
5c91101d_01_01_22,"This column indicates the specific method used for validating the nursing home’s quality measures, allowing researchers to analyze the rigor and approach of the data used to assess care."
5c91101d_01_01_23,"This column contains the date of a facility's valuation, allowing analysts to track trends in nursing home values over time and assess their historical performance."
5c91101d_01_01_24,"This column contains the URL of each nursing home's website, allowing users to access information about services, staff, and resident experiences."
5c91101d_01_01_25,"This column represents the total resident days spent in the nursing home, allowing analysts to examine the utilization of beds and assess occupancy rates."
5c91101d_01_01_26,"This column represents the total number of staff members working at a nursing home, and it would be used to analyze staffing levels and their potential impact on resident care."
5c91101d_01_01_27,"This column represents the total number of beds available at a nursing home, allowing users to analyze facility capacity and potentially identify areas with unmet demand."
5c91101d_01_01_28,"This column contains the number of unoccupied beds in a nursing home, allowing analysts to identify facilities with potential overcapacity and assess resource utilization."
5c91101d_01_01_29,"This column indicates the type of entity that owns the nursing home, allowing researchers to analyze trends in care quality and outcomes based on ownership structure."
5c91101d_01_01_30,"This column contains a unique identifier for each nursing home receiving Medicaid funding, allowing analysts to track and investigate the utilization of these services by residents."
5c91101d_01_01_31,"This column contains unique Medicare identification numbers for each nursing home, allowing researchers to track and analyze patient populations and outcomes associated with specific facilities."
5c91101d_01_01_32,"This column contains the unique identifier assigned by each state to nursing homes, allowing users to analyze facility licensing and regulatory compliance across different locations."
5c91101d_01_01_33,"This column contains the original categorization of the log event, allowing users to filter and analyze nursing home data based on its source or type of record."
7c7c203b_01_01_01,"This column contains a unique numerical identifier for each terminal in the dataset, allowing users to easily reference and distinguish individual terminals for analysis or tracking."
7c7c203b_01_01_02,"This column contains a unique identifier for each liquefied natural gas (LNG) import/export terminal, allowing users to track and analyze specific terminal operations and data."
7c7c203b_01_01_03,"This column contains the names of liquefied natural gas (LNG) import and export terminals, allowing users to identify and locate these facilities for analysis or tracking purposes."
7c7c203b_01_01_04,"This column contains the physical location of liquefied natural gas import and export terminals, allowing users to identify the specific sites involved in these trade activities."
7c7c203b_01_01_05,"This column contains the names of cities where liquefied natural gas import and export terminals are located, allowing users to analyze terminal distribution and regional trade patterns."
7c7c203b_01_01_06,"This column contains the geographical location of the LNG import/export terminal, allowing users to analyze import/export volumes by region or state."
7c7c203b_01_01_07,"This column contains the postal zip code for each terminal, allowing users to geographically locate and analyze import/export terminals based on their location."
7c7c203b_01_01_08,"This column contains the four-digit zip code associated with a terminal's location, allowing users to pinpoint its geographic location for analysis, mapping, and logistical planning."
7c7c203b_01_01_09,"This column contains the telephone numbers of the LNG import and export terminals, allowing users to contact them for inquiries, logistics coordination, or operational updates."
7c7c203b_01_01_10,"This column indicates the nature of the terminal operation, allowing users to categorize imports and exports by activity such as storage, blending, or transfer."
7c7c203b_01_01_11,"This column indicates the operational state of the LNG terminal, allowing users to analyze terminal availability, planned maintenance, or current import/export activity."
7c7c203b_01_01_12,"This column contains the population figures for the LNG import/export terminals, allowing users to analyze the impact of terminal operations on surrounding communities or to correlate terminal activity with population density."
7c7c203b_01_01_13,"This column contains the name of the county where the LNG import or export terminal is located, allowing users to analyze import/export activity by geographic region."
7c7c203b_01_01_14,"This column contains unique numerical identifiers for counties, allowing users to link terminal import/export data to specific geographic locations for analysis and mapping."
7c7c203b_01_01_15,"This column contains the names of the countries involved in LNG import and export activities, allowing users to analyze trade flows and identify key partners for these terminals."
7c7c203b_01_01_16,"This column contains the geographical coordinates of each terminal, allowing users to visualize their locations on a map and analyze import/export patterns based on geographic proximity."
7c7c203b_01_01_17,"This column contains the geographical longitude coordinates of each terminal, allowing users to visualize their locations on a map and analyze import/export patterns based on geographic proximity."
7c7c203b_01_01_18,"This column contains the North American Industry Classification System code for the terminal, allowing users to categorize and analyze terminals based on their specific industry activities."
7c7c203b_01_01_19,North American Industry Classification System description
7c7c203b_01_01_20,"This column contains the origin of the liquefied natural gas, allowing users to analyze import and export patterns by identifying the countries or regions supplying the terminals."
7c7c203b_01_01_21,"This column contains the date on which the LNG was sourced, allowing users to analyze import trends over time and understand the origin of shipments."
7c7c203b_01_01_22,"This column records the specific method used for valuing the import or export transactions, allowing users to analyze valuation practices and their impact on trade volumes."
7c7c203b_01_01_23,"This column contains the date of each import or export transaction, allowing users to analyze trends in LNG shipments over time and understand historical trading patterns."
7c7c203b_01_01_24,"This column contains the URL addresses of the terminals' websites, which can be used to access company information, operational data, and contact details."
7c7c203b_01_01_25,"This column contains the Environmental Protection Agency identification number for each terminal, allowing users to identify and track specific facilities based on EPA regulations and oversight."
7c7c203b_01_01_26,"This column contains alternative names or synonyms for the terminal, which can be used to identify the same facility through different naming conventions or abbreviations."
7c7c203b_01_01_27,"This column contains the name of the entity that owns and operates the LNG import/export terminal, allowing users to analyze terminal ownership and potential market influences."
7c7c203b_01_01_28,"This column indicates the relative position of a terminal within a list or ranking, providing a numerical value representing its order based on a specific criterion."
7c7c203b_01_01_29,"This column contains the jurisdictional designation for a specific LNG terminal, allowing users to analyze import/export activity by region or regulatory authority."
7c7c203b_01_01_30,"This column holds the type of container used for shipping goods, and someone would use it to analyze container types associated with import and export volumes at terminals."
7c7c203b_01_01_31,"This column contains the names of liquefied natural gas import/export terminals, allowing users to identify and analyze the locations where these critical energy transfers occur."
7c7c203b_01_01_32,"This column contains the number of individual loading/unloading spaces or docks available at each LNG import/export terminal, allowing users to analyze port capacity and potential throughput."
7c7c203b_01_01_33,"This column contains the volume of liquid stored at each terminal, allowing users to analyze storage capacity and track changes in inventory levels."
7c7c203b_01_01_34,"This column represents the storage capacity of liquefied natural gas (LNG) import and export terminals, allowing users to analyze and compare the infrastructure's ability to hold LNG volumes."
7c7c203b_01_01_35,"This column represents the current storage capacity of the LNG import/export terminal, allowing users to assess the facility's ability to handle current and future volumes of liquefied natural gas."
7c7c203b_01_01_36,"This column represents the maximum apparent capacity of the LNG import/export terminal, allowing users to assess the potential throughput volume for a given terminal."
7c7c203b_01_01_37,"This column contains the year in which a liquefied natural gas import or export operation occurred, allowing users to analyze trends and volumes over time."
7c7c203b_01_01_38,"This column contains the unique identifier for an import/export activity record, allowing users to track and analyze specific shipments and their associated data."
7c7c203b_01_01_39,"This column contains the quantity of liquefied natural gas imported or exported through the terminal, allowing users to analyze trade flows and assess terminal throughput."
7c7c203b_01_01_40,"This column contains the recorded price of liquefied natural gas imports and exports, allowing users to analyze price trends, identify market fluctuations, and assess trading opportunities within the terminal industry."
1107e9d2_01_01_01,"This column contains a unique numerical identifier for each record in the dataset, allowing users to easily reference and distinguish individual natural gas import and export transactions."
1107e9d2_01_01_02,"This column contains a unique identifier for each natural gas import/export transaction, allowing users to track and analyze specific trade records within the dataset."
1107e9d2_01_01_03,"This column contains the names of the countries involved in natural gas import and export transactions, allowing users to identify the trading partners within the dataset."
1107e9d2_01_01_04,"This column contains the names of cities involved in natural gas import and export activities, allowing users to analyze trade patterns and volumes by location."
1107e9d2_01_01_05,"This column contains the name of the U.S. state where natural gas import or export activity occurred, allowing users to analyze trade patterns by geographic location."
1107e9d2_01_01_06,This column indicates whether the data represents an import or export transaction of natural gas.
1107e9d2_01_01_07,"This column indicates the current state of the natural gas trade, allowing users to analyze trends in import and export activity, such as whether a shipment is ongoing, completed, or delayed."
1107e9d2_01_01_08,"This column contains the name of the county where natural gas import and export activity is occurring, allowing users to analyze trade patterns by geographic location."
1107e9d2_01_01_09,"This column contains unique numerical identifiers for each U.S. county, allowing users to analyze natural gas import and export data by geographic location."
1107e9d2_01_01_10,"This column contains the names of the countries involved in natural gas imports and exports, allowing users to analyze trade flows and identify key partners for these commodities."
1107e9d2_01_01_11,"This column contains the geographical coordinates of each natural gas import/export location, allowing users to visualize trade patterns and analyze relationships between regions based on their location."
1107e9d2_01_01_12,"This column contains the geographical longitude coordinates for each natural gas import or export location, allowing users to visualize trade patterns and analyze spatial relationships between supply and demand."
1107e9d2_01_01_13,"This column contains the North American Industry Classification System (NAICS) code for the companies involved in natural gas import and export, allowing users to analyze trade patterns by industry sector."
1107e9d2_01_01_14,"This column contains the North American Industry Classification System description for each company, allowing users to analyze import/export trends by industry sector."
1107e9d2_01_01_15,"This column indicates the origin country of the natural gas being imported or exported, allowing users to analyze trade flows and identify key suppliers and consumers."
1107e9d2_01_01_16,"This column contains the date on which natural gas was sourced, allowing users to analyze import/export trends over time and understand the origin of the gas supply."
1107e9d2_01_01_17,"This column indicates the specific method used for valuing natural gas imports and exports, allowing analysts to understand how quantities and prices were determined for trade transactions."
1107e9d2_01_01_18,"This column contains the date of each natural gas import or export transaction, allowing users to analyze trends and patterns in trade over time."
1107e9d2_01_01_19,"This column indicates the relative position of the importing country in relation to the exporting country, providing insights into trade dynamics and potential dependencies between nations."
1107e9d2_01_01_20,"This column contains the name of the entity responsible for the natural gas import or export activity, allowing users to analyze trade patterns by identifying the companies or organizations involved."
1107e9d2_01_01_21,"This column contains the name of the company or entity responsible for transporting the natural gas, allowing users to analyze trade flows by operator or investigate specific transportation routes."
1107e9d2_01_01_22,"This column contains the monthly natural gas import or export volume in trillions of cubic feet, allowing users to analyze trade flows and trends over time."
1107e9d2_01_01_23,"This column contains the location of the foreign origin of the natural gas, allowing users to analyze import/export flows by geographic region."
1107e9d2_01_01_24,"This column contains the destination country for natural gas imports, allowing users to analyze trade flows and identify key markets for gas supply."
1107e9d2_01_01_25,"This column indicates whether natural gas was transported via pipeline during the reporting period, allowing analysts to examine the proportion of imports and exports reliant on this method."
1107e9d2_01_01_26,"This column indicates whether natural gas was transported via pipelines located within the United States, allowing analysts to understand the primary mode of transport for this commodity."
1107e9d2_01_01_27,"This column represents the daily volume of natural gas transported via pipeline in millions of cubic feet, allowing analysts to track pipeline capacity and assess trade flows between countries."
1107e9d2_01_01_28,"This column indicates whether a natural gas pipeline or related infrastructure project is currently operational and delivering gas, allowing analysts to assess the active capacity and flow of imported or exported natural gas."
1107e9d2_01_01_29,"This column represents the volume of natural gas imported, allowing analysts to track trade flows and assess the demand and supply dynamics of natural gas markets."
1107e9d2_01_01_30,"This column represents the volume of natural gas exported, allowing users to analyze trade flows and understand the quantity of gas moving across borders."
1107e9d2_01_01_31,"This column contains the fluctuating market price of imported natural gas, allowing users to analyze trends, predict future costs, and assess the impact of import volumes on overall energy prices."
1107e9d2_01_01_32,"This column contains the export price of natural gas, allowing users to analyze price trends, identify market fluctuations, and assess the economic value of natural gas exports."
65bc860f_01_01_01,"This column contains a unique, persistent identifier assigned to each former defense site project, allowing users to track and reference specific projects within the dataset."
65bc860f_01_01_03,"This column contains a unique numerical identifier for each project within the dataset, allowing users to track and reference specific former defense sites projects for analysis or investigation."
65bc860f_01_01_04,"This column contains the total cost associated with each Formerly Used Defense Sites (FUD) project, allowing users to analyze project expenses and potentially identify cost trends or outliers."
65bc860f_01_01_05,"This column contains descriptions of formerly used defense sites projects, allowing researchers to categorize and analyze the scope and nature of these historical locations."
65bc860f_01_01_06,"This column contains the number of points associated with formerly used defense sites, allowing users to quantify the extent of contamination and prioritize remediation efforts."
65bc860f_01_01_07,"This column contains detailed information about former U.S. Department of Defense sites, allowing users to analyze the locations and characteristics of these projects for research, environmental assessments, or historical studies."
65bc860f_01_01_08,"This column contains the management activity employed at each former defense site, allowing users to analyze the strategies used for site remediation and cleanup efforts."
65bc860f_01_01_09,"This column contains a numerical score representing the degree of environmental restoration achieved at a former defense site project, allowing users to assess the success of remediation efforts."
65bc860f_01_01_10,"This column contains information about the environmental restoration activities undertaken at each former defense site, allowing users to assess the extent and type of remediation efforts conducted."
65bc860f_01_01_11,"This column contains information about the environmental restoration activities undertaken at formerly used defense sites, allowing users to assess the extent and type of remediation efforts conducted at each location."
65bc860f_01_01_12,"This column contains the name of the federal agency involved in the FUD project, allowing users to analyze which government departments were responsible for each site."
65bc860f_01_01_13,"This column indicates whether a former defense site project was associated with the Federal Emergency Management Agency (FEMA), allowing researchers to analyze the extent of FEMA involvement in site remediation and redevelopment."
65bc860f_01_01_14,"This column contains the point value assigned to each formerly used defense site project, allowing users to quantify the scale and impact of these installations."
65bc860f_01_01_15,"This column contains the specific point value assigned to each formerly used defense site project, allowing users to quantify the extent of contamination and assess potential remediation efforts."
65bc860f_01_01_16,"This column contains a unique identifier for each formerly used defense site project, allowing users to track and reference specific sites within the dataset."
65bc860f_01_01_17,"This column contains the geographical coordinates of each former defense site project, allowing users to map their locations and analyze spatial patterns related to these sites."
65bc860f_01_01_18,"This column contains the geographical longitude coordinates of former defense sites, allowing users to map their locations and analyze spatial patterns related to these projects."
65bc860f_01_01_19,"This column indicates the degree to which a FUD project overlapped with other projects, allowing analysts to assess the complexity and potential conflicts within a defense site's development."
65bc860f_01_01_20,"This column contains a unique numerical identifier assigned to each Formerly Used Defense Sites (Fuds) project, allowing users to track and reference specific projects within the dataset."
65bc860f_01_01_21,"This column contains unique identifiers for each former defense site project, allowing users to track and reference specific projects within the dataset."
65bc860f_01_01_22,"This column contains the point value assigned to each formerly used defense site project, allowing users to rank and compare projects based on their assessed risk or impact."
65bc860f_01_01_23,"This column contains the specific remediation method employed at each former defense site project, allowing users to categorize and analyze the types of cleanup actions undertaken."
65bc860f_01_01_24,"This column contains the name of the responding company involved in a Formerly Used Defense Site (FUD) project, allowing users to identify the parties responsible for remediation efforts."
65bc860f_01_01_25,"This column contains a numerical value representing the assessed risk level associated with a former defense site project, allowing users to prioritize remediation efforts or analyze potential hazards."
65bc860f_01_01_26,"This column contains the state or territory where a former defense site project was located, allowing users to analyze project distribution and concentrations across different geographic areas."
65bc860f_01_01_27,"This column indicates whether a former defense site project was formally closed, providing a key indicator for assessing the final status and remediation efforts of each site."
65bc860f_01_01_28,"This column contains the point value assigned to each formerly used defense site project, allowing users to quantify the extent of remediation or investigation efforts associated with a particular site."
65bc860f_01_01_29,"This column contains the strategic classification of the former defense site project, allowing users to analyze the type of activity or purpose associated with each site, such as training, research, or operational deployment."
8c9ed617_01_01_01,"This column contains a unique, persistent identifier for each property within the dataset, allowing users to consistently reference and track specific sites among the Formerly Used Defense Sites public properties."
8c9ed617_01_01_03,"This column contains a unique numerical identifier for each object within the dataset, allowing users to track and reference specific properties associated with former defense sites."
8c9ed617_01_01_04,"This column contains the latitude and longitude coordinates of the center point for each former defense site property, allowing users to visualize their locations and analyze spatial relationships within the dataset."
8c9ed617_01_01_05,"This column contains the latitude and longitude coordinates of the center point for each former defense site property, allowing users to map and analyze the spatial distribution of these locations."
8c9ed617_01_01_06,"This column contains the name of the nearest incorporated city to each former defense site, allowing users to analyze the proximity of these sites to populated areas."
8c9ed617_01_01_07,"This column contains the congressional district where a former defense site is located, allowing users to analyze the geographic distribution of these sites across the United States and potentially identify patterns related to congressional representation or policy influence."
8c9ed617_01_01_08,"This column contains the name of the county where a former defense site is located, allowing users to identify the geographic location of each property for mapping, analysis, and research purposes."
8c9ed617_01_01_09,"This column indicates the current owner of each former defense site property, allowing researchers and analysts to determine who holds responsibility for managing and utilizing these sites."
8c9ed617_01_01_10,"This column contains detailed information about former Department of Defense sites, including property characteristics, environmental assessments, and historical usage, allowing researchers to analyze the long-term impacts of military activities and assess remediation efforts."
8c9ed617_01_01_11,"This column indicates whether a former defense site property is eligible for reuse, allowing users to identify properties suitable for redevelopment or other alternative uses."
8c9ed617_01_01_12,"This column contains the management activity codes used to describe how each former defense site property is being managed, allowing users to analyze and compare management strategies across sites."
8c9ed617_01_01_13,"This column contains the geographical region where a former defense site is located, allowing users to analyze site distribution and patterns across different areas."
8c9ed617_01_01_14,"This column contains detailed descriptions of specific features found at former defense sites, allowing users to investigate the types of environmental conditions, infrastructure, or materials present at each location for research, remediation planning, or historical analysis."
8c9ed617_01_01_15,"This column contains the unique identifier for each former defense site property, allowing users to precisely locate and reference specific locations within the dataset."
8c9ed617_01_01_16,"This column contains the names of former U.S. Department of Defense installations, and someone would use it to identify and locate these previously utilized sites for research, historical analysis, or environmental assessments."
8c9ed617_01_01_17,"This column contains a unique identifier for each former defense site property, allowing users to track and differentiate individual sites within the dataset."
8c9ed617_01_01_18,"This column indicates whether a formerly used defense site property has an active project associated with it, allowing users to identify sites undergoing redevelopment or remediation efforts."
8c9ed617_01_01_19,"This column contains the geographical coordinates of each former defense site, allowing users to map the locations of these properties and analyze their distribution across different regions."
8c9ed617_01_01_20,"This column contains the east-west position of each former defense site, allowing users to map the locations of these properties and analyze their spatial distribution."
8c9ed617_01_01_21,"This column contains unique identifiers for media files associated with former defense sites, allowing users to link and access related images or other media assets for analysis or documentation."
8c9ed617_01_01_22,"This column contains a unique identifier for each site’s metadata record, allowing users to easily reference and access detailed information about a specific Formerly Used Defense Site property."
8c9ed617_01_01_23,"This column contains detailed descriptions of the further actions taken or planned for formerly used defense sites, providing information for researchers and stakeholders to understand remediation efforts and future site management strategies."
8c9ed617_01_01_24,"This column contains descriptions of the project requirements associated with each former defense site property, allowing users to understand the original purpose and scope of development or remediation efforts at those locations."
8c9ed617_01_01_25,"This column contains unique identifiers for formerly used defense sites, allowing users to track and categorize specific properties within the dataset based on their historical military designation."
8c9ed617_01_01_26,"This column indicates whether a former defense site is eligible for public use, allowing users to identify properties suitable for redevelopment or recreational purposes."
8c9ed617_01_01_27,"This column contains the U.S. state where a former defense site is located, allowing users to analyze property locations and identify trends across different states."
8c9ed617_01_01_28,"This column indicates the current condition of each former defense site property, allowing users to assess whether a site is currently accessible, undergoing remediation, or otherwise managed."
8c9ed617_01_01_29,"This column indicates the current condition of a formerly used defense site property, allowing users to filter and analyze sites based on whether they are active, closed, or undergoing remediation."
8c9ed617_01_01_30,"This column contains the distance in miles from the center of the former U.S. Army Civil Engineer (Usace) site to the nearest major city, allowing users to analyze the proximity of contaminated sites to populated areas."
8c9ed617_01_01_31,"This column contains the fiscal year in which a former defense site was assessed, allowing users to analyze trends in property assessments over time and understand the historical context of these sites."
8c9ed617_01_01_32,"This column contains the designation or identifier assigned to each former defense site property, allowing users to locate and categorize these properties based on their historical military use."
8c9ed617_01_01_33,"This column contains the division within the U.S. Army Civil Engineer Command to which a former defense site was assigned, allowing users to analyze site characteristics based on their original operational context."
215dbf3b_01_01_01,"This column contains a unique numerical identifier for each record in the dataset, allowing users to consistently reference and track individual volcanic locations across the dataset."
215dbf3b_01_01_03,"This column contains the names of individual volcanoes, allowing researchers to identify and track their locations across the Holocene period for studying volcanic activity and its impact on the environment."
215dbf3b_01_01_04,"This column contains the geographical coordinates of Holocene volcanic locations, allowing researchers to map their distribution and investigate patterns related to volcanic activity and hazard assessment."
215dbf3b_01_01_05,"This column contains the geographical coordinates of each volcano, allowing researchers to map their locations and analyze patterns of volcanic activity across time."
215dbf3b_01_01_06,"This column contains the east-west coordinates of each volcano’s location, allowing researchers to map their distribution and analyze spatial patterns related to volcanic activity and geological processes."
215dbf3b_01_01_07,"This column contains the elevation data for each volcano, allowing researchers to analyze volcanic activity in relation to altitude and potentially understand eruption patterns based on topographic factors."
215dbf3b_01_01_08,"This column contains descriptions of the volcanic landforms, such as shield, stratocone, or caldera, allowing researchers to analyze and categorize volcano types based on their physical shape for understanding eruption styles and hazards."
215dbf3b_01_01_09,"This column indicates whether a volcano is currently active, extinct, or dormant, allowing researchers to analyze patterns of volcanic activity and assess associated hazards."
215dbf3b_01_01_10,"This column contains the calendar year in which each volcanic eruption occurred during the Holocene epoch, allowing researchers to analyze eruption frequency and patterns over time."
215dbf3b_01_01_11,"This column contains a unique numerical identifier for each volcanic location within the dataset, allowing users to reference and track individual records for further analysis or investigation."
215dbf3b_01_01_12,"This column contains a unique numerical identifier for each volcano location in the dataset, allowing researchers to easily reference and track specific volcanoes within the historical Holocene record."
215dbf3b_01_01_13,"This column contains the names of the countries where historical Holocene volcanoes were located, allowing researchers to analyze volcanic activity geographically and identify patterns across different nations."
75ffc0d0_01_01_01,"This column contains a unique, system-generated identifier for each record in the dataset, allowing users to easily reference and link specific eruption locations within the broader dataset or to other related geographic information systems."
75ffc0d0_01_01_03,"This column contains the year in which each volcanic eruption occurred, allowing users to analyze eruption trends over time or identify patterns related to specific historical periods."
75ffc0d0_01_01_04,"This column contains the month in which a significant volcanic eruption occurred, allowing researchers to analyze eruption patterns and trends over time."
75ffc0d0_01_01_05,"This column contains the date of each volcanic eruption, allowing users to analyze eruption patterns and timelines over time."
75ffc0d0_01_01_06,"This column contains the latitude and longitude coordinates of significant historical volcanic eruption locations, allowing users to map and analyze the spatial distribution of volcanic activity over time."
75ffc0d0_01_01_07,"This column contains a unique identifier for each volcanic eruption location, allowing researchers to track and analyze specific events across a historical dataset."
75ffc0d0_01_01_08,"This column contains the number of people who died as a result of each volcanic eruption, allowing researchers to analyze the relationship between eruption severity and human loss."
75ffc0d0_01_01_09,"This column contains earthquake information associated with each volcanic eruption, allowing researchers to investigate the relationship between volcanic activity and seismic events."
75ffc0d0_01_01_10,"This column contains textual descriptions of the associations between volcanic eruptions and their surrounding geological, environmental, or societal impacts, allowing researchers to analyze the complex relationships between eruptions and related phenomena."
75ffc0d0_01_01_11,"This column contains free-text notes and observations related to each volcanic eruption, allowing users to explore additional details, eyewitness accounts, or contextual information beyond the basic eruption data."
75ffc0d0_01_01_12,"This column contains the estimated monetary damage caused by each volcanic eruption, allowing researchers to analyze the economic impact of volcanic events across different locations and time periods."
75ffc0d0_01_01_13,"This column contains the estimated area affected by damage from each volcanic eruption, allowing researchers to quantify the scale of destruction and analyze the relationship between eruption magnitude and impact extent."
75ffc0d0_01_01_14,"This column contains detailed descriptions of the damage caused by each volcanic eruption, allowing researchers to analyze the types and extent of destruction associated with different events."
75ffc0d0_01_01_15,"This column contains the number of fatalities recorded as a result of each volcanic eruption, allowing researchers to analyze the impact of eruptions on human populations and assess risk factors."
75ffc0d0_01_01_16,"This column contains the number of people who died as a result of each volcanic eruption, allowing researchers to analyze the impact of volcanic activity on human populations."
75ffc0d0_01_01_17,"This column contains detailed descriptions of the number of fatalities associated with each volcanic eruption, allowing researchers to analyze the impact of eruptions on human populations and understand the factors contributing to death tolls."
75ffc0d0_01_01_18,"This column contains the number of injuries reported as a result of each volcanic eruption, allowing researchers to analyze the impact of eruptions on human populations and assess risk factors."
75ffc0d0_01_01_19,"This column contains the number of injuries reported as a result of each volcanic eruption, allowing researchers to analyze the correlation between eruption severity and the resulting human impact."
75ffc0d0_01_01_20,"This column contains the number of injuries reported during each volcanic eruption, allowing researchers to analyze the relationship between eruption severity and the resulting human impact."
75ffc0d0_01_01_21,"This column indicates whether location data is present for each volcanic eruption, allowing researchers to analyze the distribution and frequency of eruptions across historical records."
75ffc0d0_01_01_22,"This column indicates whether the eruption occurred in a mountainous area, providing valuable context for understanding the geological and environmental factors associated with volcanic activity."
75ffc0d0_01_01_23,"This column indicates whether the eruption location's detailed description is missing, allowing researchers to identify gaps in the dataset and prioritize filling them for a more complete understanding of volcanic events."
75ffc0d0_01_01_24,"This column contains a textual description of the residential characteristics surrounding each volcanic eruption location, allowing researchers to analyze the impact of eruptions on human settlements and assess vulnerability."
75ffc0d0_01_01_25,"This column represents the number of residential buildings located within a specified radius of each volcanic eruption site, allowing researchers to investigate the potential impact of volcanic activity on population density."
75ffc0d0_01_01_26,"This column contains the number of houses within one degree of latitude and longitude from a recorded volcanic eruption location, allowing researchers to analyze the vulnerability of populated areas to volcanic hazards."
75ffc0d0_01_01_27,"This column indicates the severity of damage caused by volcanic eruptions, with a value of 'Damage M 1' representing minor damage, allowing researchers to quantify the impact of eruptions and assess their relative significance."
75ffc0d0_01_01_28,"This column contains the severity of damage caused by a volcanic eruption, allowing researchers to quantify the impact of different events and identify regions most vulnerable to future eruptions."
75ffc0d0_01_01_29,"This column contains the total assessed damage caused by each volcanic eruption, allowing researchers to quantify the impact of eruptions and compare their severity across different events and locations."
75ffc0d0_01_01_30,"This column contains the total number of fatalities recorded for each volcanic eruption, allowing researchers to analyze the devastating impact of eruptions on human populations."
75ffc0d0_01_01_31,"This column contains the number of fatalities directly attributed to each volcanic eruption, allowing researchers to quantify the impact of eruptions on human populations."
75ffc0d0_01_01_32,"This column contains the number of fatalities recorded within one year following each volcanic eruption, allowing researchers to analyze the immediate impact and long-term consequences of volcanic events on human populations."
75ffc0d0_01_01_33,"This column contains the total number of injuries recorded as a result of each volcanic eruption, allowing researchers to analyze the relationship between eruption severity and human impact."
75ffc0d0_01_01_34,"This column contains the number of injuries reported as a result of each volcanic eruption, allowing researchers to analyze the correlation between eruption severity and human impact."
75ffc0d0_01_01_35,"This column contains the number of injuries reported as a result of each volcanic eruption, allowing researchers to analyze the correlation between eruption severity and the resulting human impact."
75ffc0d0_01_01_36,"This column indicates whether the year of the volcanic eruption is known or missing for each event in the dataset, allowing researchers to analyze the completeness of the historical eruption record and identify gaps in the data."
75ffc0d0_01_01_37,"This column indicates whether the location of a volcanic eruption is known or missing from the dataset, allowing researchers to identify gaps in historical eruption data and prioritize further investigation."
75ffc0d0_01_01_38,"This column contains the latitude and longitude coordinates of the locations where significant volcanic eruptions have occurred, allowing researchers to analyze eruption patterns and distributions across the globe."
75ffc0d0_01_01_39,"This column contains the number of houses located within a specific distance of significant volcanic eruption locations, allowing researchers to analyze the vulnerability of populations to volcanic hazards."
75ffc0d0_01_01_40,"This column contains the distance in kilometers from the center of the most significant volcanic eruption to the nearest houses, allowing researchers to analyze the vulnerability of residential areas to volcanic hazards."
75ffc0d0_01_01_41,"This column represents the total number of houses located within a specified radius of each volcanic eruption site, and researchers could use it to analyze the relationship between volcanic activity and population density."
75ffc0d0_01_01_42,"This column indicates whether a volcanic eruption was historically significant, allowing users to filter and analyze data based on the importance of past eruptions."
75ffc0d0_01_01_43,"This column indicates whether the eruption location data is considered reliable and accurate, allowing users to filter and prioritize eruption records based on their trustworthiness."
75ffc0d0_01_01_44,"This column contains the numerical magnitude of the volcanic eruption, allowing users to analyze eruption intensity and compare the scale of different events."
75ffc0d0_01_01_45,"This column contains the names of significant volcanic eruption locations, allowing users to identify and research specific events based on their geographical location."
75ffc0d0_01_01_46,"This column contains the geographical locations of historically significant volcanic eruptions, allowing users to analyze eruption patterns, assess risk, or study the impact of volcanic events across different regions."
75ffc0d0_01_01_47,"This column contains the geographical coordinates of each volcanic eruption, allowing users to map the locations and analyze patterns based on latitude."
75ffc0d0_01_01_48,"This column contains the east-west coordinates of each volcanic eruption location, allowing users to map eruptions geographically and analyze their distribution across the globe."
75ffc0d0_01_01_49,"This column contains the vertical height of each volcano's location, allowing researchers to analyze eruption patterns in relation to terrain and potentially understand the influence of elevation on volcanic activity."
75ffc0d0_01_01_50,"This column describes the physical shape and features of the volcano, allowing researchers to analyze eruption styles and understand the geological processes involved in each eruption."
75ffc0d0_01_01_51,"This column indicates whether a volcanic eruption has occurred at a given location, allowing users to analyze the frequency and distribution of past eruptions for hazard assessment and research."
75ffc0d0_01_01_52,"This column contains the date and time when each volcanic eruption occurred, allowing researchers to analyze eruption patterns over time and investigate relationships between eruptions and other historical events."
75ffc0d0_01_01_53,"This column contains a unique numerical identifier for each volcanic eruption location, allowing users to reference and track specific events within the dataset."
75ffc0d0_01_01_54,"This column contains the names of the countries where significant volcanic eruptions have occurred, allowing users to analyze eruption patterns and distributions geographically."
75ffc0d0_01_01_55,"This column represents the number of pyroclastic flows or lahars associated with each volcanic eruption, allowing researchers to analyze the scale and destructive potential of past events."
75ffc0d0_01_01_56,"This column contains a unique identifier for each significant volcanic eruption, allowing researchers to track and categorize different eruptions based on their specific identification."
75ffc0d0_01_01_57,"This column contains unique identifiers for each volcanic eruption recorded in the dataset, allowing researchers to track and analyze individual events across different eruptions and locations."
75ffc0d0_01_01_58,"This column indicates whether a volcanic eruption was associated with a hazardous event, such as ashfall or pyroclastic flows, allowing researchers to analyze the frequency and impact of these events across different locations."
75ffc0d0_01_01_59,"This column contains a unique numerical identifier for each volcanic eruption location in the dataset, allowing users to reference and track specific entries within the record."
d6d9af88_01_01_01,"This column contains a unique numerical identifier for each storm track record, allowing users to link and reference specific tracks within the dataset for detailed analysis or retrieval."
d6d9af88_01_01_03,"This column contains a unique numerical identifier for each tropical storm track record, allowing users to reference and distinguish individual tracks within the dataset."
d6d9af88_01_01_04,"This column contains the names of individual tropical storms, allowing users to track their historical paths and analyze storm behavior over time."
d6d9af88_01_01_05,"This column contains the segmented track of a tropical storm, allowing users to analyze the storm’s path and evolution over time for forecasting, research, or damage assessment purposes."
d6d9af88_01_01_06,"This column contains the longitudinal position of the storm’s center at each time step, allowing users to trace the storm’s path and analyze its movement over time."
d6d9af88_01_01_07,"This column contains the segmented track of a tropical storm, representing its path over time, and is used to analyze storm movement, intensity changes, and overall storm behavior."
d6d9af88_01_01_08,"This column contains the segmented track of a tropical storm, representing its path over time, and is used to analyze storm movement, intensity changes, and overall storm behavior."
d6d9af88_01_01_09,"This column contains the final, refined track segment of a tropical storm, allowing users to analyze storm movement and intensity over time for research or forecasting purposes."
d6d9af88_01_01_10,"This column contains the 5-segment track of a tropical storm, allowing users to analyze its movement and evolution over time to understand storm behavior and predict future paths."
d6d9af88_01_01_11,"This column contains the segmented track of a tropical storm, representing its path over time, and is used to analyze storm movement, intensity changes, and overall storm behavior."
d6d9af88_01_01_12,"This column contains the numerical order in which tropical storms were categorized during their development, allowing users to analyze storm intensity progression and track changes in classification over time."
d6d9af88_01_01_13,"This column contains the unique serial number assigned to each tropical storm, allowing users to track the historical paths and characteristics of individual storms over time."
d6d9af88_01_01_14,"This column indicates the ocean basin where a tropical storm originated or tracked, allowing users to analyze storm patterns and frequency across different oceanic regions."
d6d9af88_01_01_15,"This column contains the length of the storm's shape, allowing users to analyze the spatial extent and size of tropical storm tracks over time."
04d869b6_01_01_01,"This column contains a unique identifier for each property within the dataset, allowing users to link and reference specific properties across different tables and systems."
04d869b6_01_01_03,"This column contains a unique numerical identifier for each property within the dataset, allowing users to track and reference specific properties across different records and analyses."
04d869b6_01_01_04,"This column contains information about the type of former dwelling present at a property location, allowing analysts to assess the potential impact of previous residential use on current property values and risk assessments."
04d869b6_01_01_05,"The column holds a unique identifier for each property within the risk management system, allowing users to track and manage individual property-specific risk assessments and data."
04d869b6_01_01_06,"This column contains detailed property characteristics, such as construction materials, roof type, and lot size, allowing users to assess a property's risk profile and potential vulnerabilities."
04d869b6_01_01_07,"This column contains a numerical feature derived from various property data elements, and it’s used to assess and predict potential risk levels associated with a property."
04d869b6_01_01_08,"This column contains detailed metadata about the property’s SDS (Safety Data Sheet) information, allowing users to track and manage SDS compliance and associated risks for each property."
04d869b6_01_01_09,"This column stores a foreign key referencing a media identifier table, allowing users to link property data to associated media assets like images or videos."
923b9809_01_01_01,"This column contains a unique, persistent identifier for each facility within the National Shelter System, allowing users to consistently reference and track individual properties across different datasets and analyses."
923b9809_01_01_03,"This column contains a unique numerical identifier for each shelter facility within the dataset, allowing users to track and reference specific facilities for analysis or reporting."
923b9809_01_01_04,"This column contains a unique identifier for each shelter facility within the National Shelter System, allowing users to track, locate, and analyze data related to specific shelters."
923b9809_01_01_05,"This column contains the names of various shelters within the National Shelter System, allowing users to identify and locate specific facilities for research, analysis, or outreach purposes."
923b9809_01_01_06,"This column contains the city where each shelter facility is located, allowing users to analyze shelter distribution and identify concentrations of services across different urban areas."
923b9809_01_01_07,"This column contains the county and parish designation for each shelter facility, allowing users to analyze shelter locations by geographic area and identify concentrations of services within specific counties and parishes."
923b9809_01_01_08,"This column contains the unique five-digit FIPS code for each facility, allowing users to identify and locate specific shelters within the United States for analysis or mapping purposes."
923b9809_01_01_09,"This column contains the state in which each shelter facility is located, allowing users to analyze shelter distribution and identify concentrations of facilities by region."
923b9809_01_01_10,"This column contains the five-digit zip code for each shelter facility, allowing users to geographically locate shelters and analyze their distribution across the United States."
923b9809_01_01_11,"This column contains the mailing address for each shelter facility, which can be used to send correspondence, track location, or verify contact information."
923b9809_01_01_12,"This column contains the mailing address for each shelter facility, allowing users to identify the physical location for correspondence and outreach efforts."
923b9809_01_01_13,"This column contains the primary mailing address for each shelter facility, allowing users to identify the location for sending correspondence or tracking delivery status."
923b9809_01_01_14,This column contains the unique Census Block Identification Number (CI) used to identify the specific geographic location of each shelter facility for mailing purposes.
923b9809_01_01_15,"This column contains the name of the mail carrier or postal service responsible for delivering mail to the shelter facility, allowing users to track mail delivery and potentially identify contact points for communication."
923b9809_01_01_16,"This column contains the street address for the facility, allowing users to locate the shelter based on its physical location."
923b9809_01_01_17,"This column contains the mailing zip code for each shelter facility, allowing users to analyze shelter locations based on postal delivery zones."
923b9809_01_01_18,"This column contains the unique identifier for each shelter facility within the National Shelter System, allowing users to track and analyze specific shelter locations and their associated data."
923b9809_01_01_19,"This column indicates whether a shelter facility was utilized during a documented evacuation event, allowing users to analyze shelter capacity and effectiveness in response to emergency situations."
923b9809_01_01_20,"This column contains the impact level assigned to each shelter facility, allowing users to analyze shelter capacity and resource allocation based on the severity of potential disasters."
923b9809_01_01_21,"This column indicates whether the shelter facility meets accessibility standards under the Americans with Disabilities Act, allowing users to identify accessible housing options."
923b9809_01_01_22,"This column indicates whether each shelter facility has accessible features for individuals using wheelchairs, allowing users to identify suitable accommodations for those with mobility limitations."
923b9809_01_01_23,"This column indicates whether a shelter facility offers accommodation for pets, allowing users to identify shelters with pet-friendly services."
923b9809_01_01_24,"This column indicates whether the shelter facility allows pets in accommodations, providing valuable information for potential clients seeking pet-friendly housing options."
923b9809_01_01_25,"This column indicates whether the shelter facility possesses a generator for backup power, allowing users to identify shelters with this critical resource."
923b9809_01_01_26,"This column indicates whether each shelter facility has its own independent source of power, water, and waste disposal, allowing users to identify shelters with greater self-reliance and operational independence."
923b9809_01_01_27,"This column contains the geographical coordinates of each shelter facility, allowing users to map locations, analyze distribution patterns, and determine proximity to specific areas."
923b9809_01_01_28,"This column contains the geographical longitude coordinates of each shelter facility, allowing users to map locations, calculate distances, and analyze spatial distribution patterns."
923b9809_01_01_29,"This column indicates whether the shelter facility is designed to withstand a 100-year flood event, allowing users to identify shelters with enhanced flood resilience for risk assessments or disaster preparedness planning."
923b9809_01_01_30,"This column indicates whether the shelter facility is designed to withstand a 500-year flood event, allowing users to identify shelters with enhanced flood resilience for risk assessments or disaster preparedness planning."
923b9809_01_01_32,"This column indicates whether the shelter facility utilizes landfill space for waste disposal, allowing researchers to analyze shelter characteristics and their environmental practices."
923b9809_01_01_33,"This column contains the name of the shelter company responsible for operating each facility, allowing users to identify the organization managing a specific shelter location."
923b9809_01_01_34,"This column contains the name of the organization responsible for operating the shelter facility, allowing users to identify the administering entity for each shelter."
923b9809_01_01_35,"This column contains the name of the primary organization responsible for operating the shelter facility, allowing users to identify the administering entity for each shelter."
923b9809_01_01_37,"This column contains the fax numbers of organizations associated with the National Shelter System, and it could be used to contact those organizations for information or communication."
923b9809_01_01_38,"This column contains the email addresses of the organizations operating within the National Shelter System, allowing users to contact and learn more about these facilities."
923b9809_01_01_39,"This column contains the phone number or contact information for the organization providing the shelter, allowing users to directly connect with the shelter for assistance."
923b9809_01_01_40,"This column contains free-text descriptions of other organizations involved in providing shelter services, allowing users to investigate the network of support for individuals experiencing homelessness."
923b9809_01_01_41,"This column contains the physical address of each shelter facility within the National Shelter System, allowing users to locate and map shelter locations for outreach, service delivery, or research purposes."
923b9809_01_01_42,"This column contains the city where each shelter facility is located, allowing users to analyze shelter distribution by geographic area and identify concentrations of services."
923b9809_01_01_43,"This column indicates the state where each shelter facility is located, allowing users to filter and analyze shelter distribution across the United States."
923b9809_01_01_44,"This column contains the five-digit zip code associated with each shelter organization, allowing users to geographically analyze shelter locations and identify patterns in their distribution."
923b9809_01_01_49,"This column represents the total number of hours per week that an organization operates its shelter facility, allowing users to assess the level of service availability and potential capacity."
923b9809_01_01_50,"This column contains the total number of people housed within each shelter facility, allowing users to analyze shelter capacity and assess population needs."
923b9809_01_01_51,"This column contains a unique identifier for each reported incident at a shelter within the National Shelter System, allowing users to track and analyze the frequency and nature of events occurring at these facilities."
923b9809_01_01_52,"This column contains the street address of each shelter facility, allowing users to locate shelters geographically and analyze their distribution."
923b9809_01_01_53,"This column indicates whether a shelter facility is currently operational, allowing users to identify active shelters for analysis or outreach efforts."
923b9809_01_01_54,"This column contains a numerical code representing the type and size of the shelter facility, allowing users to categorize and analyze shelter offerings based on their operational characteristics."
923b9809_01_01_55,"This column indicates the type of reporting method used for each shelter facility, allowing users to filter or analyze data based on how information was collected."
923b9809_01_01_56,"This column contains the general purpose of each shelter facility, allowing users to categorize and filter shelters based on their intended function, such as providing temporary housing or specialized services."
923b9809_01_01_57,"This column contains a textual description of the medical services available at each shelter facility, allowing users to assess the healthcare resources offered for residents."
923b9809_01_01_58,"This column contains the number of individuals residing in facilities within the National Shelter System who are not categorized as homeless, allowing users to analyze the demographic makeup of shelter populations and understand the diversity of those seeking refuge."
923b9809_01_01_59,"This column contains the primary purpose of the shelter facility, allowing users to categorize shelters based on their core function, such as providing temporary housing, substance abuse treatment, or mental health services."
923b9809_01_01_60,"This column contains the total population housed within each shelter facility, allowing users to analyze shelter capacity and assess the needs of the population served."
923b9809_01_01_61,"This column contains the number of pets residing within each shelter facility, allowing users to analyze shelter capacity and the needs of animals housed within the National Shelter System."
923b9809_01_01_62,"This column contains numerical codes representing the type and severity of incidents that occurred at each shelter facility, allowing users to analyze patterns in safety and security events within the National Shelter System."
923b9809_01_01_63,"This column contains details about any incidents that occurred at a shelter facility, allowing users to analyze patterns of safety concerns, security breaches, or other noteworthy events within the national shelter system."
923b9809_01_01_64,"This column contains descriptions of incidents occurring at National Shelter System facilities, allowing users to analyze patterns of events and assess safety protocols."
923b9809_01_01_65,"This column contains a numerical rating representing the quality and condition of each shelter facility, allowing users to prioritize facilities based on their assessed performance."
923b9809_01_01_66,"This column indicates the current operational state of each shelter facility, allowing users to identify available, occupied, or inactive shelters for analysis or resource allocation."
923b9809_01_01_67,"This column indicates the type of match found between a shelter facility and a specific need or request, such as a homeless individual, family, or specific service requirement, allowing users to filter and analyze shelter data based on these matches."
923b9809_01_01_68,"This column contains the names of the locations where shelters within the National Shelter System are situated, allowing users to identify shelter locations for outreach, service provision, or research purposes."
923b9809_01_01_69,"This column contains latitude and longitude coordinates for each shelter facility, allowing users to map and analyze shelter locations geographically."
923b9809_01_01_70,"This column contains geographic information about each shelter facility, allowing users to identify locations and analyze shelter distribution across different regions."
923b9809_01_01_71,"This column contains the type of shelter facility, allowing users to categorize and analyze the diverse range of shelter options within the National Shelter System based on their operational focus."
923b9809_01_01_72,"This column contains the specific name of a shelter facility within the National Shelter System, allowing users to identify and locate individual shelters for analysis or outreach purposes."
923b9809_01_01_73,"This column indicates the source of the shelter facility data, allowing users to assess the reliability and potential biases of the information provided."
923b9809_01_01_74,"This column contains the primary street address of each shelter facility, allowing users to locate and map the physical locations of shelters within the National Shelter System."
add14af5_01_01_01,"This column contains a unique numerical identifier for each college entry in the dataset, allowing users to track and reference specific institutions within the collection."
add14af5_01_01_02,"This column contains a unique identifier for each college in the dataset, allowing users to track and differentiate individual institutions for analysis or reporting."
add14af5_01_01_03,"This column contains a unique identifier for each college in the IPEDS dataset, allowing users to link and analyze data for specific institutions."
add14af5_01_01_04,"This column contains the names of the supplemental colleges, and users would utilize it to identify and differentiate between various institutions for application purposes."
add14af5_01_01_05,"This column contains the physical street addresses of the supplemental colleges, which can be used for mapping, locating campuses, and calculating distances."
add14af5_01_01_06,"This column contains the city where each supplemental college is located, allowing users to filter and analyze colleges by their geographic location."
add14af5_01_01_07,"This column contains the state where each supplemental college is located, allowing users to filter and analyze colleges by geographic region."
add14af5_01_01_08,"This column contains the five-digit zip code for each college, allowing users to analyze college locations and potentially identify institutions within specific geographic regions."
add14af5_01_01_09,"This column contains a four-digit zip code, which can be used to pinpoint the precise location of a college campus for mapping, analysis, and delivery purposes."
add14af5_01_01_10,"This column contains the phone numbers of the supplemental colleges, which can be used to contact the institutions directly."
add14af5_01_01_11,"This column indicates the institutional type of the college, allowing users to filter and analyze data based on whether a school is a liberal arts college, a private college, or a public college."
add14af5_01_01_12,"This column indicates whether a college is currently operating, closed, or permanently shut down, allowing users to analyze the stability and viability of institutions within the dataset."
add14af5_01_01_13,"This column contains the total number of people residing in each college, allowing users to analyze population density, enrollment rates, or compare the size of different institutions."
add14af5_01_01_14,"This column contains the county in which each supplemental college is located, allowing users to analyze college distribution and identify institutions within specific geographic regions."
add14af5_01_01_15,"This column contains unique five-digit codes identifying each U.S. county, allowing users to analyze and group supplemental colleges by their geographic location."
add14af5_01_01_16,"This column contains the country where each supplemental college is located, allowing users to filter and analyze institutions by geographic region."
add14af5_01_01_17,"This column contains the geographical coordinates of each college, allowing users to visualize their locations on a map and analyze spatial patterns in the dataset."
add14af5_01_01_18,"This column contains the geographical longitude coordinates for each supplemental college, allowing users to map locations and analyze distribution patterns."
add14af5_01_01_19,"This column contains the North American Industry Classification System code for each college, allowing users to categorize and analyze institutions based on their primary business activities."
add14af5_01_01_20,"This column contains detailed North American Industry Classification System descriptions, allowing users to categorize colleges based on their primary fields of study and business activities."
add14af5_01_01_21,"This column indicates the origin of the college listing, allowing users to filter and analyze data based on how the information was initially sourced, such as a website, database, or manual entry."
add14af5_01_01_22,"This column contains the date when the college's information was originally sourced, allowing users to track the age and reliability of the data."
add14af5_01_01_23,"This column contains the evaluation method used during the model training process, allowing users to analyze the effectiveness of different validation techniques."
add14af5_01_01_24,"This column contains the date on which a college's valuation was performed, allowing users to analyze trends in college valuations over time."
add14af5_01_01_25,"This column contains the URL of each supplemental college, allowing users to easily access and explore the institution's website for more information."
add14af5_01_01_26,"This column contains the total number of students enrolled at each college, allowing users to analyze enrollment trends and compare college sizes."
add14af5_01_01_27,"This column contains the total number of employees at each college, allowing users to analyze staffing levels and potentially correlate them with other institutional characteristics."
add14af5_01_01_28,"This column contains a unique identifier for each shelter within the dataset, allowing users to track and analyze individual shelters' characteristics and performance."
9b4f9e58_01_01_01,"This column contains a unique numerical identifier for each mobile home park record, allowing users to track and reference specific properties within the dataset."
9b4f9e58_01_01_02,"This column contains a unique identifier for each mobile home park, allowing analysts to track and compare specific properties within the dataset."
9b4f9e58_01_01_03,"This column contains the names of individual mobile home parks, allowing users to identify and locate specific properties within the dataset."
9b4f9e58_01_01_04,"This column contains the physical location of each mobile home park, and someone would use it to map park locations, determine proximity to amenities, or analyze geographic trends in the dataset."
9b4f9e58_01_01_05,"This column contains the name of the city where the mobile home park is located, allowing users to analyze park distribution and trends across different geographic areas."
9b4f9e58_01_01_06,"This column contains the state where the mobile home park is located, allowing users to analyze park distribution and trends across different regions."
9b4f9e58_01_01_07,"This column contains the postal zip code for each mobile home park, allowing users to analyze property locations and identify areas with high concentrations of these residences."
9b4f9e58_01_01_08,"This column contains a five-digit zip code, allowing analysts to pinpoint the precise location of mobile home parks for demographic analysis, market segmentation, and spatial modeling."
9b4f9e58_01_01_09,"This column contains the phone numbers of residents and/or management within the mobile home park, allowing for contact and communication."
9b4f9e58_01_01_10,"This column indicates the specific type of residential property, allowing users to categorize mobile home parks based on their characteristics and target market."
9b4f9e58_01_01_11,"This column indicates whether a mobile home park is currently occupied, vacant, or under development, allowing analysts to assess market demand and investment opportunities."
9b4f9e58_01_01_12,"This column contains the county in which the mobile home park is located, allowing users to analyze park distribution and trends across different geographic regions."
9b4f9e58_01_01_13,"This column contains unique numerical codes identifying each county in the United States, allowing users to analyze mobile home park data by geographic location and understand their distribution across different counties."
9b4f9e58_01_01_14,"This column contains the nation where the mobile home park is located, allowing analysts to understand geographic distribution and target specific markets."
9b4f9e58_01_01_15,"This column contains the geographic coordinates of each mobile home park, allowing users to map their locations and analyze spatial relationships with other data."
9b4f9e58_01_01_16,"This column contains the east-west position of each mobile home park, allowing users to map their locations and analyze spatial relationships with other data."
9b4f9e58_01_01_17,"This column contains the North American Industry Classification System (NAICS) code for each mobile home park, allowing users to categorize and analyze parks based on their specific industry sector."
9b4f9e58_01_01_18,"This column contains the North American Industry Classification System description for each mobile home park, allowing users to categorize and analyze parks based on their specific business activities."
9b4f9e58_01_01_19,"This column indicates the origin of the data, allowing users to understand how the information about mobile home parks was collected and assess its reliability."
9b4f9e58_01_01_20,"This column contains the date the mobile home park listing was originally sourced, allowing analysts to track listing age and identify trends in new listings over time."
9b4f9e58_01_01_21,"This column indicates the specific valuation method employed when assessing the properties within the mobile home park dataset, allowing analysts to understand how each property was initially assessed."
9b4f9e58_01_01_22,"This column stores the date when a valuation was performed, allowing analysts to track property values over time and identify trends in rental rates and occupancy."
9b4f9e58_01_01_23,"This column contains the URL of the mobile home park's website, which a user could utilize to gather information about available units, pricing, amenities, and management contact details."
9b4f9e58_01_01_24,"This column contains the number of rental units within each mobile home park, allowing analysts to assess occupancy rates, potential revenue, and the overall size of the property."
9b4f9e58_01_01_25,"This column contains the square footage of each mobile home, allowing users to analyze property size and potentially determine rental costs or assess suitability for different families."
9b4f9e58_01_01_26,"This column indicates whether a mobile home park is subject to specific geographic regulations, allowing analysts to segment data and understand the impact of localized zoning or environmental restrictions on property values and revenue."
f3e4e6e5_01_01_01,"This column contains a unique numerical identifier for each biodiesel plant in the dataset, allowing users to track and reference specific plants within the analysis."
f3e4e6e5_01_01_02,"This column contains the biodiesel production data, allowing users to analyze and understand the output of biodiesel plants to optimize production processes or assess plant performance."
f3e4e6e5_01_01_03,"This column contains the names of the biodiesel plants included in the dataset, allowing users to identify and analyze specific facilities based on their unique identifiers."
f3e4e6e5_01_01_04,"This column contains the physical location of each biodiesel plant, which can be used to analyze geographic distribution, identify regional production hubs, or determine proximity to feedstock sources."
f3e4e6e5_01_01_05,"The column contains supplemental address information, such as street numbers and building names, which can be used to refine location analysis and improve the accuracy of plant mapping and proximity calculations."
f3e4e6e5_01_01_06,"This column contains the location of each biodiesel plant, and users could leverage this information to analyze production trends by region or assess the geographic distribution of the industry."
f3e4e6e5_01_01_07,"This column contains the state where each biodiesel plant is located, allowing users to analyze production trends and concentrations geographically."
f3e4e6e5_01_01_08,"This column contains the postal zip code for each biodiesel plant, which can be used to analyze plant locations, regional distribution, and potential market areas."
f3e4e6e5_01_01_09,"This column contains the five-digit zip code block for the biodiesel plant's location, allowing analysts to geographically analyze production and distribution patterns."
f3e4e6e5_01_01_10,"This column contains contact telephone numbers for biodiesel plants, which could be used to facilitate communication, gather information, or assess the operational status of these facilities."
f3e4e6e5_01_01_11,"This column indicates the specific type of biodiesel plant, allowing users to analyze and compare production methods and their associated characteristics."
f3e4e6e5_01_01_12,"This column indicates the operational state of each biodiesel plant, allowing users to analyze production trends, identify potential issues, or assess the overall health of the biodiesel industry."
f3e4e6e5_01_01_13,"This column contains the total number of people residing in each biodiesel plant, allowing users to analyze the impact of plant size on production and efficiency."
f3e4e6e5_01_01_14,"This column contains the county where each biodiesel plant is located, allowing users to analyze production trends and concentrations geographically."
f3e4e6e5_01_01_15,"This column contains unique numerical codes identifying each county in the United States, allowing users to analyze biodiesel plant locations and their distribution across different geographic regions."
f3e4e6e5_01_01_16,"This column contains the nation where the biodiesel plant is located, allowing users to analyze production trends and distribution patterns by geographic region."
f3e4e6e5_01_01_17,"This column contains the geographical coordinates of each biodiesel plant, allowing users to analyze their distribution and potential impact based on location."
f3e4e6e5_01_01_18,"This column contains the geographical coordinates of each biodiesel plant, allowing users to map their locations and analyze distribution patterns."
f3e4e6e5_01_01_19,"This column contains the North American Industry Classification System (NAICS) code for each biodiesel plant, allowing users to categorize and analyze the industry based on specific production processes and product types."
f3e4e6e5_01_01_20,"This column contains detailed North American Industry Classification System descriptions of the biodiesel plants, allowing users to categorize and analyze them based on their specific production processes and related industries."
f3e4e6e5_01_01_21,"This column contains information about the origin of the biodiesel feedstock, allowing users to analyze production based on the type of raw material used, such as vegetable oils or animal fats."
f3e4e6e5_01_01_22,"The `sourcedate` column contains the date when the feedstock was initially sourced for the biodiesel plant, allowing users to analyze production timelines and understand the origin of raw materials."
f3e4e6e5_01_01_23,"This column contains the specific method used for evaluating the biodiesel production process, allowing researchers to compare and analyze the performance of different validation techniques."
f3e4e6e5_01_01_24,"This column contains the date on which the biodiesel plant's performance was evaluated, allowing users to analyze trends and correlations between plant characteristics and their output over time."
f3e4e6e5_01_01_25,"This column contains the web addresses of biodiesel plants, allowing users to investigate their operations and potentially gather information about production capacity, location, and other relevant details."
f3e4e6e5_01_01_26,"This column contains the names of the individuals or companies that operate each biodiesel plant, allowing users to analyze production by owner or investigate specific operational patterns associated with different stakeholders."
f3e4e6e5_01_01_27,"This column indicates the spatial relationship between the biodiesel plant and its surrounding features, such as roads, rivers, or other facilities, allowing analysts to assess the plant's location context and potential environmental impacts."
f3e4e6e5_01_01_28,"This column contains the operational size of each biodiesel plant, allowing users to analyze production scale and potentially correlate it with other factors like feedstock availability or energy output."
f3e4e6e5_01_01_29,"This column contains the projected future capacity of a biodiesel plant, allowing analysts to assess potential growth and investment opportunities."
f3e4e6e5_01_01_30,"This column contains the type of raw material used as input for the biodiesel production process, allowing users to analyze the impact of different feedstocks on yield, cost, and overall plant performance."
f3e4e6e5_01_01_31,"This column contains the measured biodiesel quality parameter, Bq9000, which is used to assess the oxidative stability and overall quality of produced biodiesel."
0adc1f21_01_01_01,"This column contains a unique numerical identifier for each processing plant in the dataset, allowing users to easily reference and distinguish individual plants for analysis or tracking."
0adc1f21_01_01_02,"This column contains a unique identifier for each natural gas processing plant, allowing users to track and analyze specific plants within the dataset."
0adc1f21_01_01_03,"This column contains the unique identifier and descriptive name of each natural gas processing plant, allowing users to easily locate and differentiate between individual facilities within the dataset."
0adc1f21_01_01_04,"This column contains the physical location of each natural gas processing plant, allowing users to map plant distribution, analyze regional concentrations, and perform spatial analysis related to the industry."
0adc1f21_01_01_05,"This column contains the location of the natural gas processing plant, allowing users to analyze processing activity by geographic region or identify plants in specific cities."
0adc1f21_01_01_06,"This column contains the state in which the natural gas processing plant is located, allowing users to analyze production trends by geographic region."
0adc1f21_01_01_07,"This column contains the postal code for each processing plant, allowing users to geographically analyze plant locations and potentially correlate them with production volumes or other relevant data."
0adc1f21_01_01_08,"This column contains a five-digit zip code segment, which can be used to pinpoint the precise geographic location of a natural gas processing plant for mapping, analysis, and operational efficiency purposes."
0adc1f21_01_01_09,"This column contains the telephone numbers associated with natural gas processing plants, allowing users to contact and potentially gather information about these facilities."
0adc1f21_01_01_10,"This column indicates the specific kind of natural gas processing plant, allowing users to categorize and analyze plants based on their operational characteristics and technologies."
0adc1f21_01_01_11,"This column indicates the operational state of the natural gas processing plant, allowing users to analyze plant uptime, identify potential issues, and track maintenance schedules."
0adc1f21_01_01_12,"This column contains the total population residing near the natural gas processing plant, and it would be used to assess the potential impact of the plant’s operations on local communities."
0adc1f21_01_01_13,"This column contains the name of the county where the natural gas processing plant is located, allowing users to analyze plant distribution and concentration across different geographic regions."
0adc1f21_01_01_14,"This column contains unique numerical codes identifying each county in the United States, allowing users to analyze natural gas processing plant locations by geographic region."
0adc1f21_01_01_15,"This column contains the nation where the natural gas processing plant is located, allowing users to analyze processing activity by geographic region."
0adc1f21_01_01_16,"This column contains the plant's geographical location expressed as degrees, allowing users to visualize plant distribution on a map and analyze spatial relationships between processing facilities."
0adc1f21_01_01_17,"This column contains the plant's geographical position on Earth, allowing users to map processing facilities and analyze their spatial distribution."
0adc1f21_01_01_18,"This column contains the North American Industry Classification System (NAICS) code for each natural gas processing plant, allowing users to categorize and analyze plants based on their specific operations and industry segment."
0adc1f21_01_01_19,"This column contains detailed North American Industry Classification System descriptions of the processing plants, allowing users to categorize and analyze them based on their specific operations and industry focus."
0adc1f21_01_01_20,"This column contains the origin of the natural gas, allowing users to analyze production volumes and identify key sources contributing to the overall supply."
0adc1f21_01_01_21,"This column contains the date each natural gas processing plant sourced its gas, allowing users to analyze production trends over time and understand the origin of the supply."
0adc1f21_01_01_22,"This column contains the method used to determine the plant's processing value, allowing users to analyze and compare processing techniques across different facilities."
0adc1f21_01_01_23,"This column contains the date of each recorded value, allowing users to analyze trends and patterns in gas processing plant performance over time."
0adc1f21_01_01_24,"This column contains the URL of the natural gas processing plant's website, which can be used to gather information about the plant's operations, location, and company details."
0adc1f21_01_01_25,"This column contains unique identifiers for natural gas processing plants, allowing users to track and analyze data related to specific facilities within the dataset."
0adc1f21_01_01_26,"This column contains the names of the various processing units within a natural gas plant, allowing users to identify and analyze specific equipment or areas for performance monitoring and optimization."
0adc1f21_01_01_27,"This column indicates the relative position of a plant within a group of plants, allowing users to analyze spatial relationships and identify clusters or patterns based on proximity."
0adc1f21_01_01_28,"This column contains the name or identifier of the individual responsible for operating the natural gas processing plant, allowing users to analyze operational performance and identify key personnel involved in plant activities."
0adc1f21_01_01_29,"This column contains the physical address of the natural gas processing plant, allowing users to locate and analyze processing facilities geographically."
0adc1f21_01_01_30,"This column contains a numerical value representing the operational status of the natural gas processing plant, allowing users to analyze plant performance and identify potential issues based on operational levels."
0adc1f21_01_01_31,"This column indicates the operational status of the natural gas processing plant, allowing users to analyze plant uptime, identify potential downtime events, and assess overall operational efficiency."
0adc1f21_01_01_32,"This column contains the country where the natural gas processing plant is located, allowing users to analyze processing operations by geographic region."
0adc1f21_01_01_33,"This column contains the operational zip code for each processing plant, allowing users to analyze plant locations and their associated operational characteristics."
0adc1f21_01_01_34,"This column contains data from the Operphone system, a critical tool used to monitor and control various parameters within natural gas processing plants, allowing operators to adjust operations and ensure efficient production."
0adc1f21_01_01_35,"This column contains the operational status of the natural gas processing plant, allowing users to track whether a plant is running, shut down, or in a specific operational mode."
0adc1f21_01_01_36,"This column contains the processing capacity of a natural gas plant, allowing users to analyze plant throughput and compare production levels."
0adc1f21_01_01_37,"This column contains detailed processing tables for natural gas plants, allowing users to analyze and compare the various stages and parameters involved in gas treatment and production."
0adc1f21_01_01_38,"This column contains the geographical region where the natural gas processing plant is located, allowing users to analyze production trends by basin and understand regional market dynamics."
0adc1f21_01_01_39,"This column contains the measured flow rate of natural gas processed at a plant, allowing users to analyze production volumes, identify potential bottlenecks, or monitor operational efficiency."
0adc1f21_01_01_40,"This column represents the total energy content in British thermal units (BTU) produced by the natural gas processing plant, allowing users to analyze and compare energy output for different facilities."
0adc1f21_01_01_41,"This column represents the total storage capacity of natural gas, allowing analysts to assess the available holding space for gas within processing plants and understand potential supply constraints."
0adc1f21_01_01_42,"This column represents the maximum storage capacity of the natural gas processing plant, allowing users to assess the plant's ability to hold processed gas volumes."
0adc1f21_01_01_43,"This column contains a unique identifier for each natural gas processing plant, allowing users to track and analyze specific plants within the dataset."
0adc1f21_01_01_44,"This column contains the unique Environmental Protection Agency identification number for each processing plant, allowing users to identify and track specific facilities based on EPA regulations and reporting requirements."
0b19ebf6_01_01_01,"This column contains a unique numerical identifier for each natural gas storage facility, allowing users to easily reference and distinguish individual assets within the dataset."
0b19ebf6_01_01_02,"This column contains unique identifiers for natural gas storage facilities, allowing users to identify and track specific storage locations within the dataset."
0b19ebf6_01_01_03,"This column contains the unique identifier for each natural gas storage facility, allowing users to track and analyze individual storage locations within the dataset."
0b19ebf6_01_01_04,"This column contains the physical location of the natural gas storage facility, allowing users to map, analyze, and understand the geographic distribution of storage capacity."
0b19ebf6_01_01_05,"This column contains the location of the natural gas storage facility, allowing users to analyze storage capacity and operations by geographic region."
0b19ebf6_01_01_06,"This column contains the names of the U.S. states where natural gas storage facilities are located, allowing users to analyze storage capacity and trends by geographic region."
0b19ebf6_01_01_07,"This column contains the postal zip code associated with the natural gas storage facility, allowing users to analyze storage capacity by geographic region."
0b19ebf6_01_01_08,"This column contains the four-digit zip code segment, which can be used to pinpoint the precise geographic location of the natural gas storage facility for mapping, analysis, and customer service purposes."
0b19ebf6_01_01_09,"This column contains the phone numbers associated with the natural gas storage facility, which could be used for contacting operations, reporting issues, or verifying information."
0b19ebf6_01_01_10,"This column indicates the specific type of natural gas storage facility, allowing users to analyze storage capacity and characteristics based on facility design and operational focus."
0b19ebf6_01_01_11,"This column indicates the current operational state of the natural gas storage facility, allowing users to track whether it is open, closed, or in a specific operational mode."
0b19ebf6_01_01_12,"This column contains the total population residing near the natural gas storage facility, and it could be used to analyze the potential demand for natural gas based on residential consumption."
0b19ebf6_01_01_13,"This column contains the name of the county where the natural gas storage facility is located, allowing users to analyze storage capacity and trends by geographic region."
0b19ebf6_01_01_14,"This column contains unique numerical codes identifying each county in the United States, allowing users to analyze natural gas storage facility data by geographic location."
0b19ebf6_01_01_15,"This column contains the nation where the natural gas storage facility is located, allowing users to analyze storage capacity and trends by geographic region."
0b19ebf6_01_01_16,"This column contains the geographical coordinates of the natural gas storage facility, allowing users to map its location and analyze its proximity to transportation networks or other relevant features."
0b19ebf6_01_01_17,"This column contains the geographical longitude coordinates of the natural gas storage facility, allowing users to map its location and analyze its proximity to transportation networks or other relevant features."
0b19ebf6_01_01_18,"This column contains the North American Industry Classification System code for the natural gas storage facility, allowing users to categorize and analyze the facility's industry sector."
0b19ebf6_01_01_19,"This column contains the North American Industry Classification System description for the natural gas storage facility, allowing users to categorize and analyze the facility based on its primary business activity."
0b19ebf6_01_01_20,"This column contains the origin of the natural gas, allowing users to analyze storage volumes based on where the gas was initially sourced from."
0b19ebf6_01_01_21,"This column contains the date on which natural gas was sourced, allowing users to track the timing of supply and analyze storage levels over time."
0b19ebf6_01_01_22,"This column indicates the specific method used to measure or determine the gas volume within the storage facility, allowing users to analyze and compare storage levels based on the chosen measurement technique."
0b19ebf6_01_01_23,"This column contains the date of each storage volume measurement, allowing users to analyze storage levels over time and identify trends or patterns in gas supply and demand."
0b19ebf6_01_01_24,"This column contains the URL of the natural gas storage facility's website, allowing users to access information about operations, capacity, and potentially real-time data."
0b19ebf6_01_01_25,"This column contains a unique identifier for each natural gas storage facility, allowing users to track and analyze the specific operations of individual facilities within the dataset."
0b19ebf6_01_01_26,"This column contains the name of the entity responsible for operating the natural gas storage facility, allowing users to analyze storage capacity by operator or investigate potential ownership structures."
0b19ebf6_01_01_27,"This column contains the name of the company or individual responsible for operating the natural gas storage facility, allowing users to analyze storage operations and identify potential owners or managers."
0b19ebf6_01_01_28,"This column indicates the spatial relationship between a given point (e.g., a well or pipeline) and a region of interest within the natural gas storage facility, allowing analysts to understand the proximity and connectivity of infrastructure components."
0b19ebf6_01_01_29,"This column contains the percentage ownership of the natural gas storage facility, allowing analysts to assess investment stakes and potential control structures."
0b19ebf6_01_01_30,"This column represents the maximum daily volume of natural gas delivered to or withdrawn from the storage facility over a given period, allowing analysts to assess storage levels and predict future supply/demand dynamics."
0b19ebf6_01_01_31,"This column represents the maximum working capacity of the natural gas storage facility, allowing users to assess the total volume of gas the facility can hold at a given time."
0b19ebf6_01_01_32,"This column contains the daily volume of natural gas stored in the facility, allowing users to track storage levels and predict future supply and demand."
0b19ebf6_01_01_33,"This column represents the total storage capacity of the natural gas facility, allowing users to analyze the available volume for storage and assess potential supply needs."
0b19ebf6_01_01_34,"This column contains the geographical location of the natural gas storage facility, allowing users to analyze storage capacity and trends by region."
0b19ebf6_01_01_35,"This column represents the maximum storage capacity of the natural gas facility, allowing users to assess the potential volume of gas the facility can hold at peak levels."
0b19ebf6_01_01_36,"This column contains the calculated work rate associated with the gas storage facility's operations, allowing users to analyze the energy involved in injecting or withdrawing gas from the reservoir."
0b19ebf6_01_01_37,"This column represents the total volume of natural gas stored within the facility, allowing users to analyze storage levels and predict future supply based on current holdings."
0b19ebf6_01_01_38,"This column contains the names of individual natural gas storage reservoirs, allowing users to identify and analyze the specific locations where gas is stored."
0b19ebf6_01_01_39,"This column contains the North American Industry Classification System (NAICS) code for the type of business operating at the natural gas storage facility, allowing analysts to categorize and compare storage facilities based on their industry sector."
a2154895_01_01_01,"This column contains a unique identifier for each school record, allowing users to link and reference specific schools within the dataset for analysis or reporting."
a2154895_01_01_02,"This column contains a unique numerical identifier assigned by the National Center for Education Statistics (NCES) to each participating school, allowing researchers to track and analyze data across different schools and educational studies."
a2154895_01_01_03,"This column contains the names of the private schools, and users would utilize it to identify and differentiate between individual institutions within the dataset."
a2154895_01_01_04,"This column contains the physical location of each private school, and it would be used for mapping, locating schools on a map, or analyzing their distribution across different areas."
a2154895_01_01_05,"This column contains the location of each private school, allowing users to analyze school distribution by city or identify schools in specific geographic areas."
a2154895_01_01_06,"This column contains the state in which each private school is located, allowing users to analyze school distribution and trends across different regions."
a2154895_01_01_07,"This column contains postal codes, which can be used to analyze the geographic distribution of private schools and understand where they are located."
a2154895_01_01_08,"This column contains a five-digit zip code, allowing users to refine their analysis of private school locations and understand their geographic distribution."
a2154895_01_01_09,"This column contains the phone numbers of the private schools, allowing users to contact them directly for inquiries or enrollment information."
a2154895_01_01_10,"This column indicates whether the school is a private institution, allowing users to analyze and compare educational options based on their type."
a2154895_01_01_11,"This column indicates whether a school is currently operating, providing a key metric for assessing the viability and accessibility of educational institutions."
a2154895_01_01_12,"This column contains the total population figures for each private school, allowing users to analyze school size and potentially correlate it with other factors like student outcomes or resource allocation."
a2154895_01_01_13,"This column contains the county in which each private school is located, allowing users to analyze school distribution and identify concentrations of private schools within specific geographic areas."
a2154895_01_01_14,"This column contains unique numerical codes identifying each county within the United States, allowing users to analyze school distribution and trends across different geographic regions."
a2154895_01_01_15,"This column contains the nation where the private school is located, allowing users to analyze school distributions and trends across different countries."
a2154895_01_01_16,"This column contains the geographical coordinates of each private school, allowing users to visualize their locations on a map and analyze spatial patterns related to school distribution."
a2154895_01_01_17,"This column contains the geographical longitude coordinates for each private school, allowing users to map their locations and analyze spatial distributions."
a2154895_01_01_18,"This column contains the North American Industry Classification System code for each private school, allowing users to categorize and analyze schools based on their primary business activities."
a2154895_01_01_19,"This column contains detailed North American Industry Classification System descriptions for each private school, allowing users to categorize and analyze schools based on their specific industry focus and services offered."
a2154895_01_01_20,"This column indicates the origin of the student data, allowing users to analyze trends and comparisons across different data sources like private school websites, admissions portals, or third-party databases."
a2154895_01_01_21,"This column contains the date when the student's information was originally sourced, allowing users to analyze trends in enrollment or admissions over time."
a2154895_01_01_22,"This column indicates the specific validation method employed during the model's training process, allowing researchers to analyze the effectiveness of different evaluation techniques."
a2154895_01_01_23,"This column contains the date of a school's valuation, allowing analysts to track trends in school valuations over time and understand historical performance."
a2154895_01_01_24,"This column contains the URLs of the private schools, which can be used to access their websites for further information and details."
a2154895_01_01_25,"This column contains the educational level of the private school, allowing users to categorize and analyze schools based on their academic grade ranges."
a2154895_01_01_26,"This column contains the number of students currently attending the school, allowing users to analyze school size and trends in student populations."
a2154895_01_01_27,"This column indicates the year a student began their education at the private school, allowing analysts to examine trends in enrollment and academic progression over time."
a2154895_01_01_28,"This column contains the highest grade level a student completed at the private school, allowing users to analyze grade distribution and trends within the dataset."
a2154895_01_01_29,"This column contains the number of full-time teachers at each private school, allowing users to analyze staffing levels and compare school resources."
a2154895_01_01_30,"This column contains a unique identifier for each shelter, allowing users to track and analyze data related to specific organizations providing housing and support services."
aa0b2acb_01_01_01,"This column contains unique identifiers for each feature within the dataset, allowing users to track and reference specific geographic objects."
aa0b2acb_01_01_03,"This column contains unique identifiers for each image within the dataset, allowing users to track and reference specific images for analysis or processing."
aa0b2acb_01_01_04,"This column contains unique identifiers for individuals within the dataset, allowing researchers to track and analyze specific people across different records."
aa0b2acb_01_01_05,"This column contains unique identifiers for source records, allowing users to track and relate specific data points within the dataset."
aa0b2acb_01_01_06,"This column contains unique identifiers for electronic components, allowing users to track and analyze specific parts within a dataset."
aa0b2acb_01_01_07,"This column indicates the type of feature being represented, allowing users to categorize and analyze data based on feature characteristics like image, text, or numerical values."
aa0b2acb_01_01_08,"This column contains the security classification of a vehicle, allowing users to categorize vehicles based on their intended use and safety standards."
aa0b2acb_01_01_09,"This column contains the names of the entities in the dataset, which can be used for identification, categorization, or analysis of the data."
aa0b2acb_01_01_10,"This column contains the area values, which a user could utilize to analyze spatial relationships or calculate metrics based on size."
aa0b2acb_01_01_11,"This column contains phone numbers, which can be used to identify and contact individuals within the dataset."
aa0b2acb_01_01_12,"This column contains residential addresses, which could be used to locate properties, analyze geographic patterns, or determine delivery locations."
aa0b2acb_01_01_13,"This column contains supplemental address information, such as apartment numbers or building names, that can be used to refine location accuracy or provide more detailed delivery instructions."
aa0b2acb_01_01_14,"This column contains the names of cities, allowing users to analyze or filter data based on location."
aa0b2acb_01_01_15,"This column contains the state where the event occurred, allowing users to analyze trends or filter data based on geographic location."
aa0b2acb_01_01_16,"This column contains postal zip codes, which can be used to analyze geographic patterns, target marketing campaigns, or determine shipping locations."
aa0b2acb_01_01_17,"This column contains ZIP+4 codes, which are used for precise geographic address identification and are valuable for mapping, logistics, and demographic analysis."
aa0b2acb_01_01_18,"This column contains the names of counties, allowing users to analyze data by geographic location and understand regional trends."
aa0b2acb_01_01_19,"This column contains unique numerical identifiers for geographic areas, typically used to link data to specific counties or regions for analysis and mapping."
aa0b2acb_01_01_20,"This column contains textual descriptions of movement directions, allowing users to analyze and understand the spatial orientation of objects or actions within the dataset."
aa0b2acb_01_01_21,"This column contains the titles of emergency events, allowing users to analyze and categorize incidents based on their descriptions."
aa0b2acb_01_01_22,"This column contains information indicating whether a vehicle was equipped with an emergency phone, likely used for contacting emergency services in the event of a roadside situation."
aa0b2acb_01_01_23,"This column contains information about emergency events, allowing users to analyze and understand the nature and severity of incidents."
aa0b2acb_01_01_24,"The column holds the date of the contact, which someone would use to analyze trends, track customer interactions over time, or segment customers based on their engagement history."
aa0b2acb_01_01_25,"This column contains information about how much of a particular product was sold, allowing analysts to understand sales volume and trends."
aa0b2acb_01_01_26,"This column contains the date of the geodetic survey measurement, which surveyors would use to track the timing and location of their observations for accurate mapping and spatial analysis."
aa0b2acb_01_01_27,"This column contains information about how the location was determined, such as GPS coordinates or a specific address, allowing users to understand the source and accuracy of the geographic data."
aa0b2acb_01_01_28,"This column contains information about the Hsipthemes, likely used to categorize or identify data related to different Hsipthemes themes."
aa0b2acb_01_01_29,"This column contains North American Industry Classification Code (NAICS) identifiers, which are used to categorize businesses and industries for statistical analysis and reporting."
aa0b2acb_01_01_30,North American Industry Classification System description
aa0b2acb_01_01_31,"This column contains unique identifiers for geographic links, allowing users to track and analyze the relationships between locations and associated data."
aa0b2acb_01_01_32,"This column contains the original source of the data, allowing users to trace the origin and potentially assess the reliability or context of the information."
aa0b2acb_01_01_33,"This column contains numerical data representing spatial coordinates, likely used for mapping or analyzing location-based patterns within the dataset."
aa0b2acb_01_01_34,This column contains binary labels (Y or N) that can be used to classify or predict outcomes based on the other data in the dataset.
aa0b2acb_01_01_35,"This column contains the name of the vendor providing the data, allowing users to identify the source of the information within the dataset."
aa0b2acb_01_01_36,"This column contains the software version number, allowing users to track updates, compatibility, and identify the specific software iteration they are working with."
aa0b2acb_01_01_37,"This column contains geographical location data, which could be used to analyze patterns or relationships based on location within the dataset."
aa0b2acb_01_01_38,"This column contains telephone location data, which can be used to determine a user's approximate geographic location based on their phone number."
aa0b2acb_01_01_39,"This column contains quality control and quality assurance labels, allowing users to categorize and analyze data based on its adherence to standards or specifications."
aa0b2acb_01_01_40,"This column contains unique identifiers for each mine, allowing users to track and analyze data associated with specific mining operations."
aa0b2acb_01_01_41,"This column indicates whether the inspection was performed successfully, with ‘Inspec Off’ signifying a failed or incomplete inspection."
aa0b2acb_01_01_42,"This column contains Standard Industrial Classification codes, which are used to categorize businesses by their primary activity for statistical analysis and reporting."
aa0b2acb_01_01_43,"This column contains information about whether a transaction involved a canvas product, allowing users to analyze sales trends or segment customers based on their purchasing preferences for canvas goods."
aa0b2acb_01_01_44,"This column contains information about the type of mine detected, allowing users to analyze and categorize explosive devices based on their characteristics."
aa0b2acb_01_01_45,"This column contains a statistical code, likely used to categorize or classify data points based on specific regional or demographic characteristics."
aa0b2acb_01_01_46,"This column contains the date of a statistical event, allowing users to analyze trends and patterns over time."
aa0b2acb_01_01_47,"This column contains the names of the components within a dataset, allowing users to identify and analyze specific parts based on their designations."
aa0b2acb_01_01_48,"This column contains information about the type of mine plant, allowing users to analyze and categorize mining operations based on their specific plant type."
aa0b2acb_01_01_49,"The column holds customer addresses, which could be used to determine shipping locations, analyze geographic trends, or personalize marketing efforts."
aa0b2acb_01_01_50,"This column contains metropolitan city names, allowing users to analyze and filter data based on urban areas."
aa0b2acb_01_01_51,"This column contains the molecular state of the system, allowing researchers to analyze and compare different states based on their properties."
aa0b2acb_01_01_52,"This column contains compressed data, likely used to store or transmit files in a zipped format, allowing users to analyze or process the original, uncompressed data within the dataset."
aa0b2acb_01_01_53,"This column contains county-level geographic information, allowing users to analyze data trends and patterns based on location."
aa0b2acb_01_01_54,"This column contains the numerical identifier for a protein subunit within a complex, allowing researchers to track and analyze individual components of multi-subunit assemblies."
aa0b2acb_01_01_55,"This column contains information about the first subunit of a protein complex, which researchers would use to analyze structural relationships or functional roles within those complexes."
aa0b2acb_01_01_56,"This column contains information about the second subunit of a molecule, which researchers would use to analyze structural relationships or identify key components within a complex biological entity."
aa0b2acb_01_01_57,"This column contains information about the third subunit of a molecule, which researchers would use to analyze structural relationships, interactions, or specific functions within a complex biological system."
aa0b2acb_01_01_58,"This column contains information about the fourth subunit within a molecule, which researchers would use to analyze structural components and potential interactions within a complex."
01507197_01_01_01,"The `objectid` column contains a unique numerical identifier for each record in the dataset, allowing users to track and reference individual stations during transfers."
01507197_01_01_02,"This column contains a unique identifier for each station, allowing users to track and analyze movement patterns between different stations within the dataset."
01507197_01_01_03,"This column contains the name of the transit system a station belongs to, allowing users to analyze station usage and connections across different public transportation networks."
01507197_01_01_04,"This column contains information about the originating system a user was using before transferring to another system, allowing analysts to understand user journeys and system usage patterns."
01507197_01_01_05,"This column contains measures of cognitive effort and control, allowing researchers to investigate the mental processes involved in decision-making and task performance."
01507197_01_01_06,"This column contains information about the system a user was originally using before transferring to another system, allowing analysts to understand user movement and system adoption patterns."
b15f4c3c_01_01_01,"This column contains a unique numerical identifier for each object within the archive, allowing users to track and reference specific items within the dataset."
b15f4c3c_01_01_03,"This column contains the names of various incidents recorded in the archive, and someone would use it to categorize and analyze incidents based on their specific descriptions."
b15f4c3c_01_01_04,"This column indicates the type of feature present in a vehicle, allowing users to categorize and filter vehicles based on their specific characteristics, such as safety systems or comfort features."
b15f4c3c_01_01_05,"This column contains the method used to create the map, allowing users to filter and analyze data based on the mapping technique employed."
b15f4c3c_01_01_06,"This column contains free-text notes and observations associated with each NIF record, allowing users to gain additional context and understanding regarding the specific perimeter being documented."
b15f4c3c_01_01_07,"This column contains the acreage of each parcel, allowing users to analyze land size and potentially assess property values or suitability for different uses."
b15f4c3c_01_01_08,This column contains a placeholder value that is likely unused and would not be relevant for analysis or interpretation of the dataset's perimeter information.
b15f4c3c_01_01_09,"This column contains the descriptive name or title assigned to each NIF (National Identification File) record, allowing users to categorize and identify specific files within the archive based on their content."
b15f4c3c_01_01_10,"This column contains information about which features are accessible within a specific NIF (National Identification Number) record, allowing users to filter and analyze data based on access permissions."
b15f4c3c_01_01_11,"This column indicates the status of a specific feature within a National Incident File System (NIFS) record, allowing users to filter and analyze data based on whether a feature was reported, confirmed, or otherwise marked as active."
b15f4c3c_01_01_12,"This column indicates whether a particular perimeter within a National Incident File System (NIFS) record is visible, allowing users to filter and analyze data based on the visibility of specific areas."
b15f4c3c_01_01_13,"This column contains the date when each NIF (National Identification Number) record was created, allowing users to analyze the historical timeline of business registrations and track trends over time."
b15f4c3c_01_01_14,"This column contains the date when the NIF (National Identification Number) information was current, allowing users to analyze trends and changes in NIF ownership over time."
b15f4c3c_01_01_15,"This column contains timestamped polygon data, allowing users to analyze and track changes to geographic boundaries over time."
b15f4c3c_01_01_16,"This column contains the names of the complex structures identified within the NIFS archive data, allowing researchers to categorize and analyze different astronomical objects based on their structural components."
b15f4c3c_01_01_17,"This column contains unique identifiers for geological complexes, allowing users to categorize and analyze different formations within the NIFS archive data."
b15f4c3c_01_01_18,"This column contains the geographic area classification code (GACC) used to categorize the location of a National Incident File System (NIFS) record, allowing users to analyze incident data by region."
b15f4c3c_01_01_19,"This column contains the names of the National Forest System units, allowing users to identify and categorize specific areas within the National Forest System."
b15f4c3c_01_01_20,"This column contains unique identifiers for individual units within the Nifs Archive, allowing users to track and analyze specific entities within the dataset."
b15f4c3c_01_01_21,"This column contains unique identifiers for local incidents, allowing users to track and analyze individual events recorded in the archive."
b15f4c3c_01_01_22,"This column contains a unique identifier for each NIF (National Identification Number) record, allowing researchers to track and analyze individual businesses within the archive."
b15f4c3c_01_01_23,"This column contains unique identifiers for geographic features within the dataset, allowing users to pinpoint and reference specific parcels or areas for analysis and mapping."
b15f4c3c_01_01_24,"This column contains unique identifiers for each NIF (National Identification Number) record in the archive, allowing users to track and reference specific businesses or organizations within the dataset."
b15f4c3c_01_01_27,"This column contains unique identifiers for each perimeter within the NIFS archive, allowing users to precisely locate and reference specific spatial boundaries for analysis and mapping."
b15f4c3c_01_01_28,"This column contains the linear dimension of a shape, allowing users to analyze and compare the sizes of different land parcels or features within the dataset."
b15f4c3c_01_01_29,"This column contains the calculated area of each shape in square meters, allowing users to analyze the size of different land features within the dataset."
4998c0de_01_01_01,"This column contains a unique numerical identifier for each receipt object, allowing users to track and reference individual deliveries within the dataset."
4998c0de_01_01_02,"This column contains unique user identifiers, allowing analysts to track and analyze delivery performance and patterns for individual customers."
4998c0de_01_01_03,"This column contains the names of the individuals involved in the receipt delivery process, allowing users to identify the sender or recipient of a specific delivery."
4998c0de_01_01_04,"This column contains the city where the receipt delivery occurred, allowing users to analyze delivery patterns and trends by geographic location."
4998c0de_01_01_05,"This column contains the state where the receipt delivery occurred, allowing users to analyze delivery patterns and trends by geographic location."
4998c0de_01_01_06,"This column indicates the type of delivery service used for the receipt, allowing users to analyze delivery preferences and trends."
4998c0de_01_01_07,"This column indicates the final outcome of the delivery attempt, allowing users to analyze delivery success rates and identify potential issues with the delivery process."
4998c0de_01_01_08,"This column contains the name of the county where the receipt was delivered, allowing users to analyze delivery patterns and trends by geographic location."
4998c0de_01_01_09,"This column contains unique numerical identifiers for each county in the United States, allowing users to analyze receipt delivery performance geographically."
4998c0de_01_01_10,"This column contains the country where the receipt was delivered, allowing users to analyze delivery patterns and trends by geographic location."
4998c0de_01_01_11,"This column contains the geographic coordinates of the delivery location, allowing users to map delivery routes and analyze delivery patterns based on location."
4998c0de_01_01_12,"This column contains the geographic longitude coordinates for each delivery, allowing users to map delivery locations and analyze delivery patterns based on location."
4998c0de_01_01_13,"This column contains the North American Industry Classification System code, allowing users to categorize businesses by their industry and analyze trends within specific sectors."
4998c0de_01_01_14,"This column contains the North American Industry Classification System description for each business, allowing users to categorize and analyze receipts by industry type."
4998c0de_01_01_15,"This column indicates the origin of the receipt, allowing users to analyze delivery methods and understand where receipts are coming from."
4998c0de_01_01_16,"This column contains the date when the receipt was sourced, allowing users to analyze delivery trends and patterns over time."
4998c0de_01_01_17,"This column indicates the specific method used for receiving the delivery, allowing analysts to investigate delivery preferences and their impact on customer satisfaction."
4998c0de_01_01_18,"This column contains the date when the receipt was delivered, allowing users to analyze delivery patterns and track the timeliness of receipt processing."
4998c0de_01_01_19,"This column contains a unique identifier for each receipt delivery transaction, allowing users to track and analyze individual delivery events within the dataset."
4998c0de_01_01_20,"This column contains the names of the delivery companies, and someone would use it to identify which company handled a specific receipt delivery."
4998c0de_01_01_21,"This column contains the name of the delivery company used for each receipt, allowing users to analyze delivery service preferences and patterns."
4998c0de_01_01_22,"This column indicates the relationship between the point of sale (POS) and the receipt delivery, allowing users to analyze how effectively receipts are being delivered relative to where they were purchased."
4998c0de_01_01_23,"This column represents the maximum capacity of the delivery, allowing users to analyze the largest possible volume of goods a single delivery can handle."
4998c0de_01_01_24,"This column represents the scheduled capacity of a delivery, allowing users to analyze and understand the planned volume of deliveries for a specific time slot."
4998c0de_01_01_25,"This column represents the available capacity for delivery, allowing users to analyze the logistical constraints impacting delivery success."
4998c0de_01_01_26,"This column contains the name of the day of the week on which the delivery was made, allowing users to analyze delivery patterns based on the day of the week."
4998c0de_01_01_27,"This column contains the Delivery Reference Number, a unique identifier used to track and manage the delivery of a receipt."
68bf7456_01_01_01,"This column contains a unique numerical identifier for each campus object, allowing users to track and reference specific campuses within the dataset."
68bf7456_01_01_02,"This column contains a unique identifier for each college university campus, allowing users to track and differentiate between individual institutions within the dataset."
68bf7456_01_01_03,"This column contains the names of college and university campuses, allowing users to identify and locate specific institutions within the dataset."
68bf7456_01_01_04,"This column contains the physical street address of each college or university campus, allowing users to locate them on a map, analyze geographic distribution, or perform spatial analysis."
68bf7456_01_01_05,"This column contains the location of each university campus, allowing users to filter and analyze campuses by their city of operation."
68bf7456_01_01_06,"This column contains the U.S. state where each college or university campus is located, allowing users to analyze institutional distribution across the country."
68bf7456_01_01_07,"This column contains the postal zip code for each college or university campus, allowing users to analyze campus locations and potentially identify geographic trends or regional concentrations of higher education institutions."
68bf7456_01_01_08,"This column contains a four-digit zip code, which can be used to pinpoint the precise location of a college or university campus for mapping, analysis, or demographic studies."
68bf7456_01_01_09,"This column contains the phone numbers associated with each college or university campus, allowing users to contact them directly or gather information about their communication systems."
68bf7456_01_01_10,"This column indicates the institutional type, allowing users to filter and analyze campuses based on whether they are colleges, universities, or other types of higher education institutions."
68bf7456_01_01_11,"This column indicates whether a college or university campus is currently operational, allowing users to filter and analyze data based on active institutions."
68bf7456_01_01_12,"This column contains the total number of people residing within each college or university campus, allowing users to analyze population density, student-faculty ratios, or overall campus size."
68bf7456_01_01_13,"This column contains the county in which each college or university campus is located, allowing users to analyze campus distribution and identify concentrations of institutions across different regions."
68bf7456_01_01_14,"This column contains the unique five-digit FIPS code for each county, allowing users to geographically analyze university campuses by their corresponding county."
68bf7456_01_01_15,"This column indicates the nation where each college or university campus is located, allowing users to analyze educational institutions by geographic region."
68bf7456_01_01_16,"This column contains the North American Industry Classification System code for each university, allowing users to categorize institutions by their primary industry sector and analyze trends within higher education."
68bf7456_01_01_17,"This column contains detailed North American Industry Classification System descriptions of the types of businesses located on college and university campuses, allowing users to analyze the economic composition of these institutions."
68bf7456_01_01_18,"This column contains the origin of the campus data, allowing users to filter or analyze information based on whether it came from a specific source like a university website, a news article, or a database."
68bf7456_01_01_19,"This column contains the date the campus data was originally sourced, allowing users to track the age and reliability of the information."
68bf7456_01_01_20,"This column indicates the specific validation method employed during the model's training process, allowing users to analyze the effectiveness of different evaluation techniques."
68bf7456_01_01_21,"This column stores the date of a university's valuation, allowing users to analyze trends in campus value over time and understand historical investment patterns."
68bf7456_01_01_22,"This column contains the URL of each college or university's website, allowing users to access further information about the institution."
68bf7456_01_01_23,"This column contains the total number of students enrolled at each college or university, and it can be used to analyze enrollment trends, compare institutional sizes, or assess resource needs."
68bf7456_01_01_24,"This column contains the total number of employees at each college university campus, allowing users to analyze staffing levels and compare institutions."
68bf7456_01_01_25,"This column contains a unique identifier for each college university campus, allowing users to track and analyze specific institutions within the dataset."
68bf7456_01_01_26,"This column contains the linear dimension of university campus buildings, allowing users to analyze the size and scale of different campus layouts."
68bf7456_01_01_27,"This column contains the measured area of the campus buildings, allowing users to analyze the size and scale of university campuses for comparisons or spatial planning."
d1fa971e_01_01_01,"This column contains a unique numerical identifier for each object in the dataset, allowing users to track and reference specific process plants for analysis or retrieval."
d1fa971e_01_01_02,"This column contains data related to the operational status of a specific process within a nonferrous metal processing plant, allowing users to track equipment performance and identify potential issues for optimization or maintenance."
d1fa971e_01_01_03,"This column contains the type of nonferrous metal being processed, allowing users to categorize plants by their primary production output."
d1fa971e_01_01_04,"This column contains the names of individual nonferrous metal processing facilities, which can be used to identify specific plants for analysis, mapping, or tracking operational data."
d1fa971e_01_01_05,"This column contains the name of the nonferrous metal processing company, allowing users to identify and categorize different facilities within the dataset."
d1fa971e_01_01_06,"This column contains the geographical location of the nonferrous metal processing facility, allowing users to analyze plant distribution and identify regional concentrations of this industry."
d1fa971e_01_01_07,"This column contains the administrative region where the nonferrous metal processing plant is located, allowing users to analyze plant distribution and identify regional concentrations of this industry."
d1fa971e_01_01_08,"This column contains the geographical coordinates of each plant, allowing users to map their locations and analyze spatial patterns related to nonferrous metal processing."
d1fa971e_01_01_09,"This column contains the plant's geographical longitude, allowing users to map and analyze the spatial distribution of nonferrous metal processing facilities."
d1fa971e_01_01_10,"This column contains the minimum processing capacity of a nonferrous metal plant, allowing users to analyze plant efficiency and compare production scales."
4ac1be2d_01_01_01,"This column contains a unique identifier for each terminal, allowing users to link and reference specific terminal locations within the dataset."
4ac1be2d_01_01_02,"This column contains a unique numerical identifier for each object in the dataset, allowing users to track and reference specific instances within the cruise terminal imagery."
4ac1be2d_01_01_03,"This column contains a unique identifier for each terminal feature, allowing users to track, categorize, and analyze specific elements within cruise line terminals."
4ac1be2d_01_01_04,"This column contains the names of cruise terminal locations, which can be used to identify and locate specific terminals for cruise ships."
4ac1be2d_01_01_05,"This column contains the names of the cruise ports where the data was collected, and it can be used to analyze cruise itineraries, identify popular destinations, or understand port traffic patterns."
4ac1be2d_01_01_06,"This column contains the name of the port city where the cruise terminal is located, allowing users to analyze cruise destinations and their geographic distribution."
4ac1be2d_01_01_07,"This column contains the state where the cruise terminal is located, allowing users to analyze port activity by geographic region."
4ac1be2d_01_01_08,"This column contains the postal zip code for each terminal, allowing users to analyze port locations by geographic region and identify terminals servicing specific areas."
4ac1be2d_01_01_09,"This column indicates the primary port where a cruise ship departed from, allowing analysts to understand the origin of cruises and analyze passenger flows."
4ac1be2d_01_01_10,"This column contains the web addresses of cruise terminal locations, allowing users to access detailed information and maps for each terminal."
4ac1be2d_01_01_11,"This column contains the geographical coordinates of the cruise terminal’s location, allowing users to map terminals, analyze spatial relationships, and determine proximity to other points of interest."
4ac1be2d_01_01_12,"This column contains the geographical longitude coordinates of each cruise terminal, allowing users to map terminal locations and analyze spatial relationships within port areas."
4ac1be2d_01_01_13,"This column contains the physical location of each cruise terminal, and users would utilize it for mapping, navigation, and understanding the geographic distribution of cruise port operations."
4ac1be2d_01_01_14,"This column contains supplemental address information, such as a building number or suite number, that can be used to refine location searches and improve mapping accuracy."
13e093e3_01_01_01,"This column contains a unique numerical identifier for each transit station, allowing users to track and reference specific stations within the dataset."
13e093e3_01_01_02,"This column contains a unique numerical identifier for each transit station, allowing users to easily reference and distinguish between individual stations within the dataset."
13e093e3_01_01_03,"This column contains the names of individual transit stations, allowing users to identify and locate specific stops within a public transportation network."
13e093e3_01_01_04,"This column contains the URL for each transit station, allowing users to directly access maps, schedules, and other relevant information about the station online."
13e093e3_01_01_05,"This column contains a unique identifier for each transit station, allowing users to pinpoint specific stations within the dataset for analysis or mapping."
13e093e3_01_01_06,"This column contains the name of the transit system operating at each station, allowing users to filter and analyze data by the specific transportation network."
13e093e3_01_01_07,"This column contains the name of the transit agency operating the station, allowing users to filter and analyze data by the specific transportation provider."
13e093e3_01_01_08,"This column contains a unique identifier for each transit station, allowing users to track and analyze specific stations within the transit network."
13e093e3_01_01_09,"This column contains the geographical coordinates of each transit station, allowing users to map locations, analyze station distribution, and perform spatial analysis related to public transportation networks."
13e093e3_01_01_10,"This column contains the east-west coordinates of each transit station, allowing users to map their locations and analyze transit networks based on spatial distribution."
13e093e3_01_01_11,"This column contains the unique identifier for each public transit station, allowing users to track and analyze station-specific data like ridership or service information."
13e093e3_01_01_12,"This column contains unique codes identifying individual public transit stations, allowing users to pinpoint specific locations and analyze transit network data."
13e093e3_01_01_13,"This column indicates whether a transit station is currently operational, allowing users to filter for accessible stations or analyze disruptions in the public transportation network."
13e093e3_01_01_14,"This column contains the origin station name for each transit trip, allowing users to analyze travel patterns and identify common routes between stations."
13e093e3_01_01_15,"This column contains the date the transit station data was originally sourced, allowing users to analyze trends over time or assess the freshness of the information."
13e093e3_01_01_16,"This column contains the ground elevation in meters for each transit station, allowing users to analyze station locations relative to surrounding terrain and potentially understand accessibility challenges or scenic views."
13e093e3_01_01_17,"This column contains the physical location of each transit station, allowing users to map routes, analyze station density, or determine proximity to points of interest."
13e093e3_01_01_18,"This column contains the name of the city where the transit station is located, allowing users to filter or analyze transit data by geographic region."
13e093e3_01_01_19,"This column contains the state in which each transit station is located, allowing users to analyze transit patterns and station distribution by geographic region."
13e093e3_01_01_20,"This column contains the postal code for each transit station, allowing users to analyze station locations by geographic region and identify stations within specific areas."
13e093e3_01_01_21,"This column contains the name of the transit system a station belongs to, allowing users to filter and analyze stations based on their operating authority (e.g., subway, light rail, bus rapid transit)."
55b3233d_01_01_01,"This column contains a unique numerical identifier for each object in the dataset, allowing users to track and reference specific items within the NIFs perimeter data."
55b3233d_01_01_02,"This column contains the names of various incidents reported in the dataset, and users would utilize it to identify and categorize specific events based on their descriptions."
55b3233d_01_01_03,"This column contains the category of a specific feature, allowing users to group and analyze data based on the type of feature being described, such as ""vehicle"" or ""person""."
55b3233d_01_01_04,"This column contains the method used to determine the map boundaries, allowing users to analyze and filter data based on how geographic areas were initially defined."
55b3233d_01_01_05,"This column contains free-text notes and observations associated with each NIF perimeter, allowing users to understand the context, rationale, or specific details behind the perimeter's establishment or modifications."
55b3233d_01_01_06,"This column contains the acreage of each perimeter, allowing users to analyze land area and potentially assess property sizes or calculate spatial relationships within the dataset."
55b3233d_01_01_07,"This column contains the descriptive name of each perimeter, allowing users to categorize and identify different areas within the dataset based on their specific characteristics."
55b3233d_01_01_08,"This column contains information about which features are accessible within a specific perimeter, allowing users to analyze and understand the scope of access rights for various functionalities."
55b3233d_01_01_09,"This column indicates the current status of a specific feature within a NIF perimeter, allowing users to track whether a feature is active, inactive, or otherwise designated by its status."
55b3233d_01_01_10,"This column indicates whether a perimeter is currently visible within the scene, allowing users to analyze which areas are being observed or detected."
55b3233d_01_01_11,"This column contains the date when a NIF perimeter was created, allowing users to analyze trends in business formation over time or identify specific periods of high or low activity."
55b3233d_01_01_12,"This column contains the date on which a specific NIF perimeter was recorded, allowing users to analyze trends and patterns over time."
55b3233d_01_01_13,"This column contains timestamped polygon data, allowing users to analyze and track changes in geographic areas over time, such as land use modifications or property boundaries."
55b3233d_01_01_14,"This column contains the names of individual complexes within the NIF perimeter data, allowing users to identify and analyze specific areas of interest within the network."
55b3233d_01_01_15,"This column contains unique identifiers for individual complexes within the NIF perimeter data, allowing users to identify and analyze specific areas or buildings within the network."
55b3233d_01_01_16,"This column contains the geographical area covered by each agricultural cooperative, allowing users to analyze the size and scope of agricultural production networks."
55b3233d_01_01_17,"This column contains the names of the administrative units (e.g., municipalities, districts) within the NIFs (National Information Systems) and can be used to identify and categorize different geographical areas based on their administrative boundaries."
55b3233d_01_01_18,"This column represents a unique identifier for each unit within the dataset, allowing users to track and analyze specific entities across different records."
55b3233d_01_01_19,"This column contains unique identifiers for each local incident, allowing users to track and analyze individual events within the dataset."
55b3233d_01_01_20,"This column contains a unique identifier for each perimeter within the Irwin Family Foundation’s network, allowing researchers to track and analyze specific grant-funded initiatives."
55b3233d_01_01_21,"This column contains unique identifiers for geographic polygons, allowing users to reference and manage specific areas within the dataset."
55b3233d_01_01_22,"This column contains unique identifiers for each entity in the dataset, allowing users to track and differentiate individual records across different datasets or analyses."
55b3233d_01_01_23,"This column contains unique identifiers for each perimeter, allowing users to track and differentiate between individual geographical areas within the dataset."
55b3233d_01_01_24,"This column contains the length of the perimeter of a geographical shape, allowing users to analyze and compare the size of different areas."
55b3233d_01_01_25,"This column contains the area of each polygon, allowing users to analyze and compare the size of different administrative boundaries."
24e97717_01_01_01,"This column contains a unique identifier for each crushed stone operation record, allowing users to reference and track specific operations within the dataset."
24e97717_01_01_02,"This column contains a unique numerical identifier for each crushed stone operation record, allowing users to track and reference specific operations within the dataset."
24e97717_01_01_03,"This column represents the total quantity of crushed stone produced by a mining operation, allowing users to track production levels and assess operational efficiency."
24e97717_01_01_04,"This column contains the type of stone being produced, allowing users to analyze production volumes by material like limestone or granite."
24e97717_01_01_05,"This column contains the names of individual crushed stone mining sites, allowing users to identify and analyze specific operations within the dataset."
24e97717_01_01_06,"This column contains the names of the companies operating crushed stone mines, allowing users to analyze production and market share by company."
24e97717_01_01_07,"This column contains the state where each crushed stone operation is located, allowing users to analyze production volumes and trends by geographic region."
24e97717_01_01_08,"This column contains the name of the county where the crushed stone operation is located, allowing users to analyze production data by geographic region."
24e97717_01_01_09,"This column contains the geographical coordinates of each crushed stone operation, allowing users to map their locations and analyze distribution patterns."
24e97717_01_01_10,"This column contains the geographical longitude coordinates of each crushed stone operation, allowing users to map their locations and analyze spatial distributions."
24e97717_01_01_11,"This column represents the smallest size of crushed stone produced at a particular plant, allowing users to assess the range of product sizes offered and compare production capabilities."
7a52b9bd_01_01_01,"This column contains a unique numerical identifier for each ethanol transloading facility in the dataset, allowing users to reference and distinguish individual facilities for analysis or tracking."
7a52b9bd_01_01_02,"This column contains the ethanol volume transloaded at a facility, allowing users to analyze transloading activity and assess the scale of operations for ethanol distribution."
7a52b9bd_01_01_03,"This column contains the names of individual ethanol transloading facilities, allowing users to identify and locate these critical logistics hubs within the ethanol supply chain."
7a52b9bd_01_01_04,"This column contains the physical location of each ethanol transloading facility, allowing users to map facility distribution, analyze regional concentrations, and assess potential transportation routes."
7a52b9bd_01_01_05,"This column contains supplemental address information, such as a building number or suite designation, that can be used to refine location searches and improve the accuracy of facility mapping within the ethanol transloading industry."
7a52b9bd_01_01_06,"This column contains the location of each ethanol transloading facility, allowing users to analyze facility distribution by city and identify potential markets or logistical hubs."
7a52b9bd_01_01_07,"This column contains the U.S. state where each ethanol transloading facility is located, allowing users to analyze facility distribution and concentration across different regions."
7a52b9bd_01_01_08,"This column contains the postal zip code for each ethanol transloading facility, allowing users to analyze facility locations and potentially identify areas with high transloading activity."
7a52b9bd_01_01_09,"This column contains the four-digit zip code segment for a facility's location, which can be used to pinpoint its geographic location for logistics and transportation analysis."
7a52b9bd_01_01_10,"This column contains the phone numbers of ethanol transloading facilities, which a user could utilize to contact these businesses for inquiries, logistics coordination, or potential partnerships."
7a52b9bd_01_01_11,"This column indicates the specific operational type of the ethanol transloading facility, allowing users to filter and analyze data based on facility function, such as storage, blending, or rail unloading."
7a52b9bd_01_01_12,"This column indicates the operational state of each ethanol transloading facility, allowing users to filter and analyze data based on whether a facility is currently active, under maintenance, or otherwise unavailable."
7a52b9bd_01_01_13,"This column contains the population data for each ethanol transloading facility, allowing users to analyze the potential impact of facility locations on surrounding communities or to assess demand based on population density."
7a52b9bd_01_01_14,"This column contains the name of the county where the ethanol transloading facility is located, allowing users to analyze facility distribution and concentration across different geographic regions."
7a52b9bd_01_01_15,"This column contains unique numerical codes identifying each county in the United States, allowing users to analyze ethanol transloading facility locations and their distribution across different geographic regions."
7a52b9bd_01_01_16,"This column contains the nation where the ethanol transloading facility is located, allowing users to analyze transloading operations by geographic region."
7a52b9bd_01_01_17,"This column contains the geographical coordinates of each ethanol transloading facility, allowing users to map locations, analyze regional distribution, and assess proximity to transportation networks."
7a52b9bd_01_01_18,"This column contains the geographic coordinates of each ethanol transloading facility, allowing users to map their locations and analyze distribution networks."
7a52b9bd_01_01_19,"This column contains the North American Industry Classification System (NAICS) code for each ethanol transloading facility, allowing users to categorize and analyze the industry based on specific business activities."
7a52b9bd_01_01_20,"This column contains detailed North American Industry Classification System descriptions of the ethanol transloading facilities, allowing users to categorize and analyze them based on their specific operations and industry focus."
7a52b9bd_01_01_21,"This column contains the origin of the ethanol transloading facility, allowing users to analyze where these facilities are located and understand their distribution across different regions."
7a52b9bd_01_01_22,"This column contains the date each ethanol transloading facility was sourced, allowing users to analyze trends in sourcing over time or identify facilities with specific sourcing histories."
7a52b9bd_01_01_23,"This column contains the method used to estimate the value of the ethanol transloading facility, allowing analysts to compare valuation approaches and assess the reliability of different estimates."
7a52b9bd_01_01_24,"This column contains the date when a specific ethanol transloading facility was evaluated, allowing users to analyze trends and changes in facility operations over time."
7a52b9bd_01_01_25,"This column contains the URL addresses of each ethanol transloading facility, allowing users to access further information about a specific facility's operations and location."
7a52b9bd_01_01_26,"This column contains the names of the companies that operate the ethanol transloading facilities, allowing users to analyze ownership structures and potential market influences within the industry."
7a52b9bd_01_01_27,"This column indicates the relative position of the ethanol transloading facility within its surrounding area, likely used to assess its accessibility and proximity to key transportation routes and markets."
7a52b9bd_01_01_28,"This column contains the names of the railroads involved in the ethanol transloading operations, allowing users to analyze transportation networks and identify key partners for these facilities."
7a52b9bd_01_01_29,"This column represents the number of vehicle parking spaces available at each ethanol transloading facility, allowing users to assess the operational capacity and potential throughput of a given location."
454f652e_01_01_01,"This column holds a unique identifier for each power plant record, allowing users to track and differentiate individual facilities within the dataset."
454f652e_01_01_02,"This column contains a unique identifier for each power plant, allowing users to categorize, analyze, and track data related to specific facilities."
454f652e_01_01_03,"This column contains the names of various power plants, and users would leverage it to identify, categorize, or analyze different energy generation facilities."
454f652e_01_01_04,"This column contains the physical location of each power plant, and it would be used to map plant locations, analyze regional energy production, or determine proximity to resources."
454f652e_01_01_05,"This column contains the names of the cities where the power plants are located, allowing users to analyze power generation by geographic region or investigate localized energy production."
454f652e_01_01_06,"This column contains the state in which the power plant is located, allowing users to analyze energy production by region or investigate state-specific regulations and environmental impacts."
454f652e_01_01_07,"This column contains the postal zip code for each power plant, which can be used to analyze plant locations, identify regional trends, or determine proximity to resources and population centers."
454f652e_01_01_08,"This column contains the phone numbers of the power plants, which can be used to contact them for inquiries, maintenance, or operational updates."
454f652e_01_01_09,"This column indicates the specific kind of power plant, allowing users to analyze and compare different energy generation technologies based on their characteristics."
454f652e_01_01_10,"This column indicates whether a power plant is currently operational, allowing users to analyze plant availability and potential energy production."
454f652e_01_01_11,"This column contains the name of the county where the power plant is located, allowing users to analyze power plant distribution and concentration across different geographic regions."
454f652e_01_01_12,"This column contains unique five-digit codes identifying each U.S. county, allowing users to analyze power plant data by geographic location."
454f652e_01_01_13,"This column contains the nation where the power plant is located, allowing users to analyze power generation by geographic region and identify trends across different countries."
454f652e_01_01_14,"This column contains the geographical coordinates of each power plant, allowing users to analyze plant locations in relation to other factors like population density, terrain, or environmental regulations."
454f652e_01_01_15,"This column contains the plant's geographic position on Earth, allowing users to analyze power generation distribution and identify potential locations for new facilities."
454f652e_01_01_16,"This column contains the North American Industry Classification System (NAICS) code for each power plant, allowing users to categorize and analyze power generation businesses by their specific industry sector."
454f652e_01_01_17,"This column contains detailed descriptions of a power plant's North American Industry Classification System (NAICS) code, allowing users to categorize and analyze power generation businesses based on their specific operations."
454f652e_01_01_18,"This column contains the type of energy source used by the power plant, allowing users to analyze energy production by source type and understand the composition of the energy mix."
454f652e_01_01_19,"This column contains the date each power plant generated electricity, allowing users to analyze power generation trends over time and understand historical production patterns."
454f652e_01_01_20,"This column indicates the specific method used for generating the power output values, allowing analysts to compare and evaluate the effectiveness of different generation techniques."
454f652e_01_01_21,"This column stores the date of each power plant's operational value, allowing users to analyze trends and patterns in energy production over time."
454f652e_01_01_22,"This column contains the URL of the power plant's official website, which analysts could use to gather information about the plant's operations, energy output, and environmental impact."
454f652e_01_01_23,"This column contains the name of the individual or company responsible for operating the power plant, which can be used to analyze operational efficiency, identify potential risks, or understand ownership structures."
454f652e_01_01_24,"This column contains unique identifiers for each operating entity within the power plant dataset, allowing users to track and analyze performance across different operators."
454f652e_01_01_25,"This column represents the generating capacity of a power plant in megawatts, allowing analysts to assess the potential power output and compare the capabilities of different facilities."
454f652e_01_01_26,"This column contains the cooling capacity of the power plant, allowing users to analyze its performance during hot weather and assess its ability to meet demand."
454f652e_01_01_27,"This column represents the maximum cooling capacity a power plant can achieve during winter conditions, allowing analysts to assess a plant's performance and suitability for cold-weather operations."
454f652e_01_01_28,"This column represents the planned production capacity of the power plant, allowing users to analyze the potential output and assess the plant's size relative to its operational goals."
454f652e_01_01_29,"This column represents the total installed capacity of power plants that have been retired, allowing analysts to assess the impact of plant closures on overall energy supply."
454f652e_01_01_30,"This column contains the generating capacity of a power plant, allowing users to analyze power production levels and assess plant performance."
454f652e_01_01_31,"This column contains the size of the power plant, allowing users to analyze power generation capacity and compare different facilities."
454f652e_01_01_32,"This column indicates the type of unit at a power plant, allowing analysts to understand the technology and capacity of each facility for comparison and evaluation."
454f652e_01_01_33,"This column contains the primary fuel source used by each power plant, and analysts would use this information to understand the operational characteristics and environmental impact of different energy generation facilities."
454f652e_01_01_34,"This column contains the primary fuel source used by each power plant, allowing analysts to investigate the correlation between fuel type and plant performance, emissions, or operational characteristics."
454f652e_01_01_35,"This column contains the amount of coal consumed by a power plant, allowing analysts to investigate the relationship between coal usage and other factors like electricity generation or environmental impact."
454f652e_01_01_36,"This column represents the amount of natural gas consumed by a power plant, allowing analysts to investigate the fuel source's impact on electricity generation and operational efficiency."
454f652e_01_01_37,"This column contains the amount of oil consumed by the power plant, allowing analysts to investigate factors influencing fuel consumption and optimize plant efficiency."
454f652e_01_01_38,"This column contains the amount of electricity generated by a power plant, allowing users to analyze energy production trends, assess plant performance, or predict future energy supply."
454f652e_01_01_39,"This column represents the average percentage of time a power plant was operating during a given period, allowing analysts to assess plant efficiency and identify potential operational issues."
454f652e_01_01_40,"This column contains information about the type of power generation technology used at each plant, allowing users to analyze trends in energy production methods and their associated efficiencies."
454f652e_01_01_41,"This column contains information about the type of fuel source used by the power plant, allowing analysts to investigate the relationship between fuel type and plant performance or emissions."
454f652e_01_01_42,"This column represents the number of electrical transmission lines, and analysts would use it to assess grid capacity, identify potential bottlenecks, or model the impact of new infrastructure projects."
454f652e_01_01_43,"This column contains the latitude coordinates of each power plant, allowing users to map their locations and analyze spatial patterns in energy production."
454f652e_01_01_44,"This column contains the longitude coordinates of the power plant's location, allowing users to map plant distribution and analyze spatial patterns in energy generation."
ed7873ad_01_01_01,"This column contains a unique numerical identifier for each record in the dataset, allowing users to track and reference specific port entries for analysis or reporting."
ed7873ad_01_01_02,"This column contains a unique identifier for each petroleum port, allowing users to track and analyze individual port records within the dataset."
ed7873ad_01_01_03,"This column contains the names of various petroleum ports, and users would utilize it to identify and locate specific port facilities within the dataset."
ed7873ad_01_01_04,"This column contains the state in which a petroleum port is located, allowing users to analyze port distribution and activity across different U.S. states."
ed7873ad_01_01_05,"This column indicates the specific kind of petroleum product being handled at the port, allowing users to analyze port activity by commodity type."
ed7873ad_01_01_06,"This column indicates the operational state of each port, allowing users to analyze port activity, identify potential disruptions, and assess overall maritime logistics."
ed7873ad_01_01_07,"This column contains the name of the county where a petroleum port is located, allowing users to analyze port distribution and concentration across different geographic regions."
ed7873ad_01_01_08,"This column contains unique numerical identifiers for each U.S. county, allowing users to link petroleum port data to specific geographic locations for analysis and mapping."
ed7873ad_01_01_09,"This column contains the name of the country where the petroleum port is located, allowing users to analyze port activity by geographic region."
ed7873ad_01_01_10,"This column contains the geographical coordinates of each port, allowing users to map port locations and analyze their distribution across a region."
ed7873ad_01_01_11,"This column contains the east-west position of each port, allowing users to map port locations and analyze spatial relationships within the petroleum industry."
ed7873ad_01_01_12,"This column contains the North American Industry Classification System code for each port, allowing users to categorize and analyze petroleum port businesses based on their specific industry activities."
ed7873ad_01_01_13,"This column contains detailed North American Industry Classification System descriptions of the businesses represented in the dataset, allowing users to categorize and analyze port operations by their specific industry type."
ed7873ad_01_01_14,"This column contains the origin of the data, allowing users to trace the source of information and assess its reliability or context within the Petroleum Ports dataset."
ed7873ad_01_01_15,"This column contains the date the data was originally sourced, allowing users to track the origin and potential age of the information within the dataset."
ed7873ad_01_01_16,"This column contains the method used to determine the value, allowing users to analyze and compare different valuation approaches within the petroleum port dataset."
ed7873ad_01_01_17,"This column contains the date of each transaction, allowing users to analyze trends and patterns in petroleum port activity over time."
ed7873ad_01_01_18,"This column contains the URL of each petroleum port's website, allowing users to access detailed information about the port's operations, facilities, and related services."
ed7873ad_01_01_19,"This column contains unique identifiers for each petroleum port, allowing users to categorize, analyze, and track data related to specific port locations within the dataset."
ed7873ad_01_01_20,"This column contains the name of the company operating each petroleum port, allowing users to analyze port activity by operator or investigate specific operational details."
ed7873ad_01_01_21,"This column contains a categorical variable representing the relative position of vessels within a port, allowing analysts to understand vessel traffic patterns and prioritize operations based on location."
ed7873ad_01_01_22,"This column represents the quantity of crude oil, measured in thousands of tons, and would be used to track and analyze crude oil shipments through petroleum ports."
ed7873ad_01_01_23,"This column contains the volume of crude oil, in thousands of barrels, that was shipped through a petroleum port, allowing analysts to track crude oil transportation volumes and assess port activity."
ed7873ad_01_01_24,"This column represents the quantity of gas, measured in thousands of tons, which is used to assess the volume of gas handled at petroleum ports."
ed7873ad_01_01_25,"This column contains the volume of liquefied petroleum gas (LPG) measured in thousands of barrels per liquid year (kbbls), allowing users to analyze LPG throughput at petroleum ports."
ed7873ad_01_01_26,"This column represents the quantity of kerosene measured in thousands of metric tons, allowing analysts to track fuel volumes and assess port activity related to kerosene shipments."
ed7873ad_01_01_27,"This column represents the volume of kerosene (in thousands of barrels) shipped through petroleum ports, allowing analysts to track kerosene trade flows and assess supply dynamics."
ed7873ad_01_01_28,"This column represents the quantity of petroleum products, measured in thousands of tons, which is used to analyze shipment volumes and assess port activity."
ed7873ad_01_01_29,"This column represents the volume of petroleum products, measured in thousands of barrels, that passed through a port, allowing analysts to track shipping activity and assess regional supply levels."
ed7873ad_01_01_30,"This column represents the residual quantity of petroleum measured in thousands of tons, allowing users to analyze the remaining volume of a petroleum product after a specific process or transaction."
ed7873ad_01_01_31,"This column contains the reported daily crude oil volume in thousands of barrels (kbbls) delivered, allowing analysts to track and analyze crude oil shipment volumes over time."
ed7873ad_01_01_32,"This column represents the quantity of lubricants handled in thousands of tons, allowing users to analyze lubricant throughput and assess port activity related to lubricant distribution."
ed7873ad_01_01_33,"This column represents the volume of lubricating oil, in thousands of barrels, that was handled at a petroleum port, allowing analysts to track lubricant trade and assess market demand."
ed7873ad_01_01_34,"This column represents the quantity of liquid petroleum products, specifically jelly, measured in thousands of tons, and would be used to analyze the volume of this product handled at a petroleum port."
ed7873ad_01_01_35,"This column contains the volume of crude oil delivered in kilobbls (thousands of barrels) by a specific vessel, allowing users to track and analyze crude oil shipments through petroleum ports."
ed7873ad_01_01_36,"This column represents the quantity of naphtha, measured in thousands of tons, and would be used to analyze naphtha production or consumption volumes within the petroleum port dataset."
ed7873ad_01_01_37,"This column represents the volume of naphtha, measured in thousands of barrels, which analysts would use to track and analyze naphtha supply and demand within the petroleum port network."
ed7873ad_01_01_38,"This column represents the quantity of asphalt produced, measured in thousands of tons, and is used to analyze asphalt production volumes and trends within petroleum ports."
ed7873ad_01_01_39,"This column represents the asphalt volume (in thousands of barrels) delivered through petroleum ports, allowing analysts to track asphalt supply and demand fluctuations within the port system."
ed7873ad_01_01_40,"This column represents the quantity of petroleum products transported in thousands of tons per week, allowing users to analyze shipping volumes and trends within the petroleum port network."
ed7873ad_01_01_41,"This column represents the volume of petroleum products, typically in thousands of barrels, and is used to analyze shipping quantities and port activity."
ed7873ad_01_01_42,"This column represents the quantity of liquefied petroleum gas, measured in metric tons, and would be used to analyze LPG production or trade volumes at petroleum ports."
ed7873ad_01_01_43,"This column contains the liquefied petroleum gas volume in thousands of barrels per day, allowing analysts to track LPG production and trade volumes at petroleum ports."
ed7873ad_01_01_44,"This column represents the quantity of miscellaneous petroleum products handled in thousands of tons, allowing users to analyze the volume of non-primary petroleum products moving through ports."
ed7873ad_01_01_45,"This column represents the volume of miscellaneous petroleum products, allowing users to analyze variations in non-standard shipments and their impact on overall port activity."
cec114d3_01_01_01,"This column holds a unique, persistent identifier for each record within the dataset, allowing users to track and reference specific features or entities within the data."
cec114d3_01_01_03,"This column contains a unique identifier for each object within the dataset, allowing users to track and reference specific items for analysis or retrieval."
cec114d3_01_01_04,"This column contains a unique identifier for each record, allowing users to track and differentiate individual entries within the dataset."
cec114d3_01_01_05,"This column contains the residential address of each individual, allowing users to analyze location patterns, demographics, or identify potential customers based on their location."
cec114d3_01_01_06,"This column contains supplemental address information, such as apartment numbers or building names, that can be used to refine location accuracy or provide more detailed geographic context."
cec114d3_01_01_07,"This column contains the name of the city, allowing users to analyze location-based trends or filter data by urban areas."
cec114d3_01_01_08,"This column contains the state where the event occurred, allowing users to analyze trends and patterns based on geographic location."
cec114d3_01_01_09,"This column contains postal zip codes, which can be used to analyze geographic patterns, segment customers, or determine shipping locations."
cec114d3_01_01_10,"This column contains four-digit zip codes, which can be used for geographic analysis, customer segmentation, and delivery route optimization."
cec114d3_01_01_11,"This column contains the name of the county, allowing users to analyze data by geographic location and understand regional trends."
cec114d3_01_01_12,"This column contains unique numerical identifiers representing U.S. counties, which can be used to link data to specific geographic locations and analyze county-level trends."
cec114d3_01_01_13,"This column contains National Association of Insurance Commissioners (NAIC) codes, which are used to classify and categorize insurance products for risk assessment and regulatory reporting."
cec114d3_01_01_14,North American Industry Classification System description
cec114d3_01_01_15,"This column contains the longitude coordinates of a location, allowing users to map and analyze spatial data."
cec114d3_01_01_16,"This column contains the latitude coordinates of a location, allowing users to map, analyze spatial data, or determine distances."
cec114d3_01_01_17,"This column contains geographic location data, which could be used to analyze patterns in spatial distribution or to map related information."
cec114d3_01_01_18,"This column contains geographic location data, likely representing a phone number's location, which could be used to determine a user's whereabouts or identify their service area."
cec114d3_01_01_19,"This column contains unique identifiers for states, allowing users to categorize and analyze data based on geographical location."
cec114d3_01_01_20,"This column contains unique identifiers for each transaction, allowing users to track and analyze individual financial events within the dataset."
cec114d3_01_01_21,"This column contains the hierarchical level of a data point, allowing users to categorize and analyze information based on its position within a system or organization."
cec114d3_01_01_22,"This column contains the professional field of study or expertise for each record, allowing users to analyze trends in specific medical specialties or identify patients with particular areas of focus."
cec114d3_01_01_23,"This column contains an Electronic Materials Supplier License number, which a business would use to verify their authorization to supply electronic materials."
cec114d3_01_01_24,"This column contains the first part of a unique identifier, likely used for tracking or referencing specific records within a dataset."
cec114d3_01_01_25,"This column contains unique identifiers for each transaction, allowing users to track and analyze individual financial events within the dataset."
cec114d3_01_01_26,"This column contains unique identifiers for genetic sequences, which researchers would use to track, analyze, and compare different genetic variations."
cec114d3_01_01_27,"This column contains a phone number likely used for emergency contact information, allowing users to quickly reach someone in need of assistance."
cec114d3_01_01_28,"This column contains telephone numbers, which can be used for contacting individuals or businesses."
cec114d3_01_01_29,"This column contains emergency phone numbers, which could be used to contact individuals or authorities during an emergency situation."
cec114d3_01_01_30,"This column contains information about the movement or route taken, allowing users to analyze and understand the sequence of actions or navigation paths within the dataset."
cec114d3_01_01_31,"This column contains the emergency title of the incident, allowing users to quickly identify the nature of the event and prioritize responses."
cec114d3_01_01_32,"This column contains the names of the entities in the dataset, which can be used for identification, categorization, or analysis based on individual identities."
cec114d3_01_01_33,"This column contains information about the user who owns the data, allowing users to identify the source or responsible party for the dataset."
29a5673e_01_01_01,"This column contains a unique numerical identifier for each public health department record, allowing users to track and differentiate individual agencies within the dataset."
29a5673e_01_01_02,"This column contains a unique identifier for each public health department, allowing users to track, reference, and analyze data specific to individual agencies."
29a5673e_01_01_03,"This column contains the names of public health departments, which can be used to identify and categorize different organizations responsible for public health services."
29a5673e_01_01_04,"This column contains the phone numbers of public health departments, which can be used for contacting them directly to inquire about services, report concerns, or obtain health information."
29a5673e_01_01_05,"This column contains the physical location of each public health department, which can be used for mapping, outreach, and understanding service areas."
29a5673e_01_01_06,"This column contains supplemental address information, such as apartment numbers or building names, which public health departments would use to precisely locate facilities and services within their jurisdiction."
29a5673e_01_01_07,"This column contains the name of the city where the public health department is located, and it would be used to analyze health trends and outcomes by geographic region."
29a5673e_01_01_08,"This column contains the name of each state, allowing users to analyze public health data by geographic location and identify trends or disparities across different states."
29a5673e_01_01_09,"This column contains the five-digit zip code for each location, allowing users to analyze public health data by geographic area and identify patterns related to specific populations or regions."
29a5673e_01_01_10,"This column contains unique postal codes for geographic locations, allowing users to analyze public health data by region or pinpoint specific areas of interest."
29a5673e_01_01_11,"This column contains the name of each county, allowing users to analyze public health data by geographic location and understand health trends within specific regions."
29a5673e_01_01_12,"This column contains unique numerical codes identifying geographic areas, primarily used for mapping and analyzing public health data by location."
29a5673e_01_01_13,"This column contains textual instructions for reaching a public health department, which could be used to analyze accessibility, optimize navigation routes, or understand how people seek services."
29a5673e_01_01_14,"This column contains the titles of emergency declarations issued by public health departments, allowing users to analyze patterns of public health emergencies and their impact over time."
29a5673e_01_01_15,"This column contains the name of the emergency telephone service provider used by the public health department, which can be used to track communication channels and service contracts."
29a5673e_01_01_16,"This column contains data on emergency medical services requests, allowing users to analyze patterns of healthcare needs and resource allocation within a specific geographic area."
29a5673e_01_01_17,"This column contains the date a contamination event was reported to the public health department, allowing users to track the timeline and spread of contamination incidents."
29a5673e_01_01_18,"This column contains information about the number of COVID-19 cases reported by public health departments, allowing users to track the spread of the virus and analyze public health trends."
29a5673e_01_01_19,"This column contains the date of a public health event, allowing users to analyze trends and patterns over time, such as disease outbreaks or intervention effectiveness."
29a5673e_01_01_20,"This column contains the method of transportation used for a reported case, allowing users to analyze disease spread patterns based on how people are moving."
29a5673e_01_01_21,"This column contains codes representing the specific health issue themes investigated by each public health department, allowing users to analyze trends and priorities across different health concerns."
29a5673e_01_01_22,"This column contains National Ambient Air Code System codes, which public health departments use to classify and track air quality data for public health monitoring and reporting."
29a5673e_01_01_23,"This column contains detailed descriptions of North American Industry Classification System (NAICS) codes, allowing users to categorize businesses by their industry sector for public health analysis and research."
29a5673e_01_01_24,"This column contains unique identifiers for geographic locations, allowing users to link public health data to specific locations for analysis and reporting."
29a5673e_01_01_25,"This column contains the number of reported cases of a specific disease or health condition within a particular public health department, allowing users to track disease prevalence and monitor public health interventions."
29a5673e_01_01_26,"This column represents the number of reported cases of a specific disease or health condition, allowing users to analyze disease trends and track public health interventions."
29a5673e_01_01_27,"This column contains the names of the vendors providing services to the public health department, allowing users to track and analyze the organizations they contract with."
29a5673e_01_01_28,"This column contains the version number of the public health system software, allowing users to track updates, compatibility, and potential bug fixes within their data management systems."
29a5673e_01_01_29,"This column contains geographic location data, allowing users to analyze public health trends and patterns by region."
29a5673e_01_01_30,"This column contains the geographic location of a phone number, allowing users to determine the public health department responsible for that area."
29a5673e_01_01_31,"This column indicates the quality control and assurance status of the data, allowing users to filter or analyze records based on their level of verification and accuracy."
29a5673e_01_01_32,"This column contains the URLs of public health department websites, which can be used to analyze their online presence, access health information, or investigate public health initiatives."
29a5673e_01_01_33,"This column contains a unique, hierarchical code identifying a specific public health department, allowing users to categorize and analyze health data by geographic location."
29a5673e_01_01_34,"This column contains unique identifiers assigned by the U.S. Geological Survey’s Geographic Names Information System (GNIS) for geographic features, allowing users to link public health data to specific locations for analysis and reporting."
29a5673e_01_01_35,"This column contains the original source of the data, allowing users to trace the origin of information and assess its reliability or potential biases."
29a5673e_01_01_36,"This column indicates the administrative level of the public health department, allowing users to analyze health data by geographic region, such as federal, state, or local levels."
29a5673e_01_01_37,"This column contains the total number of staff employed by each public health department, which can be used to analyze staffing levels and resource allocation within the public health system."
29a5673e_01_01_38,"This column indicates whether the public health department possesses specialized equipment, allowing users to assess the resources available for specific health programs and investigations."
29a5673e_01_01_39,"This column contains data on surveillance detections of specific diseases, allowing public health departments to track outbreaks, monitor disease trends, and inform public health interventions."
1039cbc9_01_01_01,"This column contains a unique numerical identifier for each observation in the dataset, allowing users to track and reference specific records within the Refract Abrasive Other Ind Min Ops data."
1039cbc9_01_01_02,"This column contains data representing the minimum operational hours for abrasive and other industrial mining operations, allowing analysts to assess production efficiency and identify potential bottlenecks."
1039cbc9_01_01_03,"This column contains the specific type of abrasive commodity being produced, allowing users to categorize and analyze production data by material type, such as aluminum oxide or silicon carbide."
1039cbc9_01_01_04,"This column contains the names of individual manufacturing sites, allowing users to identify and analyze operational data for specific facilities within the abrasive and industrial minerals industry."
1039cbc9_01_01_05,"This column contains the names of the companies represented in the dataset, allowing users to identify and analyze specific businesses within the abrasive and industrial minerals operations industry."
1039cbc9_01_01_06,"This column contains the specific state where the abrasive manufacturing operation is located, allowing users to analyze trends and distributions of these businesses across different states."
1039cbc9_01_01_07,"This column contains the name of the county where the abrasive manufacturing operation is located, allowing users to analyze trends and patterns by geographic region."
1039cbc9_01_01_08,"This column contains the geographical coordinates of the manufacturing facility, allowing users to analyze the spatial distribution of abrasive and industrial operations."
1039cbc9_01_01_09,"This column contains the geographical longitude coordinates of each operation, allowing users to analyze the spatial distribution of abrasive and industrial operations."
1039cbc9_01_01_10,"This column indicates the minimum operating time (in minutes) for each plant, allowing analysts to assess production efficiency and identify plants with the shortest operational periods."
bfd307c1_01_01_01,"This column contains a unique numerical identifier for each child care center record, allowing users to track and reference specific centers within the dataset."
bfd307c1_01_01_02,"This column contains a unique identifier for each child care center, allowing users to track, reference, and distinguish between individual facilities within the dataset."
bfd307c1_01_01_03,"This column contains the names of the child care centers, allowing users to identify and differentiate between individual facilities within the dataset."
bfd307c1_01_01_04,"This column contains the physical location of each child care center, allowing users to map them, determine proximity to clients, or analyze geographic distribution."
bfd307c1_01_01_05,"This column contains the city where each child care center is located, allowing users to filter and analyze centers by geographic region."
bfd307c1_01_01_06,"This column contains the state where the child care center is located, allowing users to analyze center distribution and identify regional trends."
bfd307c1_01_01_07,"This column contains the postal zip code for each child care center, allowing users to analyze center locations and identify patterns based on geographic distribution."
bfd307c1_01_01_08,"This column contains a five-digit zip code, allowing users to geographically analyze child care center locations and understand their distribution within specific areas."
bfd307c1_01_01_09,"This column contains the contact telephone number for each child care center, allowing users to reach out for inquiries, scheduling, or further information."
bfd307c1_01_01_10,"This column indicates the specific kind of child care center, allowing users to filter and analyze data based on center types like daycare, preschool, or after-school programs."
bfd307c1_01_01_11,"This column indicates whether the child care center is currently open and operating, allowing users to filter and analyze data based on the centers' active status."
bfd307c1_01_01_12,"This column contains the total number of people residing in the area surrounding a child care center, which can be used to assess the potential customer base and demand for services."
bfd307c1_01_01_13,"This column contains the county in which each child care center is located, allowing users to analyze center distribution and identify areas with high concentrations of services."
bfd307c1_01_01_14,"This column contains unique numerical codes identifying each county in the United States, allowing users to filter and analyze child care center data by geographic location."
bfd307c1_01_01_15,"This column contains the country where the child care center is located, allowing users to analyze center distribution and trends across different nations."
bfd307c1_01_01_16,"This column contains the geographic coordinates of each child care center, allowing users to map their locations and analyze their distribution across a region."
bfd307c1_01_01_17,"This column contains the geographic longitude coordinates of each child care center, allowing users to map their locations and analyze their distribution across a region."
bfd307c1_01_01_18,"This column contains the North American Industry Classification System code for each child care center, allowing users to categorize and analyze centers based on their specific services and business activities."
bfd307c1_01_01_19,"This column contains the North American Industry Classification System description for each child care center, allowing users to categorize and analyze centers based on their specific services and business activities."
bfd307c1_01_01_20,"This column indicates the origin of the child care center information, allowing users to analyze data based on whether it came from a directory, a website, a survey, or another source."
bfd307c1_01_01_21,"This column contains the date the child care center was sourced, allowing users to analyze trends in center acquisition over time or track the age of facilities in the dataset."
bfd307c1_01_01_22,"This column contains the specific method used for evaluating the child care center, allowing researchers to analyze the effectiveness of different assessment approaches."
bfd307c1_01_01_23,"This column stores the date of a valuation performed on a child care center, allowing analysts to track trends in center quality and performance over time."
bfd307c1_01_01_24,"This column contains the URL of each child care center’s website, which can be used to gather information about their services, hours, and contact details."
bfd307c1_01_01_25,"This column indicates the specific type of child care center, such as daycare, preschool, or after-school care, allowing users to categorize and analyze centers based on their services and focus."
2cb51201_01_01_01,"This column contains a unique numerical identifier for each landfill facility in the dataset, allowing users to track and reference specific facilities for analysis or reporting."
2cb51201_01_01_02,"This column contains a unique identifier for each solid waste landfill facility, allowing users to track, analyze, and compare different landfill sites based on their specific characteristics."
2cb51201_01_01_03,"This column contains the names of various solid waste landfill facilities, allowing users to identify and locate specific sites for research, analysis, or operational purposes."
2cb51201_01_01_04,"This column contains the physical location of each landfill facility, allowing users to map their distribution, analyze proximity to population centers, or determine transportation routes."
2cb51201_01_01_05,"This column contains the name of the city where the landfill facility is located, and it would be used to analyze landfill distribution across different urban areas or to identify facilities within specific municipalities."
2cb51201_01_01_06,"This column contains the state where the landfill facility is located, allowing users to analyze waste management trends and distribution by geographic region."
2cb51201_01_01_07,"This column contains the postal zip code for each landfill facility, allowing users to analyze waste management distribution by geographic location."
2cb51201_01_01_08,"This column contains a five-digit zip code, allowing users to pinpoint the precise location of a landfill facility for mapping, analysis, and proximity-based research."
2cb51201_01_01_09,"This column contains the contact telephone number for the landfill facility, allowing users to reach out for inquiries, directions, or operational information."
2cb51201_01_01_10,"This column holds the specific category of landfill facility, allowing users to filter and analyze data based on facility types like municipal, industrial, or hazardous waste."
2cb51201_01_01_11,"This column indicates the operational state of the landfill facility, allowing users to analyze landfill activity, identify potential issues, or track changes in facility operations."
2cb51201_01_01_12,"This column contains the name of the county where the landfill facility is located, allowing users to analyze waste management patterns and trends by geographic region."
2cb51201_01_01_13,"This column contains unique five-digit codes identifying each county in the United States, allowing users to analyze solid waste landfill facility locations by geographic region."
2cb51201_01_01_14,"This column contains the nation where the landfill facility is located, allowing users to analyze waste management practices and trends across different countries."
2cb51201_01_01_15,"This column contains the geographical coordinates of the landfill facility, allowing users to map their locations and analyze spatial distributions related to waste management."
2cb51201_01_01_16,"This column contains the geographical longitude coordinates of each landfill facility, allowing users to map their locations and analyze spatial distributions."
2cb51201_01_01_17,"This column contains the North American Industry Classification System (NAICS) code for each landfill facility, allowing users to categorize and analyze landfills based on their specific industry sector."
2cb51201_01_01_18,"This column contains a detailed description of the North American Industry Classification System (NAICS) code for each facility, allowing users to categorize and analyze landfill operations by their specific industry sector."
2cb51201_01_01_19,"This column contains the origin of the landfill facility information, allowing users to trace the data's source and assess its reliability for analysis and reporting."
2cb51201_01_01_20,"This column contains the date the waste was sourced, allowing users to analyze trends in waste generation, track facility operations over time, or investigate the origin of specific waste streams."
2cb51201_01_01_21,"This column contains the method used for valuation of the landfill, allowing users to analyze how different valuation approaches are applied in various landfill facilities."
2cb51201_01_01_22,"This column contains the date of a landfill facility's valuation, allowing users to analyze trends in landfill values over time or assess the historical performance of specific facilities."
2cb51201_01_01_23,"This column contains the URL of the landfill facility’s official website, which can be used to access information about operations, permitted waste types, and contact details."
2cb51201_01_01_24,"This column contains unique identification numbers for regulatory agencies, allowing users to filter and analyze landfill data by the specific jurisdiction responsible for oversight."
2cb51201_01_01_25,"This column contains the date when the landfill facility's status was recorded, allowing users to track changes in operational status over time and analyze trends in landfill activity."
2cb51201_01_01_26,"This column contains the name of the entity responsible for operating the landfill facility, and it would be used to analyze ownership structures and trends within the waste management industry."
2cb51201_01_01_27,"This column contains the date on which a landfill facility ceased operations, allowing users to analyze landfill lifespans, track trends in facility closures, and assess the evolution of waste management practices."
2cb51201_01_01_28,"This column contains the unique identification number assigned to a landfill facility’s operating permit, allowing users to track and manage permitted waste disposal sites."
1b442fb7_01_01_01,"This column contains a unique numerical identifier for each system operator record, allowing for precise tracking and referencing within the dataset."
1b442fb7_01_01_02,"This column contains a unique identifier for each Independent System Operator, allowing users to track and differentiate between various grid operators within the system."
1b442fb7_01_01_03,"This column contains the names of the Independent System Operators, which operators would use to identify and differentiate between various ISO entities within the dataset."
1b442fb7_01_01_04,"This column contains the physical location of each Independent System Operator, which can be used to map their operational areas, analyze regional grid dynamics, or facilitate communication and coordination."
1b442fb7_01_01_05,"This column contains the city where the Independent System Operator is located, which operators can be used to analyze regional grid operations and market dynamics."
1b442fb7_01_01_06,"This column contains the U.S. state in which the Independent System Operator (ISO) is located, allowing users to analyze ISO operations by geographic region."
1b442fb7_01_01_07,"This column contains the postal zip code for each system operator, which can be used to geographically locate them and analyze regional market trends."
1b442fb7_01_01_08,"This column contains the telephone numbers of the Independent System Operators, which operators would use to contact and communicate with relevant parties within the energy market."
1b442fb7_01_01_09,"This column indicates the nation where the Independent System Operator is located, allowing users to analyze and compare operations across different countries."
1b442fb7_01_01_10,"This column contains the North American Industry Classification System code for each system operator, allowing users to categorize and analyze them based on their specific industry sector."
1b442fb7_01_01_11,"This column contains detailed North American Industry Classification System descriptions of the businesses represented in the dataset, allowing users to analyze and categorize system operators by their specific industry sectors."
1b442fb7_01_01_12,"This column contains the origin of the system operation data, allowing users to trace the source of information for analysis and decision-making within the energy grid."
1b442fb7_01_01_13,"This column contains the date when the data was originally sourced, allowing users to track the timeline of market events and analyze historical trends within the energy market."
1b442fb7_01_01_14,"This column indicates the specific method used for value assessment, allowing analysts to compare and understand the approaches taken to determine system value."
1b442fb7_01_01_15,"This column contains the date of a valuation, allowing users to analyze system performance and trends over time."
1b442fb7_01_01_16,"This column contains the URLs of the websites for each Independent System Operator, which analysts can use to gather information about their operations, services, and market activities."
1b442fb7_01_01_17,"This column represents the maximum electricity demand recorded during a specific period, allowing analysts to understand system stress and plan for potential grid constraints."
1b442fb7_01_01_18,"This column represents the average electricity demand measured by the Independent System Operator, which can be used to forecast energy needs and manage grid operations."
1b442fb7_01_01_19,"This column contains the calendar year for each observation, allowing users to analyze system operator performance and trends over time."
1b442fb7_01_01_20,"This column contains the length of the transmission line, allowing operators to assess capacity and plan for potential congestion or optimize power flow within the grid."
1b442fb7_01_01_21,"This column contains the geographical area managed by the Independent System Operator, allowing users to analyze system operations based on spatial distribution and identify potential impacts across different regions."
69927cfe_01_01_01,"This column contains a unique identifier for each record in the dataset, allowing users to reference and link related information about sand and gravel operations."
69927cfe_01_01_02,"This column contains a unique numerical identifier for each row in the dataset, allowing users to track and reference specific sand and gravel operation records."
69927cfe_01_01_03,"This column represents the volume of sand and gravel excavated per day, allowing users to track production rates and assess operational efficiency for sand and gravel operations."
69927cfe_01_01_04,"This column contains the names of the companies involved in sand and gravel operations, allowing users to identify and analyze the different businesses within the industry."
69927cfe_01_01_05,"This column contains the names of the various sand and gravel operations, allowing users to identify and categorize different mining sites within the dataset."
69927cfe_01_01_06,"This column contains the name of the county where the sand and gravel operation is located, allowing users to analyze production by geographic region."
69927cfe_01_01_07,"This column contains the state where the sand and gravel operation is located, allowing users to analyze production and trends by geographic region."
69927cfe_01_01_08,"This column contains unique numerical identifiers for geographic areas, typically used to link data to specific counties or regions for analysis and reporting on sand and gravel operations."
69927cfe_01_01_09,"This column contains unique numerical codes representing each U.S. state, allowing users to analyze sand and gravel operation data by geographic location."
69927cfe_01_01_10,"This column contains the geographical coordinates of each sand and gravel operation, allowing users to map their locations and analyze spatial patterns related to resource distribution."
69927cfe_01_01_11,"This column contains the geographical longitude coordinates of each sand and gravel operation, allowing users to map their locations and analyze spatial patterns."
69927cfe_01_01_12,"This column indicates the type of operation being performed, allowing users to categorize and analyze sand and gravel activities such as excavation, hauling, or processing."
69927cfe_01_01_13,"This column contains the type of material being extracted, such as sand or gravel, allowing users to categorize and analyze operations based on their primary product."
53feabf9_01_01_01,"This column contains a unique numerical identifier for each oil and gas field object, allowing users to track and reference individual fields within the dataset."
53feabf9_01_01_02,"This column contains unique identifiers for oil and gas fields, allowing users to track and analyze specific field production data."
53feabf9_01_01_03,"This column contains the unique names of the oil and gas fields, allowing users to identify and differentiate between individual production sites within the dataset."
53feabf9_01_01_04,"This column indicates the specific geological type of the oil and gas field, allowing users to analyze and compare fields based on their underlying rock formations and potential production characteristics."
53feabf9_01_01_05,"This column contains the nation where the oil and gas field is located, allowing users to analyze production and resource distribution by geographic region."
53feabf9_01_01_06,"This column contains the North American Industry Classification System code, allowing users to categorize oil and gas fields by their specific industry sector and analyze trends within those sectors."
53feabf9_01_01_07,"This column contains detailed North American Industry Classification System descriptions, allowing users to categorize oil and gas fields by their specific business activities and analyze industry trends."
53feabf9_01_01_08,"This column indicates the origin of the oil and gas field data, allowing users to filter or analyze information based on its source, such as government reports, academic studies, or industry databases."
53feabf9_01_01_09,"This column contains the date each oil and gas field was sourced, allowing users to analyze production trends and historical development over time."
53feabf9_01_01_10,"This column contains the method used to evaluate the oil and gas field, allowing users to analyze and compare results based on the specific assessment technique employed."
53feabf9_01_01_11,"This column contains the date of each oil and gas field valuation, allowing users to analyze trends and performance over time."
53feabf9_01_01_12,"The ‘play’ column contains a numerical score representing the likelihood of a well producing oil, and analysts would use this data to assess the potential profitability of drilling projects."
53feabf9_01_01_13,"This column contains the type of oil being traded, allowing users to analyze price trends and market dynamics for different oil grades."
53feabf9_01_01_14,"This column contains data representing the production rate of oil, allowing users to analyze oilfield output and monitor production trends."
53feabf9_01_01_17,"This column contains the percentage of gas in the oil, and someone would use it to analyze the composition of oil and gas fields for production optimization and resource evaluation."
53feabf9_01_01_20,"This column contains the geographical location of the oil and gas field, allowing users to analyze production trends and resource distribution by region."
53feabf9_01_01_21,"The column contains a textual representation of the spatial relationship between two oil and gas fields, allowing users to analyze and understand the proximity and connectivity of these fields within a geological context."
53feabf9_01_01_22,"This column contains the length of oil and gas fields, allowing users to analyze and compare the size of different fields for exploration and production purposes."
53feabf9_01_01_23,"This column contains the area of oil and gas fields, allowing users to analyze the size of potential reserves and assess their economic viability."
c4581794_01_01_01,"This column contains a unique numerical identifier for each object in the dataset, allowing users to track and reference specific assets within the ferrous metal process plants."
c4581794_01_01_03,"This column contains the names of various ferrous metal processing plant locations, which can be used to identify, categorize, and analyze different facilities within the dataset."
c4581794_01_01_04,"This column contains the names of various companies involved in ferrous metal processing, and users would leverage this data to analyze industry trends, identify key players, or categorize plants based on their owning organization."
c4581794_01_01_05,"This column contains information about the operational status of the ferrous metal processing plant, allowing users to analyze plant performance and identify potential issues or maintenance needs."
c4581794_01_01_06,"This column contains the administrative region where the plant is located, allowing users to analyze trends and patterns across different counties within the ferrous metal processing industry."
c4581794_01_01_07,"This column contains the plant's geographical location expressed as degrees, allowing users to visualize plant distribution, analyze regional trends, and potentially identify areas with specific resource availability or regulatory environments."
c4581794_01_01_08,"This column contains the plant's geographical longitude, allowing users to map and analyze the spatial distribution of ferrous metal processing facilities."
c4581794_01_01_09,"This column contains the name of the mine where the ferrous metal processing plant is located, allowing users to analyze plant distribution and relationships to specific ore sources."
c4581794_01_01_10,"This column contains the type of commodity being processed at the ferrous metal plant, allowing users to analyze production volumes and identify key materials handled."
b5a1d39a_01_01_01,"This column contains a unique identifier for each record in the dataset, allowing users to link related information and track specific agricultural mineral operations."
b5a1d39a_01_01_02,"This column contains a unique numerical identifier for each record in the dataset, allowing users to easily reference and track individual agricultural mineral operations."
b5a1d39a_01_01_03,"This column contains the total quantity of fertilizer sold by the agricultural mineral operations, allowing users to analyze fertilizer sales trends and assess the needs of the agricultural sector."
b5a1d39a_01_01_04,"This column contains the type of agricultural product being traded, allowing users to analyze trends in specific crops or minerals like potash or phosphate."
b5a1d39a_01_01_05,"This column contains the names of individual agricultural mineral operations, allowing users to identify and analyze specific mining sites within the dataset."
b5a1d39a_01_01_06,"This column contains the names of the companies involved in agricultural mineral operations, allowing users to identify and analyze the different businesses within the dataset."
b5a1d39a_01_01_07,"This column contains the two-letter ISO state code, allowing users to analyze mineral operations by geographic location and identify trends across different states."
b5a1d39a_01_01_08,"This column contains the name of each county where agricultural mineral operations are recorded, allowing users to analyze trends and patterns by geographic location."
b5a1d39a_01_01_09,"This column contains the geographical coordinates of each operation, allowing users to map and analyze agricultural mineral activities across different locations."
b5a1d39a_01_01_10,"This column contains the geographical coordinates of each operation, allowing users to map and analyze agricultural mineral activities across a spatial area."
b5a1d39a_01_01_11,"This column contains the amount of plant nutrients, such as nitrogen, phosphorus, and potassium, applied to crops during agricultural operations, allowing users to track and analyze fertilizer usage for yield optimization and crop health."
443ff20b_01_01_01,"This column contains a unique numerical identifier for each hospital record, allowing users to track and reference individual hospitals within the dataset."
443ff20b_01_01_02,"This column contains a unique identifier for each hospital record, allowing users to track, reference, and distinguish individual hospitals within the dataset."
443ff20b_01_01_03,"This column contains the names of hospitals, and users would utilize it to identify and differentiate between various healthcare facilities."
443ff20b_01_01_04,"This column contains the physical location of each hospital, and it would be used for mapping, locating facilities, and analyzing hospital distribution."
443ff20b_01_01_05,"This column contains the city where each hospital is located, allowing users to analyze hospital distribution and identify healthcare facilities by geographic region."
443ff20b_01_01_06,"This column contains the state where each hospital is located, allowing users to analyze hospital distribution and trends across different regions."
443ff20b_01_01_07,"This column contains the postal zip code for each hospital, allowing users to analyze hospital locations and potentially identify clusters or patterns based on geographic distribution."
443ff20b_01_01_08,"This column contains a five-digit zip code, allowing users to analyze hospital locations and identify patient populations based on geographic areas."
443ff20b_01_01_09,"This column contains the phone numbers of the hospitals, which can be used for contacting them directly or for locating them geographically."
443ff20b_01_01_10,"This column indicates the specific kind of hospital, allowing users to analyze hospital types for research, comparisons, or to understand the characteristics of different healthcare facilities."
443ff20b_01_01_11,"This column indicates whether a hospital is currently operational, allowing users to analyze hospital availability and capacity for patient care."
443ff20b_01_01_12,"This column contains the total population figures for each hospital's service area, allowing analysts to investigate the potential demand for healthcare services based on local demographics."
443ff20b_01_01_13,"This column contains the county in which each hospital is located, allowing users to analyze hospital distribution and healthcare access across different geographic regions."
443ff20b_01_01_14,"This column contains unique numerical codes identifying each U.S. county, allowing users to analyze hospital data by geographic location and understand healthcare distribution across different regions."
443ff20b_01_01_15,"This column contains the country where each hospital is located, allowing users to analyze hospital distribution and healthcare trends across different nations."
443ff20b_01_01_16,"This column contains the geographical coordinates of each hospital, allowing users to map hospital locations and analyze their distribution across different regions."
443ff20b_01_01_17,"This column contains the geographical longitude coordinates of each hospital, allowing users to map hospital locations and analyze spatial distributions."
443ff20b_01_01_18,"This column contains the North American Industry Classification System code for each hospital, allowing users to categorize and analyze hospitals based on their specific medical services and specialties."
443ff20b_01_01_19,"This column contains a detailed description of the hospital’s primary industry classification code (NAICS), allowing users to analyze hospital types and their characteristics within broader economic sectors."
443ff20b_01_01_20,"This column contains the original source of the patient's information, allowing users to trace the data's origin and assess its reliability."
443ff20b_01_01_21,"This column contains the date the data was sourced from, allowing users to track the origin and timeliness of hospital information."
443ff20b_01_01_22,"This column indicates the specific validation method employed during the model's development, allowing researchers to analyze the effectiveness of different approaches for assessing model performance."
443ff20b_01_01_23,"This column contains the date of a patient's visit to the hospital, allowing users to analyze trends in healthcare utilization over time or track patient outcomes based on their admission dates."
443ff20b_01_01_24,"This column contains the URL addresses of each hospital's official website, which can be used to gather information about their services, locations, and patient reviews."
443ff20b_01_01_25,"This column contains a unique numerical identifier for each state, allowing users to analyze hospital data by geographic location and identify trends or disparities across different states."
443ff20b_01_01_26,"The `alt_name` column contains alternative names for hospitals, which can be used to improve search accuracy and disambiguate records with different primary names."
443ff20b_01_01_27,"This column contains the five-digit FIPS code for each hospital, which can be used to identify and locate hospitals geographically and link them to other datasets based on location."
443ff20b_01_01_28,"This column contains the name of the entity that owns the hospital, which can be used to analyze hospital ownership structures and affiliations."
443ff20b_01_01_29,"This column represents the total number of staff members employed at a hospital, and it can be used to analyze staffing levels across different healthcare facilities or to investigate the relationship between staff size and patient outcomes."
443ff20b_01_01_30,"This column represents the number of hospital beds available, and it would be used to analyze hospital capacity, predict patient demand, or assess resource allocation."
443ff20b_01_01_31,"This column indicates whether a patient’s visit was associated with a traumatic injury, allowing researchers to analyze the prevalence and characteristics of trauma cases within a hospital’s patient population."
443ff20b_01_01_32,"This column indicates whether a hospital has a helipad for helicopter access, allowing users to identify facilities with this critical landing infrastructure."
b9f39dc9_01_01_01,"This column contains a unique numerical identifier for each venue in the dataset, allowing users to reference and track specific venues within the collection."
b9f39dc9_01_01_02,"This column contains a unique identifier for each sports venue, allowing users to link venue information with other data points and analyze venue characteristics."
b9f39dc9_01_01_03,"This column contains the names of various sports venues, allowing users to identify and locate specific arenas and stadiums for research, analysis, or event planning."
b9f39dc9_01_01_04,"This column contains the physical location of each sports venue, allowing users to map, locate, and analyze venues based on their geographic distribution."
b9f39dc9_01_01_05,"This column contains the name of the city where the sport venue is located, allowing users to filter or group venues by location."
b9f39dc9_01_01_06,"This column contains the state in which a major sport venue is located, allowing users to filter and analyze venues by geographic region."
b9f39dc9_01_01_07,"This column contains the postal code for each venue, allowing users to filter and locate sports arenas based on geographic location."
b9f39dc9_01_01_08,"This column contains a five-digit zip code, allowing users to pinpoint the precise geographic location of a sports venue for mapping, proximity analysis, or demographic targeting."
b9f39dc9_01_01_09,"This column contains the phone number for each sports venue, allowing users to contact the venue directly for inquiries, directions, or event information."
b9f39dc9_01_01_10,"This column indicates the kind of venue, such as stadium, arena, or field, allowing users to categorize and filter sports venues based on their specific function."
b9f39dc9_01_01_11,"This column indicates whether a venue is currently operational, under construction, or otherwise unavailable for use, allowing users to filter and analyze venues based on their current state."
b9f39dc9_01_01_12,"This column contains the population figures for each sport venue, allowing users to analyze the size of venues and their potential impact on surrounding communities."
b9f39dc9_01_01_13,"This column contains the name of the county in which the sports venue is located, allowing users to filter and analyze venues by geographic region."
b9f39dc9_01_01_14,"This column contains unique five-digit codes identifying each county in the United States, allowing users to link venue locations to specific geographic regions for analysis and mapping."
b9f39dc9_01_01_15,"This column contains the nation where the sport venue is located, allowing users to filter or analyze venues by geographic region."
b9f39dc9_01_01_16,"This column contains the geographical coordinates of each venue, allowing users to map and analyze the locations of major sports arenas."
b9f39dc9_01_01_17,"This column contains the east-west coordinates of each venue, allowing users to map the locations of sports arenas and stadiums on a geographic map."
b9f39dc9_01_01_18,"This column contains the North American Industry Classification System (NAICS) code for each venue, allowing users to categorize and analyze sports venues based on their primary industry sector."
b9f39dc9_01_01_19,"This column contains the North American Industry Classification System description for the venue, allowing users to categorize and analyze venues based on their primary business activities."
b9f39dc9_01_01_20,"This column contains the original source of the venue information, allowing users to trace the data's origin and assess its reliability."
b9f39dc9_01_01_21,"This column contains the date the venue information was originally sourced, allowing users to track the origin and potential reliability of the data."
b9f39dc9_01_01_22,"This column contains the method used to determine the venue's value, allowing users to analyze venue valuations based on different assessment techniques."
b9f39dc9_01_01_23,"This column contains the date when a specific sports venue was established or last updated, allowing users to analyze venue age, trends in construction, or changes over time."
b9f39dc9_01_01_24,"This column contains the full name of the sports venue, allowing users to identify and locate specific arenas and stadiums within the dataset."
b9f39dc9_01_01_25,"This column contains the full name of the venue where a sporting event takes place, allowing users to identify and locate specific stadiums and arenas."
b9f39dc9_01_01_26,"This column contains the previous name of a sports venue, allowing users to track changes in venue names over time for historical analysis or venue research."
b9f39dc9_01_01_27,"This column contains the year the venue was changed or constructed, allowing users to analyze trends in sports venue development over time."
6796b9aa_01_01_01,"This column contains a unique numerical identifier for each well record, allowing users to track and reference specific wells within the dataset."
6796b9aa_01_01_02,"This column contains a unique identifier for each well, allowing users to track and reference specific wells within the dataset for analysis and investigation."
6796b9aa_01_01_03,"This column contains the unique identifier and descriptive name of each oil and natural gas well, allowing users to easily distinguish and reference individual wells within the dataset."
6796b9aa_01_01_04,"This column contains the names of the U.S. states where oil and natural gas wells are located, allowing users to analyze production data by geographic region."
6796b9aa_01_01_05,"This column indicates the specific kind of well, allowing users to categorize and analyze data based on well type for insights into production, geological characteristics, or operational strategies."
6796b9aa_01_01_06,"This column indicates the operational state of the well, allowing users to analyze well productivity, identify potential issues, and track changes in production over time."
6796b9aa_01_01_07,"This column contains the name of the county where the oil and natural gas well is located, allowing users to analyze production data by geographic region."
6796b9aa_01_01_08,"This column contains unique numerical codes identifying each county in the United States, allowing users to analyze oil and natural gas well data by geographic location."
6796b9aa_01_01_09,"This column contains the nation where the oil and natural gas well is located, allowing users to analyze production and trends by geographic region."
6796b9aa_01_01_10,"This column contains the geographical coordinates of each well, allowing users to map well locations and analyze spatial distributions related to oil and gas production."
6796b9aa_01_01_11,"This column contains the geographical longitude coordinates of each well, allowing users to map well locations and analyze spatial distributions within the oil and natural gas field."
6796b9aa_01_01_12,"This column contains the North American Industry Classification System (NAICS) code for each well, allowing users to categorize wells by industry sector and analyze trends within specific energy-related industries."
6796b9aa_01_01_13,"This column contains detailed North American Industry Classification System descriptions of the businesses associated with each oil and natural gas well, allowing users to analyze well data by industry sector."
6796b9aa_01_01_14,"This column contains the type of source from which the oil and natural gas was extracted, allowing users to analyze production by origin and understand regional variations in resource availability."
6796b9aa_01_01_15,"This column contains the date each oil and natural gas well was sourced, allowing users to analyze production trends over time or investigate the historical development of specific wells."
6796b9aa_01_01_16,"This column contains the method used to estimate the well's production, allowing analysts to compare and evaluate different estimation techniques."
6796b9aa_01_01_17,"This column contains the date on which a well was evaluated, allowing users to track the timeline of well assessments and analyze trends over time."
6796b9aa_01_01_18,"This column contains the URL of the oil and natural gas well's associated website, allowing users to access further information about the well, its operator, and related data."
6796b9aa_01_01_19,"This column contains a unique identifier for each oil and natural gas well, allowing users to track and analyze individual wells within the dataset."
6796b9aa_01_01_20,"This column contains the American Petroleum Institute (API) gravity measurement, which is used to determine the density and volume of crude oil and natural gas."
6796b9aa_01_01_21,"This column contains the unique identification number assigned to each oil and natural gas well permit, allowing users to track and analyze well development projects based on their regulatory approvals."
6796b9aa_01_01_22,"This column contains the name of the company that owns and operates the oil and natural gas well, allowing users to analyze production trends by operator or investigate specific drilling activities."
6796b9aa_01_01_23,"This column contains unique identifiers for the companies operating the oil and natural gas wells, allowing analysts to investigate production trends and performance by operator."
6796b9aa_01_01_24,"This column contains the type of production fluid, such as oil, natural gas, or a combination, allowing users to analyze the composition of well output and understand production characteristics."
6796b9aa_01_01_25,"This column specifies the type of coordinate system used for each well's location, allowing users to understand the precision and format of the spatial data."
6796b9aa_01_01_26,"This column contains the latitude coordinates of the surface location of oil and natural gas wells, allowing users to map well locations and analyze spatial distributions."
6796b9aa_01_01_27,"This column contains the longitude coordinates of the surface location of oil and natural gas wells, allowing users to map well locations and analyze spatial distributions."
6796b9aa_01_01_28,"This column contains the latitude coordinates of the oil and natural gas well's location, allowing users to map well distributions and analyze spatial relationships."
6796b9aa_01_01_29,"This column contains the longitudinal coordinate of the well's location, allowing users to analyze well distribution and spatial relationships within a geographic area."
6796b9aa_01_01_30,"This column indicates the spatial relationship between two wells, allowing users to analyze the proximity, connectivity, or orientation of wells within a geological dataset for tasks like reservoir characterization or infrastructure planning."
6796b9aa_01_01_31,"This column contains the names of individual oil and natural gas wells, allowing users to identify and analyze specific drilling locations within the dataset."
6796b9aa_01_01_32,"The `compdate` column stores the date of the completion of an oil or natural gas well, allowing analysts to track well development timelines, identify trends in completion dates, and potentially correlate completion timing with production rates."
6796b9aa_01_01_33,"The `totdepth` column represents the total depth of a well in feet, and it would be used to analyze drilling depths, geological formations encountered, and overall well construction characteristics."
b5ef0aa5_01_01_01,"This column contains a unique numerical identifier for each ethanol plant record, allowing users to track and reference specific plants within the dataset."
b5ef0aa5_01_01_02,"This column contains a unique identifier for each ethanol plant, allowing users to track and analyze data specific to individual facilities within the dataset."
b5ef0aa5_01_01_03,"This column contains the unique names of the ethanol plants included in the dataset, allowing users to identify and differentiate between individual facilities for analysis and comparison."
b5ef0aa5_01_01_04,"This column contains the physical location of each ethanol plant, and users would leverage this information for mapping, analyzing regional production trends, or determining proximity to raw materials."
b5ef0aa5_01_01_05,"The column contains supplemental address information, allowing users to refine location searches and analyze plant distribution patterns beyond just the primary street address."
b5ef0aa5_01_01_06,"This column contains the names of the cities where the ethanol plants are located, allowing users to analyze plant distribution and regional trends."
b5ef0aa5_01_01_07,"This column contains the names of the U.S. states where ethanol plants are located, allowing users to analyze ethanol production by geographic region."
b5ef0aa5_01_01_08,"This column contains postal zip codes, which can be used to geographically analyze ethanol plant locations and understand their distribution across different regions."
b5ef0aa5_01_01_09,"This column contains the four-digit zip code segment, which can be used to refine geographic analysis of ethanol plant locations and understand their distribution across regions."
b5ef0aa5_01_01_10,"This column contains contact telephone numbers for the ethanol plants, which can be used to reach them for inquiries, data requests, or potential business relationships."
b5ef0aa5_01_01_11,"This column indicates the specific type of ethanol plant, allowing users to analyze and compare production methods and efficiencies across different plant categories."
b5ef0aa5_01_01_12,"This column indicates the operational state of each ethanol plant, allowing users to analyze production trends, identify potential issues, or segment plants based on their activity level."
b5ef0aa5_01_01_13,"This column contains the total number of people residing in each ethanol plant, allowing users to analyze population density and its relationship to production levels."
b5ef0aa5_01_01_14,"This column contains the name of the county where the ethanol plant is located, allowing users to analyze production trends by geographic region."
b5ef0aa5_01_01_15,"This column contains unique numerical identifiers for each county in the United States, allowing users to geographically analyze ethanol plant locations and relate them to specific regions."
b5ef0aa5_01_01_16,"This column contains the name of the country where the ethanol plant is located, allowing users to analyze ethanol production by geographic region."
b5ef0aa5_01_01_17,"This column contains the geographical coordinates of each ethanol plant, allowing users to analyze their distribution across different regions and potentially identify patterns related to production or market access."
b5ef0aa5_01_01_18,"This column contains the geographic coordinates of each ethanol plant, allowing users to map their locations and analyze distribution patterns."
b5ef0aa5_01_01_19,"This column contains the North American Industry Classification System (NAICS) code for each ethanol plant, allowing users to categorize and analyze the industry based on specific production processes."
b5ef0aa5_01_01_20,"This column contains detailed North American Industry Classification System (NAICS) descriptions for each ethanol plant, allowing users to categorize and analyze the industry based on specific production processes and products."
b5ef0aa5_01_01_21,"This column contains the origin of the ethanol, allowing users to analyze production by source type, such as corn, barley, or sugarcane, to understand feedstock preferences and regional variations in ethanol production."
b5ef0aa5_01_01_22,"This column contains the date each ethanol plant sourced its corn, allowing users to analyze production trends, identify key sourcing regions, and understand the supply chain for ethanol production."
b5ef0aa5_01_01_23,"This column contains the method used to evaluate the model's performance, allowing users to analyze and compare different validation approaches."
b5ef0aa5_01_01_24,"This column contains the date of validation runs for the ethanol plants, allowing users to analyze performance trends over time and assess the impact of changes or improvements."
b5ef0aa5_01_01_25,"This column contains the URL addresses of the ethanol plants in the dataset, allowing users to access and learn more about each individual facility."
b5ef0aa5_01_01_26,"This column contains unique identification codes for ethanol plants, allowing users to track and analyze specific facilities within the dataset."
b5ef0aa5_01_01_27,"This column contains the names of the individuals or entities that own the ethanol plants in the dataset, allowing users to analyze ownership structures and identify key stakeholders within the industry."
b5ef0aa5_01_01_28,"This column contains a categorical label indicating the relative position of a plant within a field, allowing users to analyze spatial relationships and patterns in ethanol plant locations."
b5ef0aa5_01_01_29,"The column contains the plant's paddle diameter, which producers would use to assess plant size and potentially optimize fermentation processes."
b5ef0aa5_01_01_30,"This column contains the North American Industry Classification System (NAICS) code for each ethanol plant, allowing users to categorize and analyze the industry based on its specific production processes."
b5ef0aa5_01_01_32,"This column contains the headquarters phone number for each ethanol plant, which can be used to contact the plant's management or operations team."
b5ef0aa5_01_01_33,"This column represents the current production capacity of ethanol plants, allowing analysts to assess the overall scale of the industry and potential for future growth."
b5ef0aa5_01_01_34,"This column contains the unique identifier for each ethanol plant, allowing users to track and analyze individual facilities within the dataset."
b5ef0aa5_01_01_35,"This column contains projected corn ethanol production capacity in gallons, allowing analysts to assess the potential scale of future biofuel production and evaluate market opportunities."
b5ef0aa5_01_01_36,"This column contains the type of agricultural material, such as corn or wheat, used as the primary input for ethanol production, allowing analysts to investigate the impact of different feedstocks on production yields and efficiency."
b5ef0aa5_01_01_37,"This column contains information about the type of fermentation platform used in the ethanol production process, allowing users to analyze the impact of different platform technologies on yield and efficiency."
b5ef0aa5_01_01_38,"This column contains the name of the railroad company associated with each ethanol plant, allowing analysts to investigate transportation networks and logistical connections within the industry."
b5ef0aa5_01_01_39,"This column contains unique identifiers for each ethanol plant, allowing users to track and analyze data specific to individual facilities within the dataset."
b5ef0aa5_01_01_40,"This column contains unique identifiers for ethanol plants, allowing users to track and analyze specific facilities within the dataset."
b5ef0aa5_01_01_41,"This column contains the amount of protein in the corn grain, and researchers would use it to analyze the relationship between protein content and yield or other factors within the ethanol production process."
24687509_01_01_01,"This column contains a unique identifier for each record, allowing users to reference and track specific instances within the construction minerals operations dataset."
24687509_01_01_02,"This column contains a unique numerical identifier for each record in the dataset, allowing users to easily reference and track individual construction mineral operations."
24687509_01_01_03,"This column contains the primary operation type for a mining operation, allowing users to categorize and analyze different types of mineral extraction activities."
24687509_01_01_04,"This column contains the type of mineral being extracted, allowing users to analyze production volumes and trends by material like limestone or gravel."
24687509_01_01_05,"This column contains the names of individual construction mineral operation sites, allowing users to identify and analyze specific locations where materials like stone or aggregate are extracted."
24687509_01_01_06,"This column contains the names of the companies involved in the construction minerals industry, allowing users to identify and categorize different operators within the dataset."
24687509_01_01_07,"This column contains the state where the construction mineral operation is located, allowing users to analyze operational distribution and geographic trends within the industry."
24687509_01_01_08,"This column contains the name of the county where the construction mineral operation is located, allowing users to analyze trends and distributions of these operations across different geographic regions."
24687509_01_01_09,"This column contains the geographical coordinates of the operation, allowing users to visualize locations on a map and analyze spatial patterns related to construction mineral extraction."
24687509_01_01_10,"This column contains the geographical coordinates of the operation, allowing users to map and analyze the spatial distribution of construction mineral sites."
24687509_01_01_11,"This column contains the type of mineral being produced at a construction minerals operation, allowing users to analyze production volumes and identify key mineral outputs."
8fef1973_01_01_01,"This column contains a unique identifier for each object in the dataset, allowing users to track and reference individual instances within the collection."
8fef1973_01_01_02,"This column contains a unique identifier for each generated unit, allowing users to track and reference individual instances within the dataset."
8fef1973_01_01_03,"This column stores the unique identifier for each generated unit, allowing users to easily track and reference individual instances within the dataset."
8fef1973_01_01_04,"This column contains the names of the cities where the generated units are located, allowing users to analyze or filter data based on geographic location."
8fef1973_01_01_05,"This column contains the geographical location of each generated unit, allowing users to analyze trends and patterns based on location."
8fef1973_01_01_06,"This column contains postal zip codes, which can be used to geographically locate addresses and analyze spatial patterns within the dataset."
8fef1973_01_01_07,"This column indicates the specific category of generated unit, allowing users to filter and analyze data based on the type of entity being created."
8fef1973_01_01_08,"This column indicates whether a generated unit is active or inactive, allowing users to filter and analyze only the units currently in a functional state."
8fef1973_01_01_09,"This column contains the name of the country associated with each data point, allowing users to analyze trends and patterns by geographic location."
8fef1973_01_01_10,"This column contains the North American Industry Classification System code, allowing users to categorize and analyze businesses based on their industry sector."
8fef1973_01_01_11,"This column contains detailed North American Industry Classification System descriptions, allowing users to categorize businesses by their primary industry sector and analyze industry trends."
8fef1973_01_01_12,"This column indicates the origin of the generated data point, allowing users to track and analyze the source of information for further investigation or filtering."
8fef1973_01_01_13,"This column contains the date the unit was sourced, allowing users to track the origin and timeline of each unit within the dataset."
8fef1973_01_01_14,"This column contains the name of the plant species, allowing users to categorize and analyze data based on plant types."
8fef1973_01_01_15,"This column contains unique identifiers for different plant species, allowing users to categorize and analyze data based on specific plant types."
8fef1973_01_01_16,"This column contains the type of operation performed, allowing users to categorize and analyze the actions taken within the dataset."
8fef1973_01_01_17,"This column contains unique identifiers for each operational unit, allowing users to track and differentiate between individual units within the dataset."
8fef1973_01_01_18,"This column represents the capacity of a generated unit, allowing users to understand the scale or size of each individual output produced by the system."
8fef1973_01_01_19,"This column indicates whether a product is a summer cap, allowing users to filter or analyze products based on their seasonal suitability."
8fef1973_01_01_20,"This column indicates whether a generated unit possesses a winter cap, allowing users to filter or analyze data based on the presence of this specific feature."
8fef1973_01_01_21,"This column contains the primary fuel source used by a generated unit, allowing users to analyze and filter units based on their energy requirements and operational characteristics."
8fef1973_01_01_22,"This column contains the amount of fuel consumed by a vehicle during a particular transaction, allowing users to analyze fuel efficiency trends and identify potential issues with vehicle performance."
8fef1973_01_01_23,"This column contains the type of fuel used in a specific second-stage fuel system, allowing users to analyze fuel consumption patterns and their relationship to system performance."
8fef1973_01_01_24,"This column contains the amount of fuel consumed by a vehicle during a particular transaction, allowing users to analyze fuel efficiency trends and identify potential issues with vehicle performance."
8fef1973_01_01_25,"This column contains the primary MVR value, which can be used to categorize and analyze the characteristics of generated units within a dataset."
8fef1973_01_01_26,"This column stores the date each run was executed, allowing users to analyze trends and patterns over time."
8fef1973_01_01_27,"This column contains the date each unit was generated, allowing users to analyze trends and patterns over time."
f37c3187_01_01_01,"This column contains a unique numerical identifier for each substation, allowing users to track and reference specific substations within the dataset."
f37c3187_01_01_02,"This column contains a unique numerical identifier for each substation, allowing users to easily reference and distinguish individual power distribution facilities within the dataset."
f37c3187_01_01_03,"This column contains the unique names of electrical substations, allowing users to identify and locate specific facilities within the dataset for analysis or mapping."
f37c3187_01_01_04,"This column contains the city where each substation is located, allowing users to analyze substation distribution and identify concentrations in specific geographic areas."
f37c3187_01_01_05,"This column contains the U.S. state in which each substation is located, allowing users to analyze substation distribution and concentration across different states."
f37c3187_01_01_06,"This column contains the postal zip code for each substation, allowing users to geographically analyze substation locations and potentially identify clusters or patterns based on zip code regions."
f37c3187_01_01_07,"This column indicates the specific kind of substation, allowing users to categorize and analyze substations based on their design and function, such as switching, transformation, or regulation."
f37c3187_01_01_08,"This column indicates whether a substation is currently operational or offline, allowing users to analyze equipment availability and identify potential maintenance needs."
f37c3187_01_01_09,"This column contains the county in which each substation is located, allowing users to analyze substation distribution and identify concentrations within specific geographic areas."
f37c3187_01_01_10,"This column contains unique numerical identifiers for each U.S. county, allowing users to geographically filter and analyze substation data by location."
f37c3187_01_01_11,"This column contains the nation where the substation is located, allowing users to analyze substation distribution and characteristics across different countries."
f37c3187_01_01_12,"This column contains the geographical coordinates of each substation, allowing users to analyze their locations and potentially determine proximity to power grids or other relevant infrastructure."
f37c3187_01_01_13,"This column contains the geographical longitude coordinates of each substation, allowing users to map substation locations and analyze spatial patterns."
f37c3187_01_01_14,"This column contains the North American Industry Classification System code, allowing users to categorize and analyze substation businesses based on their industry sector."
f37c3187_01_01_15,"This column contains detailed North American Industry Classification System descriptions, allowing users to categorize substations based on their specific industry activities and analyze trends within the power grid sector."
f37c3187_01_01_16,"This column contains the type of power source feeding the substation, allowing users to analyze power distribution networks and understand the origins of electricity."
f37c3187_01_01_17,"This column contains the date when the substation's power was sourced, allowing users to analyze historical energy flows and identify trends over time."
f37c3187_01_01_18,"This column indicates the specific method used for evaluating the model's performance, allowing users to analyze and compare the results based on different validation approaches."
f37c3187_01_01_19,"This column stores the date of a substation valuation, allowing users to analyze trends and performance over time."
f37c3187_01_01_20,"This column holds the number of electrical lines connected to each substation, allowing users to analyze network capacity and potential overload situations."
f37c3187_01_01_21,"This column contains the maximum voltage recorded at a substation, allowing users to analyze voltage levels for grid stability, equipment health monitoring, and potential overload detection."
f37c3187_01_01_22,"This column contains the minimum voltage reading for a substation, allowing users to monitor electrical system stability and identify potential issues related to voltage levels."
f37c3187_01_01_23,"This column contains the maximum inferred value, which engineers would use to assess the overall performance and potential capacity of a substation."
f37c3187_01_01_24,"This column represents the minimum inference time in seconds, allowing users to analyze the speed and efficiency of substation inference processes."
a14046c9_01_01_01,"This column contains a unique numerical identifier for each record within the dataset, allowing users to track and reference specific individuals or entities within the data."
a14046c9_01_01_02,"This column contains the National Geographic Area Identification Code, a unique numerical identifier assigned to each geographic area, allowing users to precisely locate and categorize census data based on specific locations."
a14046c9_01_01_03,"This column contains a unique identifier for each household within the American Red Cross’s data, allowing analysts to track and analyze demographic information for specific households across various surveys and reports."
a14046c9_01_01_04,"This column indicates the type of feature being represented for each data point, allowing analysts to understand the nature of the information – such as demographic characteristics or geographic locations – and subsequently apply appropriate analytical techniques."
a14046c9_01_01_05,"This column contains the full name of an individual, which researchers would use to identify and potentially analyze demographic characteristics within the dataset."
a14046c9_01_01_06,"This column contains demographic data categorized by geographic area, allowing users to analyze population characteristics and trends within specific regions."
a14046c9_01_01_07,"This column contains telephone numbers, which can be used to contact individuals for outreach, verification, or emergency communication."
a14046c9_01_01_08,"This column contains the residential addresses of individuals, allowing users to locate and target specific populations for outreach, data analysis, or service delivery."
a14046c9_01_01_09,"This column contains a secondary address field, allowing users to capture additional street addresses or apartment numbers for more precise location data and improved mapping accuracy."
a14046c9_01_01_10,"This column contains the names of the cities where the surveyed households resided, allowing users to analyze demographic trends and patterns by location."
a14046c9_01_01_11,"This column contains the state in which a person resides, allowing users to analyze demographic data and trends by geographic location."
a14046c9_01_01_12,"This column contains the five-digit zip code for each individual, allowing users to analyze demographic data by geographic location."
a14046c9_01_01_13,"This column contains the unique four-digit zip code for each address, allowing users to geographically analyze and segment data based on location."
a14046c9_01_01_14,"This column contains the name of each county within the dataset, allowing users to analyze and compare data across different geographic regions."
a14046c9_01_01_15,"This column contains unique numerical identifiers for geographic areas, allowing users to link demographic data to specific counties or regions for analysis and reporting."
a14046c9_01_01_16,"This column contains the street addresses and geographic locations of shelters and facilities operated by the American Red Cross, allowing users to locate these resources based on their specific location."
a14046c9_01_01_17,"This column contains the title of the emergency reported, allowing users to categorize and analyze emergency types based on the reported event."
a14046c9_01_01_18,"This column indicates whether an individual has a registered emergency contact through the American Red Cross’s telephone service, allowing users to quickly connect with a contact in need of assistance."
a14046c9_01_01_19,"This column contains information about whether a household experienced a disaster event, allowing researchers to study the impact of emergencies on populations and assess needs for disaster relief."
a14046c9_01_01_20,"This column contains the date a contact was counted, allowing users to analyze trends in contact frequency over time or investigate specific events based on their dates."
a14046c9_01_01_21,"This column contains the number of people living in a household, allowing users to analyze household size and demographic trends within the dataset."
a14046c9_01_01_22,"This column contains the date a specific individual was counted during a census enumeration, allowing users to analyze demographic trends over time and track population changes."
a14046c9_01_01_23,"This column contains detailed information about the geographic location of a household, allowing users to analyze demographic trends by location, understand spatial patterns in data, and conduct targeted outreach efforts."
a14046c9_01_01_24,"This column contains a categorical variable representing the primary themes or topics covered within each census tract, allowing users to analyze demographic and socioeconomic patterns based on these thematic areas."
a14046c9_01_01_25,"This column contains the National Association of Insurance Commissioners (NAIC) code, which is used to identify and categorize specific types of insurance policies and coverage for statistical analysis and data aggregation."
a14046c9_01_01_26,"This column contains a textual description of the North American Industry Classification System (NAICS) code, allowing users to categorize businesses by their industry sector and understand their economic activity."
a14046c9_01_01_27,"This column contains a unique identifier for geographic locations, allowing users to link demographic data to specific areas for analysis and reporting."
a14046c9_01_01_28,"This column contains census data on individual characteristics, allowing users to analyze demographic trends and patterns within specific geographic areas."
a14046c9_01_01_29,"This column contains data on whether a household was classified as having experienced a disaster, primarily used for analyzing disaster response needs and patterns."
a14046c9_01_01_30,"This column contains the names of the vendors providing services to the various Red Cross chapters, allowing users to analyze vendor relationships and spending patterns across different locations."
a14046c9_01_01_31,"This column contains the version number of the Standard Table used for the census data, allowing users to understand the specific data structure and its associated definitions."
a14046c9_01_01_32,"This column contains geographic location data, allowing users to analyze trends and patterns in Red Cross Chapter performance based on location."
a14046c9_01_01_33,"This column contains telephone location data, which can be used to determine a person’s geographic location based on their phone number."
a14046c9_01_01_34,"This column contains quality control and assurance data, allowing users to assess the accuracy and reliability of the underlying data."
a14046c9_01_01_35,"This column contains the service area for each household, allowing users to analyze Red Cross support distribution and identify areas with specific needs or demographics."
a14046c9_01_01_36,"This column contains the total population count for each census tract, allowing users to analyze demographic distribution and understand population density within specific geographic areas."
a14046c9_01_01_37,"This column contains a numerical measure of socioeconomic status, allowing users to analyze demographic trends and understand the distribution of wealth and income within the population."
a14046c9_01_01_38,"This column contains the residential status of each individual, allowing users to analyze population demographics and understand housing arrangements within a specific geographic area."
a14046c9_01_01_39,"This column contains a unique, five-digit code identifying each census tract within the United States, allowing users to link demographic data to specific geographic areas for analysis and mapping."
9e71d816_01_01_01,"This column contains a unique numerical identifier for each refrigerated warehouse within the dataset, allowing users to track and reference specific facilities for analysis or retrieval."
9e71d816_01_01_02,"This column contains the names of the refrigerated warehouse locations, which can be used to identify their specific addresses and geographic locations for analysis or logistics purposes."
9e71d816_01_01_03,"This column contains a numerical rating representing the quality or performance of a refrigerated warehouse, allowing users to assess and compare different facilities based on their operational effectiveness."
9e71d816_01_01_04,"This column contains the total volume of refrigerated storage space, and users would leverage this data to assess warehouse capacity and optimize storage utilization."
9e71d816_01_01_05,"This column represents whether the refrigerated warehouse was operational during a specific period, allowing users to analyze warehouse availability and predict future demand."
9e71d816_01_01_06,"This column contains the name of each refrigerated warehouse, and users would leverage it to identify and locate specific storage facilities within the dataset."
9e71d816_01_01_07,"This column contains the primary street address of the refrigerated warehouse, allowing users to locate facilities and plan logistics routes."
9e71d816_01_01_08,"This column contains supplemental address information, such as apartment numbers or building names, which can be used to refine location searches and improve the accuracy of warehouse pinpointing."
9e71d816_01_01_09,"This column contains supplemental address information, such as a building number or suite number, that can be used to refine location accuracy and improve search functionality within the refrigerated warehouse dataset."
9e71d816_01_01_10,"This column contains the primary city where the refrigerated warehouse is located, allowing users to analyze storage capacity and distribution networks by geographic region."
9e71d816_01_01_11,"This column contains the state where the refrigerated warehouse is located, and it would be used to analyze warehousing trends by geographic region or to filter data based on a specific state."
9e71d816_01_01_12,"This column contains the first three digits of the warehouse's postal code, allowing users to geographically analyze warehouse locations and understand their distribution networks."
9e71d816_01_01_13,"This column contains the nation where the refrigerated warehouse is located, allowing users to analyze storage capacity and distribution networks by geographic region."
9e71d816_01_01_14,"This column contains the storage capacity of each refrigerated warehouse, allowing users to analyze warehouse sizes and determine suitability for specific product volumes."
27e29c2f_01_01_01,"This column contains unique identifiers for each patient record within the urgent care facility, allowing for tracking and linking of patient data across different systems."
27e29c2f_01_01_03,"This column contains a unique identifier for each patient visit, allowing researchers to track and analyze individual patient encounters within the urgent care facility."
27e29c2f_01_01_04,"This column contains a unique identifier for each patient visit, allowing for tracking and referencing specific patient records within the urgent care facility."
27e29c2f_01_01_05,"This column contains the patient's full name, which is used for patient identification and record linkage within the urgent care facility's system."
27e29c2f_01_01_06,"This column contains patient contact telephone numbers, which clinicians would use to communicate with patients, schedule follow-up appointments, or relay important medical information."
27e29c2f_01_01_07,"This column contains the patient's physical location, which clinicians would use to determine proximity to the urgent care facility, assess travel time, and potentially identify relevant local resources."
27e29c2f_01_01_08,"This column contains secondary address information, such as apartment numbers or building names, which can be used to refine location accuracy and understand patient visit details."
27e29c2f_01_01_09,"This column contains the city where the urgent care visit occurred, allowing users to analyze patient demographics and identify trends by location."
27e29c2f_01_01_10,"This column contains the state where the urgent care visit occurred, allowing users to analyze patient demographics and trends by geographic location."
27e29c2f_01_01_11,"This column contains the patient's zip code, which clinicians would use to identify the patient’s geographic location for demographic analysis, mapping, and potentially understanding regional healthcare trends."
27e29c2f_01_01_12,"This column contains the four-digit zip code for each patient visit, allowing for analysis of patient demographics and geographic distribution of urgent care utilization."
27e29c2f_01_01_13,"This column contains the county where the urgent care visit occurred, allowing users to analyze patient demographics and healthcare utilization by geographic location."
27e29c2f_01_01_14,"This column contains a unique five-digit code identifying each geographic area, allowing users to analyze patient data by location and understand regional healthcare trends."
27e29c2f_01_01_15,"This column contains the textual instructions for navigating to the urgent care facility, which clinicians could use to provide patients with directions to their appointment."
27e29c2f_01_01_16,"This column contains the titles of emergency department visits, allowing users to categorize and analyze patient presentations based on the nature of their urgent medical needs."
27e29c2f_01_01_17,"This column contains the telephone number associated with a patient’s emergency contact, which clinicians would use to reach them for urgent communication or updates regarding their care."
27e29c2f_01_01_18,"This column contains a physician’s subjective assessment of the patient’s immediate need for emergency care, allowing clinicians to prioritize patients based on the severity of their condition."
27e29c2f_01_01_19,"This column contains the date of each patient's consultation at the urgent care facility, allowing users to analyze trends in patient visits over time."
27e29c2f_01_01_20,"This column contains the number of patient visits to the urgent care facility, allowing users to track patient volume and identify trends in demand for urgent care services."
27e29c2f_01_01_21,"This column contains the date of the patient’s visit to the urgent care, allowing users to analyze trends in patient volume and treatment patterns over time."
27e29c2f_01_01_22,"This column contains a categorical value representing the patient’s geographic location, allowing users to analyze patient demographics and identify trends in healthcare utilization by region."
27e29c2f_01_01_23,"This column contains a categorical code representing the patient’s primary reason for seeking care at the urgent care, allowing clinicians to classify visits by presenting symptom themes like infection, musculoskeletal, or minor trauma."
27e29c2f_01_01_24,"This column contains standardized codes representing the type of medical service provided at the urgent care facility, allowing for analysis of patient diagnoses and service utilization."
27e29c2f_01_01_25,"This column contains a textual description of the business's North American Industry Classification System (NAICS) code, allowing users to categorize and analyze the type of healthcare services provided by the urgent care facility."
27e29c2f_01_01_26,"This column contains a unique identifier for a patient’s geographic location, allowing for tracking and analysis of patient origins and potential regional health trends."
27e29c2f_01_01_27,"This column contains the number of patient visits to the urgent care facility, allowing clinicians to track patient volume and identify trends in demand for urgent care services."
27e29c2f_01_01_28,"This column contains a binary indicator (0 or 1) representing whether the patient presented to the urgent care facility, allowing for analysis of patient volume and demand patterns."
27e29c2f_01_01_29,"This column contains the name of the external vendor providing services to the urgent care facility, which can be used to track provider relationships and billing information."
27e29c2f_01_01_30,"This column contains the patient’s version of the standard tetanus immunization record, which clinicians use to track vaccination status and determine appropriate preventative care."
27e29c2f_01_01_31,"This column contains geographic location data, allowing users to analyze patient visits based on their location and potentially identify patterns in healthcare utilization across different areas."
27e29c2f_01_01_32,"This column contains the geographic location associated with a patient's phone number, allowing for analysis of patient origins and potential referral patterns."
27e29c2f_01_01_33,"This column indicates the quality assurance status of the urgent care visit, allowing users to track and analyze the level of care provided."
27e29c2f_01_01_34,"This column contains a unique identifier for each patient visit to the urgent care, allowing clinicians to track and manage individual patient records and analyze visit patterns."
BACHELOR_S_DEGREE_OR_HIGHER,"This column indicates whether an individual possesses a bachelor’s degree or higher, allowing researchers and analysts to examine educational attainment levels within a dataset for demographic or labor market studies."
BIRTHS,"The BIRTHS column in the USDA ERS dataset contains the number of live births reported, allowing users to analyze birth rates, fertility trends, and demographic shifts within populations."
CENSUS_POP,"This column contains the total population of each census tract, allowing users to analyze population density, distribution, and trends across different geographic areas."
CHR_V001_RAWVALUE,"This column represents the number of deaths occurring before the age of 75 within a given county, allowing users to assess the overall health burden and identify areas needing improvement."
CHR_V002_RAWVALUE,"This column indicates the proportion of residents in a county experiencing poor or fair health, allowing users to assess overall health status and identify areas needing improvement."
CHR_V003_RAWVALUE,"This column represents the percentage of adults lacking health insurance, allowing users to assess the health needs and disparities within a specific geographic area."
CHR_V004_RAWVALUE,"This column represents the number of primary care physicians per capita within a county, allowing users to assess access to essential healthcare services and identify areas needing more medical professionals."
CHR_V005_RAWVALUE,"This column represents the number of hospital admissions that could have been avoided with better primary care and chronic disease management, allowing users to assess the quality of care and health outcomes within a specific county."
CHR_V008_RAWVALUE,"This column contains the number of males aged 0-17 within each county, allowing users to analyze youth population trends and assess health outcomes within specific geographic areas."
CHR_V009_RAWVALUE,"This column contains data on the percentage of adults in a given county who currently smoke cigarettes, allowing users to assess and compare smoking rates across different geographic areas to identify health disparities and target prevention efforts."
CHR_V010_RAWVALUE,"This column indicates whether a woman reported smoking during her pregnancy, and it can be used to assess maternal health risks and identify areas needing targeted smoking cessation programs."
CHR_V011_RAWVALUE,"This column contains the percentage of adults in a given county who are classified as obese, allowing users to analyze and compare obesity rates across different geographic areas to identify health disparities and target interventions."
CHR_V013_RAWVALUE,"This column represents the number of males aged 18 to 44 within a specific county, allowing users to analyze demographic trends and assess health outcomes within that age group."
CHR_V014_RAWVALUE,"This column represents the rate of births to teenagers per 1,000 residents, allowing users to assess adolescent reproductive health trends and identify communities with higher or lower rates for targeted interventions."
CHR_V015_RAWVALUE,"This column contains the rate of homicide deaths per 100,000 population, allowing users to assess the safety and well-being of communities and identify areas with disproportionately high levels of violent crime."
CHR_V016_RAWVALUE,"This column contains the number of males aged 45 to 64 within a specific county, allowing users to analyze demographic trends and assess health outcomes within that age group."
CHR_V017_RAWVALUE,"This column represents the number of men aged 65 and older within a county, allowing users to analyze demographic trends and assess the health needs of older men in specific geographic areas."
CHR_V018_RAWVALUE,"This column represents the percentage of motor vehicle crashes where multiple occupants were involved, allowing researchers and public health officials to investigate factors contributing to crash severity and identify areas needing targeted safety interventions."
CHR_V019_RAWVALUE,"This column represents the number of emergency room visits stemming from on-road motor vehicle crashes, allowing researchers and public health officials to assess traffic safety and identify areas needing intervention."
CHR_V021_RAWVALUE,"This column represents the percentage of adults in a county who have earned a high school diploma, allowing users to assess educational attainment and its potential impact on health outcomes within that area."
CHR_V023_RAWVALUE,"This column represents the percentage of the workforce that is currently without a job, allowing users to assess economic stability and potential challenges within a county."
CHR_V024_RAWVALUE,"This column represents the percentage of children living below the federal poverty level, allowing users to analyze and compare health outcomes across different geographic areas and identify communities with the greatest needs."
CHR_V025_RAWVALUE,"This column represents the total number of males residing in a given county, and it can be used to analyze demographic trends, assess public health needs, and compare population health outcomes across different areas."
CHR_V026_RAWVALUE,"This column contains the number of females aged 0 to 17 within each county, allowing users to analyze demographic trends and assess health outcomes within specific populations."
CHR_V027_RAWVALUE,"This column represents the number of women aged 18 to 44 within a specific county, allowing users to analyze demographic trends and assess health outcomes within that population group."
CHR_V031_RAWVALUE,"This column represents the number of women aged 45 to 64 within a specific county, allowing users to analyze demographic trends and health outcomes within that age group for comparison and public health planning."
CHR_V032_RAWVALUE,"This column represents the number of women aged 65 and older within a county, allowing users to analyze demographic trends and assess the health needs of older adult populations for targeted interventions and resource allocation."
CHR_V035_RAWVALUE,"This column represents the total number of women residing in a given county, and it would be used to analyze demographic trends, assess healthcare needs, and understand population health disparities within different geographic areas."
CHR_V036_RAWVALUE,"This column represents the number of days a person reports feeling physically unwell, allowing users to assess population health and identify areas needing improvement in well-being."
CHR_V037_RAWVALUE,"This column represents the percentage of infants born weighing less than 5.5 pounds, allowing users to assess the prevalence of low birthweight among a population and identify areas needing targeted interventions to improve maternal and infant health."
CHR_V039_RAWVALUE,"This column represents the number of deaths attributed to motor vehicle crashes, allowing users to assess road safety and identify communities with higher risks of traffic fatalities."
CHR_V042_RAWVALUE,"This column represents the number of days a person reports feeling emotionally or mentally unwell, allowing users to assess the prevalence of poor mental health within a population and identify areas needing support."
CHR_V043_RAWVALUE,"This column represents the rate of violent crime incidents per 100,000 population, allowing users to assess the safety and security levels within different counties and identify areas needing focused public health interventions."
CHR_V044_RAWVALUE,"This column represents the degree of disparity in income distribution within a county, allowing users to assess economic equity and its potential impact on population health outcomes."
CHR_V045_RAWVALUE,"This column contains data on the prevalence of sexually transmitted infections within a county, allowing users to assess public health trends and identify areas needing targeted intervention strategies."
CHR_V049_RAWVALUE,"This column represents the prevalence of excessive alcohol consumption within a county, allowing users to assess and compare health risks and needs across different geographic areas."
CHR_V050_RAWVALUE,"This column represents the percentage of women aged 40 and older who have received a mammogram screening, allowing users to assess breast cancer detection rates within a specific county and identify areas needing improved access to screening services."
CHR_V051_RAWVALUE,"This column contains the total number of residents within a specific county, allowing users to analyze population density, growth trends, and demographic characteristics for health comparisons."
CHR_V052_RAWVALUE,"This column represents the percentage of the population under 18 years of age, allowing users to assess the proportion of children and adolescents within a county and understand the needs of this vulnerable demographic."
CHR_V053_RAWVALUE,"This column represents the percentage of a county’s population aged 65 and older, allowing users to assess the aging demographic and its potential impact on healthcare needs and community resources."
CHR_V054_RAWVALUE,"This column represents the percentage of the population in each county that identifies as non-Hispanic Black, allowing users to analyze racial demographics and understand health disparities across different geographic areas."
CHR_V055_RAWVALUE,"This column represents the percentage of the population in a county that identifies as American Indian and Alaska Native, allowing users to assess health disparities and needs within specific geographic areas."
CHR_V056_RAWVALUE,"This column represents the percentage of the population in each county that identifies as Hispanic, allowing users to analyze and compare demographic diversity within different geographic areas."
CHR_V057_RAWVALUE,"This column represents the percentage of the population in each county that identifies as female, which can be used to analyze gender-related health disparities and trends within communities."
CHR_V058_RAWVALUE,"This column represents the percentage of the population living in rural areas, allowing users to assess the degree of rurality within a county and its potential impact on health outcomes."
CHR_V059_RAWVALUE,"This column represents the percentage of a county’s population that does not possess a proficient level of English, and it can be used to assess linguistic diversity and potential barriers to healthcare access or social integration within a community."
CHR_V060_RAWVALUE,"This column contains the percentage of adults in a county with a diagnosed diabetes diagnosis, allowing users to assess the risk of diabetes within a specific geographic area and identify communities needing targeted health interventions."
CHR_V061_RAWVALUE,"This column contains the rate of HIV infections per 100,000 people in each county, allowing users to assess the prevalence of HIV within a specific geographic area and identify communities needing targeted health interventions."
CHR_V062_RAWVALUE,"This column contains the number of mental health providers available within each county, allowing users to assess access to mental healthcare services for a specific population."
CHR_V063_RAWVALUE,"This column represents the median income for households in a given county, allowing users to assess the financial well-being of a population and identify areas with potential health disparities."
CHR_V065_RAWVALUE,"This column indicates the percentage of children in a county who qualify for free or reduced-price school meals, allowing researchers and policymakers to assess and address food insecurity and health disparities among young populations."
CHR_V067_RAWVALUE,"This column represents the percentage of workers who commute to their jobs by driving alone, and it can be used to assess transportation patterns and their impact on health within a specific geographic area."
CHR_V069_RAWVALUE,"This column indicates the percentage of adults in a county who have completed some college coursework, allowing users to assess educational attainment levels within a geographic area."
CHR_V070_RAWVALUE,"This column represents the proportion of adults in a county who do not meet recommended physical activity guidelines, allowing users to assess the overall health of a community based on its levels of inactivity."
CHR_V080_RAWVALUE,"This column represents the percentage of the population in a county who identify as Native Hawaiian or Other Pacific Islander, allowing users to analyze health disparities and trends within specific geographic areas."
CHR_V081_RAWVALUE,"This column represents the percentage of the population in a county that identifies as Asian, and it can be used to analyze health disparities and trends within different demographic groups across geographic areas."
CHR_V082_RAWVALUE,"This column represents the percentage of children living with only one parent, and it can be used to analyze disparities in family structures and their potential impact on child well-being across different counties."
CHR_V083_RAWVALUE,"This column indicates the extent to which residents in a given county have difficulty obtaining affordable and nutritious food, allowing users to assess food security and health disparities within a community."
CHR_V085_RAWVALUE,"This column represents the percentage of the population in a county without health insurance, allowing users to assess health disparities and identify areas needing targeted healthcare access initiatives."
CHR_V088_RAWVALUE,"This column represents the number of dentists per population in a given county, allowing users to assess access to dental care services within a specific geographic area."
CHR_V097_RAWVALUE,"This column contains the rate at which a county’s population is increasing, allowing users to analyze demographic trends and understand how population shifts might impact health outcomes and resource needs."
CHR_V099_RAWVALUE,"This column contains the rate of cancer diagnoses per 100,000 population, allowing users to assess the prevalence of cancer within a county and investigate potential health disparities."
CHR_V100_RAWVALUE,"This column represents the number of hospitalizations for coronary heart disease, allowing users to assess the prevalence of this condition within a specific county and identify areas needing targeted healthcare interventions."
CHR_V101_RAWVALUE,"This column contains the number of hospitalizations related to cerebrovascular diseases, allowing users to assess the burden of this condition within a specific geographic area and identify potential health disparities."
CHR_V103_RAWVALUE,"This column represents the percentage of children under a certain age who have received recommended vaccinations, allowing users to assess a county’s health status and identify areas needing improved immunization rates."
CHR_V104_RAWVALUE,"This column contains data on the prevalence of infectious diseases like influenza and measles within a county, allowing users to assess public health risks and identify areas needing targeted interventions."
CHR_V105_RAWVALUE,"This column represents the number of hospitalizations resulting from self-harm, and it can be used to identify communities with elevated risks of suicide and intentional injury requiring medical intervention."
CHR_V106_RAWVALUE,"This column represents the number of adults and children treated in hospitals for injury-related illnesses, allowing users to assess the burden of injury within a specific geographic area and identify potential health priorities."
CHR_V107_RAWVALUE,"This column represents the number of fall-related deaths among adults aged 65 and older, allowing researchers and public health officials to assess and address the risk of falls and their associated consequences within a specific county."
CHR_V109_RAWVALUE,"This column represents the number of hospital admissions directly linked to alcohol consumption, allowing users to assess the burden of alcohol-related health issues within a specific geographic area and identify populations needing targeted interventions."
CHR_V116_RAWVALUE,"This column represents the percentage of adults who can answer basic reading comprehension questions, allowing users to assess literacy levels within a specific geographic area and understand its impact on community health and well-being."
CHR_V117_RAWVALUE,"This column represents the percentage of workers participating in a tax-advantaged retirement savings plan, such as a 401(k), and can be used to assess financial security and preparedness within a county’s population."
CHR_V118_RAWVALUE,"This column represents the percentage of the population living below the poverty line, allowing users to assess economic hardship and health disparities within a county."
CHR_V119_RAWVALUE,"This column contains data on the prevalence of reported child abuse cases within each county, allowing users to assess and compare child safety and well-being across different geographic areas."
CHR_V120_RAWVALUE,"This column represents the proportion of older adults in a given area who live independently, and it can be used to assess social isolation, access to support, and potential health needs within a community."
CHR_V122_RAWVALUE,"This column represents the percentage of children in each county without health insurance, allowing users to assess disparities in access to healthcare within communities and identify areas needing targeted interventions."
CHR_V123_RAWVALUE,"This column contains the year a specific healthcare structure, likely a hospital or clinic, was constructed, allowing users to analyze trends in healthcare infrastructure development over time."
CHR_V124_RAWVALUE,"This column contains the number of reported violations related to drinking water quality, allowing users to assess the safety and reliability of water sources within a given county."
CHR_V125_RAWVALUE,"This column contains measurements of particulate matter in the air, allowing users to assess the level of air pollution in a given county and understand its potential impact on public health."
CHR_V126_RAWVALUE,"This column represents the percentage of the population in each county that identifies as non-Hispanic White, allowing users to analyze racial demographics and understand health disparities within different communities."
CHR_V127_RAWVALUE,"This column represents the number of deaths in a county before the age of 75, allowing users to assess the overall health status and identify areas with higher mortality rates for premature deaths."
CHR_V128_RAWVALUE,"This column contains the rate of infant deaths per 1,000 live births, allowing users to assess the health of children within a specific geographic area and identify communities with the greatest needs for intervention."
CHR_V129_RAWVALUE,"This column represents the number of infant deaths per 1,000 live births, allowing users to assess the health of a population by identifying areas with higher or lower rates of infant mortality and informing targeted interventions."
CHR_V131_RAWVALUE,"This column indicates the number of other primary care providers available in a county, allowing users to assess access to basic healthcare services within a specific geographic area."
CHR_V132_RAWVALUE,"This column represents the availability of places and facilities where residents can engage in physical activity, and it can be used to assess a county’s overall health by examining how well its population has access to resources that promote movement."
CHR_V133_RAWVALUE,"This column represents a composite measure of factors in a county that influence access to healthy food, allowing users to assess the overall food environment and identify areas needing improvement."
CHR_V134_RAWVALUE,"This column represents the number of deaths attributed to motor vehicle crashes involving drivers with blood alcohol content at or above the legally permissible limit, allowing researchers to analyze the impact of drunk driving on mortality rates within specific counties."
CHR_V135_RAWVALUE,"This column contains the number of deaths attributed to injuries, allowing users to assess the burden of injury-related mortality within a specific geographic area and identify populations at greatest risk."
CHR_V136_RAWVALUE,"This column indicates the proportion of households experiencing significant housing challenges, allowing users to assess the extent of housing insecurity and its potential impact on community health outcomes."
CHR_V137_RAWVALUE,"This column represents the percentage of the population who primarily commute by driving alone, and it can be used to assess transportation burdens and their potential impact on health outcomes within a county."
CHR_V138_RAWVALUE,"This column contains the number of drug overdose deaths recorded for each county, allowing users to analyze and compare overdose rates across geographic areas to identify health disparities and inform targeted prevention strategies."
CHR_V139_RAWVALUE,"This column represents the percentage of households experiencing limited or uncertain access to adequate food, allowing users to assess and compare health outcomes across different geographic areas based on food security levels."
CHR_V140_RAWVALUE,"This column contains data reflecting social connections and relationships within a county, allowing users to assess community well-being and identify areas needing stronger social support networks."
CHR_V141_RAWVALUE,"This column represents the degree of separation of Black and White residents within a county, allowing researchers and policymakers to assess racial disparities in health outcomes and identify areas needing targeted interventions."
CHR_V142_RAWVALUE,"This column represents the degree to which racial and ethnic groups live in separate neighborhoods, and researchers would use it to analyze disparities in health outcomes linked to residential patterns."
CHR_V143_RAWVALUE,"This column represents the percentage of adults in a county reporting difficulty getting enough sleep, allowing users to assess the prevalence of sleep-related challenges within a specific geographic area."
CHR_V144_RAWVALUE,"This column represents the prevalence of individuals reporting frequent physical distress, allowing users to assess the overall health burden and potential disparities within a county."
CHR_V145_RAWVALUE,"This column represents the percentage of adults in a county reporting experiencing frequent mental distress, allowing users to assess the mental health challenges within a specific geographic area and identify communities needing support."
CHR_V147_RAWVALUE,"This column represents the average number of years a person is expected to live in a given county, allowing users to assess the overall health and well-being of populations and identify areas needing improvement."
CHR_V148_RAWVALUE,"This column contains the number of deaths attributed to firearm-related injuries per 100,000 population, allowing users to assess the risk of firearm fatalities within different geographic areas and understand potential health disparities."
CHR_V149_RAWVALUE,"This column represents the percentage of young people aged 16-24 who are neither employed nor enrolled in school, allowing users to assess the prevalence of youth disconnection within a specific geographic area and understand its potential impact on community well-being."
CHR_V150_RAWVALUE,"This column represents the number of hospital admissions related to opioid use, allowing users to assess the prevalence of opioid-related healthcare needs within a specific county."
CHR_V151_RAWVALUE,"This column represents the difference in median earnings between men and women in a given county, allowing users to analyze and understand gender-based income disparities within a population."
CHR_V153_RAWVALUE,"This column contains data on the percentage of households that own their homes, and it can be used to analyze the economic stability and community well-being within different counties."
CHR_V154_RAWVALUE,"This column represents the percentage of household income spent on housing costs, allowing users to assess the financial strain individuals and families face due to housing expenses and its potential impact on health outcomes."
CHR_V155_RAWVALUE,"This column represents the percentage of the population in a county who have received a flu vaccination, allowing users to assess vaccination rates and identify areas needing increased immunization efforts."
CHR_V156_RAWVALUE,"This column represents the average daily traffic volume passing through a given county, allowing users to assess the potential impact of congestion and air quality on population health."
CHR_V158_RAWVALUE,"This column contains the number of juvenile arrests, allowing users to analyze and compare rates of juvenile crime across different counties to understand and address potential disparities in youth justice outcomes."
CHR_V159_RAWVALUE,"This column contains standardized reading scores for adults, allowing users to assess literacy levels within a specific geographic area and identify potential areas needing educational support."
CHR_V160_RAWVALUE,"This column contains standardized math test scores for students, allowing users to assess academic performance within a specific geographic area and identify areas needing educational support."
CHR_V161_RAWVALUE,"This column contains the number of suicide deaths per 100,000 population, allowing users to assess the prevalence of suicide within a county and investigate factors contributing to this rate."
CHR_V166_RAWVALUE,"This column indicates the percentage of households in a county with access to broadband internet service, allowing users to assess digital connectivity and its potential impact on health outcomes and economic opportunity."
CHR_V167_RAWVALUE,"This column represents the degree to which students of different racial and ethnic groups attend separate schools, and it can be used to assess disparities in educational opportunities and outcomes within a county."
CHR_V168_RAWVALUE,"This column represents the percentage of adults in a county who have earned a high school diploma, allowing users to assess educational attainment levels and identify areas needing improvement in educational outcomes."
CHR_V169_RAWVALUE,"This column represents the level of financial resources allocated to public schools within each county, allowing users to assess the potential for equitable educational opportunities based on local investment."
CHR_V171_RAWVALUE,"This column represents the percentage of a family’s income spent on child care, allowing users to assess the financial strain of early childhood education within different counties and identify areas with high costs or affordability challenges."
CHR_V172_RAWVALUE,"This column contains the number of licensed child care centers in a given county, allowing users to assess the availability of early childhood care and education resources within a specific geographic area."
CHR_V177_RAWVALUE,"This column contains the percentage of eligible voters who cast ballots in each county, allowing researchers and analysts to investigate the relationship between civic engagement and health outcomes."
CHR_V178_RAWVALUE,"This column indicates whether a household participated in the U.S. Census, providing a measure of community engagement and allowing users to assess the completeness of population data for health analysis and resource allocation."
CHR_V179_RAWVALUE,"This column represents the proximity and availability of public parks and recreational spaces within a county, allowing users to assess the potential for physical activity and outdoor recreation opportunities for its residents."
CHR_V180_RAWVALUE,"This column represents the percentage of the population experiencing functional limitations, allowing users to assess the extent to which residents struggle with daily activities and understand potential health needs within a county."
CHR_V181_RAWVALUE,"This column represents the availability of public library services within a county, allowing users to assess the extent of literacy resources and community learning opportunities in a specific geographic area."
CHR_V182_RAWVALUE,"This column contains data on the frequency and severity of adverse climate events, such as floods, wildfires, and hurricanes, allowing users to assess a county’s vulnerability and risk related to climate change impacts."
CHR_V183_RAWVALUE,"This column represents an individual’s self-reported feelings of isolation and disconnection, allowing users to assess social well-being within a specific geographic area and identify communities needing support for social connection."
CHR_V184_RAWVALUE,"This column represents the extent to which residents of a county have access to supportive relationships and social connections, allowing users to assess community well-being and identify areas needing targeted interventions to foster social support networks."
CI90LB017,"This column contains the lower bound of the 90% confidence interval for the average yield of a specific crop, allowing users to assess the range of potential yields with a high degree of certainty."
CI90LB017P,"This column contains the lower bound of the 90% confidence interval for the average price of a specific agricultural commodity, allowing users to assess the range of potential prices and inform decision-making regarding production, trade, or investment."
CI90LB517,"This column contains the lower bound of the 90% confidence interval for the estimated production of a commodity, providing a range of likely values used for forecasting and agricultural analysis."
CI90LB517P,"This column contains the lower bound of the 90% confidence interval for the average yield of a crop, allowing users to assess the range of potential yields with a high degree of certainty."
CI90LBALL,"This column represents the average consumption of corn by livestock in the United States, providing insights into feed demand and potential implications for livestock production and grain markets."
CI90LBALLP,"This column represents the average total crop land area planted with crops in billions of acres, providing a measure of overall crop production potential that can be used to analyze agricultural trends and predict future yields."
CI90LBINC,"This column contains the lower bound of the 90% confidence interval for the average value of the metric, providing a range of plausible values for the underlying population statistic."
CI90UB017,"This column contains the crude oil price in US dollars per barrel, a key metric used by economists and analysts to track energy market trends and inform economic forecasting."
CI90UB017P,"This column contains the crude oil price (in dollars per barrel) reported by the U.S. Energy Information Administration (EIA), a key metric used to analyze and forecast energy market trends and inform economic decisions."
CI90UB517,"This column contains the crude oil price in US dollars per barrel, a key metric used to analyze energy markets and inform economic forecasting."
CI90UB517P,"This column contains the crude oil price in US dollars per barrel, a key metric used by economists and analysts to track energy market trends and inform economic forecasting."
CI90UBALL,"This column represents the 90th percentile of the U.S. Bureau of Labor Statistics’ (BLS) annual data on the average hourly earnings of production workers, providing a measure of wage distribution used to assess labor market trends and economic inequality."
CI90UBALLP,"This column represents the 90th percentile of the U.S. Bureau of Labor Statistics’ (BLS) annual average hourly wage for all urban unit-wage areas, providing a benchmark for understanding wage levels across the country."
CI90UBINC,"This column represents the 90th percentile U.S. business income, providing a benchmark for assessing the income levels of agricultural businesses and informing economic analyses of the agricultural sector."
CIVILIAN_LABOR_FORCE,"This column represents the total number of individuals employed or actively seeking employment within the U.S. civilian workforce, allowing users to analyze employment trends and labor market dynamics."
DEATHS,"The DEATHS column in the USDA ERS dataset contains the number of deaths reported annually, allowing researchers and analysts to investigate mortality trends and patterns across various populations and regions."
DOMESTIC_MIG,"This column contains data representing the annual movement of people within the United States, allowing researchers and analysts to track population shifts and understand demographic trends."
ECONOMIC_TYPOLOGY,"This column indicates the specific economic sector or industry being analyzed, allowing users to categorize agricultural data and understand trends within particular areas like livestock, crops, or forestry."
EMPLOYED,"This column contains the number of individuals employed by a specific agricultural operation, allowing users to analyze workforce trends and understand employment levels within the sector."
ESTIMATES_BASE,"This column contains projected estimates of U.S. agricultural production, primarily focusing on the anticipated volume of crops and livestock, allowing users to analyze future supply and potential market trends."
FOUR_YEARS_OF_COLLEGE_OR_HIGHER,"This column indicates whether an individual has completed four or more years of college education, allowing researchers to analyze educational attainment levels within a dataset."
GQ_ESTIMATES,"This column contains estimates of the total quantity of grain quantities produced by U.S. farms, allowing users to analyze crop production levels and trends."
GQ_ESTIMATES_BASE,"This column contains estimated gross quota levels for various commodities, allowing users to analyze and forecast production volumes and potential market supply."
HIGH_SCHOOL_DIPLOMA_ONLY,"This column indicates whether an individual possesses a high school diploma, allowing researchers to analyze educational attainment levels within a dataset."
HIGH_SCHOOL_GRADUATE_OR_EQUIVALENCY,"This column indicates whether an individual possesses a high school diploma or its equivalent, allowing researchers and analysts to examine educational attainment levels within a dataset."
INTERNATIONAL_MIG,"This column represents the percentage of agricultural imports a country receives from other nations, allowing researchers to analyze trade patterns and understand a nation’s reliance on foreign agricultural products."
LESS_THAN_A_HIGH_SCHOOL_DIPLOMA,"This column indicates whether an individual has attained less than a high school diploma, allowing researchers to analyze educational attainment levels within a dataset and understand their relationship to other variables like income or employment."
LESS_THAN_HIGH_SCHOOL_GRADUATE,"This column indicates whether an individual has attained less than a high school education, and researchers could use this data to analyze educational attainment levels within a population or demographic group."
MEDHHINC,"This column contains the median household income, allowing users to analyze income levels within different populations or geographic areas for research, economic analysis, or policy development."
MEDIAN_HOUSEHOLD_INCOME,"This column contains the median income for households, allowing users to analyze income levels across different geographic areas or demographic groups to understand economic trends and disparities."
MED_HH_INCOME_PERCENT_OF_STATE_TOTAL,"This column represents the median household income as a percentage of the state total, allowing users to analyze income disparities and trends across different states."
METRO,"This column contains data indicating whether a location is within a metropolitan statistical area, allowing users to analyze economic or demographic trends specific to urban populations."
NATURAL_CHG,"This column contains data representing the degree of natural change in a region, allowing users to analyze shifts in land use, vegetation, or ecological conditions over time."
NET_MIG,"This column represents the net migration of livestock, allowing users to analyze population changes within livestock herds and inform decisions related to livestock production and management."
N_POP_CHG,"This column represents the change in population for a specific agricultural region, allowing users to analyze population trends and their potential impact on agricultural production and demand."
PCTPOV017,"This column contains the percentage of consumers who believe that the U.S. agricultural system is environmentally sustainable, allowing researchers and analysts to track public perceptions of sustainability within the agricultural sector."
PCTPOV517,"This column represents the percentage of U.S. consumers who report believing that the U.S. economy is operating at its full potential, providing insights into consumer sentiment and perceptions of economic health."
PCTPOVALL,"This column contains the percentage of U.S. agricultural production attributed to various policy-influenced factors, allowing users to analyze the relative impact of government policies on different sectors of the agricultural economy."
PERCENT_OF_ADULTS_COMPLETING_FOUR_YEARS_OF_C,"This column contains the percentage of adults in the United States who have attained a bachelor’s degree or higher, allowing researchers and analysts to examine educational attainment levels and trends within the population."
PERCENT_OF_ADULTS_COMPLETING_SOME_COLLEGE_1_,"This column represents the proportion of adults aged 18-24 who have attended college for one to three years, allowing researchers and analysts to examine educational attainment trends and their relationship to other demographic or socioeconomic factors."
PERCENT_OF_ADULTS_COMPLETING_SOME_COLLEGE_OR,"This column represents the proportion of adults who have attained some college or an associate degree, allowing researchers and analysts to examine educational attainment levels within the population."
PERCENT_OF_ADULTS_WHO_ARE_HIGH_SCHOOL_GRADUA,"This column represents the proportion of adults in a population who have achieved a high school diploma or its equivalent, allowing researchers and analysts to examine educational attainment levels and their relationship to various socioeconomic indicators."
PERCENT_OF_ADULTS_WHO_ARE_NOT_HIGH_SCHOOL_GR,"This column represents the proportion of the adult population lacking a high school diploma, allowing researchers and analysts to investigate educational attainment levels and their relationship to demographic or economic factors."
PERCENT_OF_ADULTS_WITH_A_BACHELOR_S_DEGREE_O,"This column contains the percentage of adults aged 25 and over who have attained a bachelor’s degree or higher, allowing users to analyze educational attainment levels within a population and identify trends over time."
PERCENT_OF_ADULTS_WITH_A_HIGH_SCHOOL_DIPLOMA,"This column contains the percentage of adults who have only a high school diploma, and it can be used to analyze educational attainment levels within a population and identify trends in educational achievement."
PERCENT_OF_ADULTS_WITH_LESS_THAN_A_HIGH_SCHO,"This column represents the proportion of the adult population lacking a high school diploma, allowing researchers and policymakers to analyze educational attainment levels and their impact on various socioeconomic indicators."
PLACES_ACCESS2_AgeAdjPrv,"This column represents the percentage of adults aged 18-64 experiencing a lack of health insurance, adjusted for regional differences, allowing researchers and policymakers to analyze and understand health insurance coverage rates across geographic locations."
PLACES_ACCESS2_CrdPrv,"This column represents the percentage of adults aged 18-64 experiencing a lack of health insurance, allowing users to analyze health disparities and trends across different geographic locations."
PLACES_ARTHRITIS_AgeAdjPrv,"This column contains age-adjusted prevalence rates of arthritis among adults, allowing researchers and public health officials to understand the scope of the condition within different geographic locations and track trends over time."
PLACES_ARTHRITIS_CrdPrv,"This column contains the crude prevalence rate of arthritis among adult populations, allowing researchers to analyze and compare arthritis rates across different geographic locations."
PLACES_BINGE_AgeAdjPrv,"This column contains age-adjusted prevalence rates of binge drinking among adults, allowing researchers and public health officials to identify areas with high rates of this behavior and develop targeted interventions."
PLACES_BINGE_CrdPrv,"This column represents the percentage of adults in a given location who engage in binge drinking behaviors, allowing researchers to analyze patterns and trends in substance use across different areas."
PLACES_BPHIGH_AgeAdjPrv,"This column contains age-adjusted prevalence rates of high blood pressure among adults, allowing researchers and public health officials to track and understand the extent of this condition within different populations and geographic locations."
PLACES_BPHIGH_CrdPrv,"This column contains the crude prevalence rate of high blood pressure among adults, allowing researchers and public health officials to assess the extent of the condition within a population and identify areas needing targeted intervention."
PLACES_BPMED_AgeAdjPrv,"This column represents the percentage of adults with high blood pressure who are taking medication to manage their condition, providing a key metric for assessing the effectiveness of blood pressure control efforts."
PLACES_BPMED_CrdPrv,"This column indicates the proportion of adults with high blood pressure who are taking medication to manage their condition, providing a basic measure of treatment uptake within the population."
PLACES_CANCER_AgeAdjPrv,"This column contains age-adjusted prevalence rates of cancer (excluding skin cancer) and melanoma among adult populations, allowing users to analyze the geographic distribution and incidence of these cancers."
PLACES_CANCER_CrdPrv,"This column contains the crude prevalence rates of cancer (excluding skin cancer) and melanoma among adult populations, allowing users to analyze geographic differences in cancer incidence and potentially identify areas with higher risk."
PLACES_CASTHMA_AgeAdjPrv,"This column contains age-adjusted prevalence rates of asthma among adult populations, allowing researchers and public health officials to assess the scope of asthma within specific geographic locations and track trends over time."
PLACES_CASTHMA_CrdPrv,"This column contains the percentage of adults in each place who currently have asthma, allowing researchers to identify areas with higher rates of this chronic condition and investigate potential risk factors."
PLACES_CHD_AgeAdjPrv,"This column contains age-adjusted prevalence rates of coronary heart disease among adults, allowing researchers and public health officials to understand the burden of this disease within different geographic locations and assess population health trends."
PLACES_CHD_CrdPrv,"This column contains the prevalence of coronary heart disease among adults, allowing researchers and public health officials to identify areas with high rates of the disease and understand potential risk factors."
PLACES_CHECKUP_AgeAdjPrv,"This column represents the proportion of adults who visited a doctor for a routine checkup within the last year, adjusted for age differences, and can be used to analyze healthcare access and utilization patterns across geographic locations."
PLACES_CHECKUP_CrdPrv,"This column represents the proportion of adults who visited a doctor for a routine checkup within the last year, allowing users to analyze healthcare access and prevalence rates across different geographic locations."
PLACES_CHOLSCREEN_AgeAdjPrv,"This column represents the percentage of adults who have had their cholesterol levels checked, adjusted for age, allowing researchers and public health officials to assess the reach of cholesterol screening programs and identify areas needing improved access to care."
PLACES_CHOLSCREEN_CrdPrv,"This column contains the percentage of adults in each place who have been screened for high cholesterol, allowing researchers to analyze rates of preventative care and identify areas with potential disparities in screening practices."
PLACES_COGNITION_AgeAdjPrv,"This column contains age-adjusted prevalence rates of cognitive disabilities among adult populations, allowing researchers and public health officials to understand the scope of this condition within specific geographic locations and inform targeted interventions."
PLACES_COGNITION_CrdPrv,"This column contains the estimated proportion of adults in each place who have a cognitive disability, allowing researchers to analyze the distribution and prevalence of this condition across different geographic locations."
PLACES_COLON_SCREEN_AgeAdjPrv,"This column represents the percentage of adults aged 45-75 who have undergone colorectal cancer screening, adjusted for age, and can be used to analyze disparities in screening rates across different geographic locations."
PLACES_COLON_SCREEN_CrdPrv,"This column represents the percentage of adults aged 45-75 who have undergone colorectal cancer screening, allowing researchers and public health officials to assess population-level screening rates and identify areas needing improvement."
PLACES_COPD_AgeAdjPrv,"This column contains age-adjusted prevalence rates of chronic obstructive pulmonary disease among adults, allowing researchers and public health officials to track and understand the spread of the disease within different geographic locations."
PLACES_COPD_CrdPrv,"This column contains the overall percentage of adults with chronic obstructive pulmonary disease, allowing researchers and public health officials to track the prevalence of the disease within different geographic locations and assess public health trends."
PLACES_CSMOKING_AgeAdjPrv,"This column represents the percentage of adults in each location who currently smoke cigarettes, providing a key metric for public health researchers and policymakers to assess smoking rates and target interventions."
PLACES_CSMOKING_CrdPrv,"This column represents the percentage of adults in a given location who currently smoke cigarettes, allowing researchers and public health officials to identify areas with high smoking prevalence and target interventions accordingly."
PLACES_DENTAL_AgeAdjPrv,"This column represents the percentage of adults who visited a dentist or dental clinic within the last year, allowing researchers and public health officials to assess access to dental care within specific geographic locations."
PLACES_DENTAL_CrdPrv,"This column indicates the proportion of adults who reported visiting a dentist or dental clinic within the last year, allowing researchers to assess dental care utilization rates within a population."
PLACES_DEPRESSION_AgeAdjPrv,"This column contains age-adjusted prevalence rates of depression among adults, allowing researchers and public health officials to understand the scope of the condition within different geographic locations and track trends over time."
PLACES_DEPRESSION_CrdPrv,"This column contains the crude prevalence of depression among adults, allowing researchers to analyze and understand the overall rate of depression within a population."
PLACES_DIABETES_AgeAdjPrv,"This column contains age-adjusted prevalence rates of diagnosed diabetes among adult populations, allowing researchers and public health officials to track and compare diabetes rates across different locations."
PLACES_DIABETES_CrdPrv,"This column contains the crude prevalence of diagnosed diabetes among adults, allowing researchers and public health officials to analyze and understand the distribution of this condition within different populations and geographic locations."
PLACES_DISABILITY_AgeAdjPrv,"This column represents the percentage of adults experiencing some form of disability, adjusted for age, allowing researchers and public health officials to understand the scope of disability within a population and identify areas needing targeted support or intervention."
PLACES_DISABILITY_CrdPrv,"This column represents the overall percentage of adults in a given location who experience some form of disability, allowing researchers to assess the prevalence of disability within populations and geographic areas."
PLACES_EMOTIONSPT_AgeAdjPrv,"This column contains age-adjusted prevalence rates indicating the proportion of adults experiencing a lack of social and emotional support, allowing researchers to identify areas with significant needs and assess the impact of interventions."
PLACES_EMOTIONSPT_CrdPrv,"This column represents the estimated percentage of adults experiencing a lack of social and emotional support, allowing researchers to identify areas with disproportionately high needs and inform targeted interventions."
PLACES_FOODINSECU_AgeAdjPrv,"This column represents the percentage of adults experiencing food insecurity in the past year, allowing researchers and policymakers to understand the scope of this issue and target interventions effectively."
PLACES_FOODINSECU_CrdPrv,"This column represents the percentage of adults experiencing food insecurity in the past year, allowing researchers and policymakers to assess the scope of this issue within specific geographic locations and identify populations most at risk."
PLACES_FOODSTAMP_AgeAdjPrv,"This column represents the percentage of adults who received food stamps in the past year, adjusted for age, and can be used to analyze food insecurity rates within specific geographic locations."
PLACES_FOODSTAMP_CrdPrv,"This column represents the percentage of adults in a given area who received food stamps in the last 12 months, allowing researchers and policymakers to assess food insecurity rates and target assistance programs."
PLACES_GHLTH_AgeAdjPrv,"This column represents the percentage of adults who report their health as fair or poor, providing a measure of overall population health status that can be used to identify areas with significant health disparities or to track changes in well-being over time."
PLACES_GHLTH_CrdPrv,"This column contains the percentage of adults who report feeling fair or poor about their overall health, allowing researchers to analyze health disparities and trends across different geographic locations."
PLACES_HEARING_AgeAdjPrv,"This column contains age-adjusted prevalence rates of hearing disability among adult populations, allowing researchers and public health officials to assess and track the scope of this condition within specific geographic locations."
PLACES_HEARING_CrdPrv,"This column represents the percentage of adults in each location who experience hearing impairment, allowing researchers to identify areas with higher rates of this condition and investigate potential contributing factors."
PLACES_HIGHCHOL_AgeAdjPrv,"This column represents the age-adjusted prevalence of high cholesterol among adults who have ever undergone a screening, allowing users to analyze rates of this condition across different geographic locations."
PLACES_HIGHCHOL_CrdPrv,"This column represents the proportion of adults who have been screened for cholesterol and have a high cholesterol diagnosis, allowing users to analyze the prevalence of this condition within specific geographic locations."
PLACES_HOUSINSECU_AgeAdjPrv,"This column represents the percentage of adults experiencing housing insecurity in the past year, allowing researchers and policymakers to identify areas with high vulnerability and target interventions accordingly."
PLACES_HOUSINSECU_CrdPrv,"This column represents the percentage of adults experiencing housing insecurity within a given area over the last year, allowing researchers and policymakers to identify communities with elevated risk and target interventions accordingly."
PLACES_INDEPLIVE_AgeAdjPrv,"This column represents the percentage of adults living independently with disabilities, adjusted for age, allowing researchers and public health officials to assess the scope of this population and identify areas needing support or intervention."
PLACES_INDEPLIVE_CrdPrv,"This column represents the approximate percentage of adults living independently who also experience disability, providing a broad measure of functional limitations within a population for analysis and understanding disability trends."
PLACES_LACKTRPT_AgeAdjPrv,"This column represents the percentage of adults who experienced difficulty accessing transportation over the last year, allowing researchers and policymakers to identify areas with significant transportation challenges and target interventions accordingly."
PLACES_LACKTRPT_CrdPrv,"This column represents the estimated percentage of adults who experienced difficulty obtaining reliable transportation over the last year, and it could be used to identify areas with significant transportation challenges and inform policy decisions related to accessibility and mobility."
PLACES_LONELINESS_AgeAdjPrv,"This column contains age-adjusted prevalence rates of loneliness among adults, allowing researchers and analysts to investigate the distribution and potential risk factors associated with this mental health condition across different geographic locations."
PLACES_LONELINESS_CrdPrv,"This column contains the crude prevalence of loneliness among adults, allowing researchers to analyze loneliness rates across different geographic locations and potentially identify areas with higher needs for support services."
PLACES_LPA_AgeAdjPrv,"This column represents the percentage of adults who do not engage in leisure-time physical activity, adjusted for age, and can be used to identify areas with high rates of inactivity and inform public health interventions."
PLACES_LPA_CrdPrv,"This column represents the percentage of adults who do not engage in leisure-time physical activity, allowing researchers and public health officials to identify areas with high inactivity rates and target interventions accordingly."
PLACES_MAMMOUSE_AgeAdjPrv,"This column represents the percentage of women aged 50-74 who receive mammograms, adjusted for age, and can be used to analyze patterns of breast cancer screening within populations."
PLACES_MAMMOUSE_CrdPrv,"This column represents the percentage of women aged 50-74 who have ever had a mammogram, allowing researchers to analyze patterns of screening behavior and potentially identify factors associated with mammography uptake within this demographic."
PLACES_MHLTH_AgeAdjPrv,"This column represents the percentage of adults in a given location experiencing significant mental distress, allowing researchers and public health officials to identify areas with elevated mental health challenges and target interventions accordingly."
PLACES_MHLTH_CrdPrv,"This column represents the percentage of adults in each location who report experiencing frequent mental distress, allowing researchers to identify areas with higher rates of mental health challenges and potentially target interventions."
PLACES_MOBILITY_AgeAdjPrv,"This column represents the percentage of adults experiencing mobility limitations, adjusted for age, allowing researchers and public health officials to analyze and understand disability trends across geographic locations."
PLACES_MOBILITY_CrdPrv,"This column represents the estimated percentage of adults in a location experiencing some form of mobility disability, allowing researchers and public health officials to identify areas with higher needs and allocate resources accordingly."
PLACES_OBESITY_AgeAdjPrv,"This column contains age-adjusted prevalence rates of obesity among adult populations, allowing researchers and public health officials to analyze and understand obesity trends across different locations."
PLACES_OBESITY_CrdPrv,"This column contains the percentage of adults in each place who are classified as obese, allowing researchers and public health officials to identify areas with high rates of obesity and understand potential risk factors."
PLACES_PHLTH_AgeAdjPrv,"This column represents the age-adjusted prevalence of frequent physical distress experienced by adults, allowing researchers and public health officials to identify areas with elevated levels of this condition and understand potential underlying factors."
PLACES_PHLTH_CrdPrv,"This column represents the percentage of adults experiencing frequent physical distress, allowing researchers to identify areas with higher rates of this common health concern and investigate potential contributing factors."
PLACES_SELFCARE_AgeAdjPrv,"This column contains age-adjusted prevalence rates of self-care disability among adults, allowing researchers and public health officials to understand and track the extent of this condition within different populations and geographic locations."
PLACES_SELFCARE_CrdPrv,"This column represents the proportion of adults experiencing difficulty with basic self-care activities, allowing researchers and public health officials to assess the scope of disability within a population and identify potential health needs."
PLACES_SHUTUTILITY_AgeAdjPrv,"This column represents the proportion of adults experiencing a threat of utility service shut-off within the last year, allowing researchers and public health officials to identify communities at high risk of energy insecurity and target interventions accordingly."
PLACES_SHUTUTILITY_CrdPrv,"This column indicates the percentage of adults who reported a threat of utility service shut-off within the last year, allowing researchers to assess vulnerability and identify communities at risk of energy or water insecurity."
PLACES_SLEEP_AgeAdjPrv,"This column represents the percentage of adults experiencing short sleep, adjusted for age, and can be used to identify areas with higher rates of sleep deprivation and inform public health interventions."
PLACES_SLEEP_CrdPrv,"This column represents the percentage of adults experiencing short sleep, providing a broad measure of sleep duration issues that researchers and public health officials could use to identify populations at risk and inform interventions."
PLACES_STROKE_AgeAdjPrv,"This column contains age-adjusted prevalence rates of stroke among adult populations, allowing researchers and public health officials to analyze and compare stroke risk across different geographic locations."
PLACES_STROKE_CrdPrv,"This column contains the crude prevalence of stroke among adult populations, allowing researchers and public health officials to analyze and understand stroke rates across different geographic locations."
PLACES_TEETHLOST_AgeAdjPrv,"This column represents the percentage of adults aged 65 and older who have lost all of their natural teeth, adjusted for differences in population demographics, and can be used to assess oral health disparities and needs within a community."
PLACES_TEETHLOST_CrdPrv,"This column represents the proportion of adults aged 65 and older who have lost all of their natural teeth, and it can be used to assess the prevalence of tooth loss within a population and potentially identify areas with significant oral health disparities."
PLACES_VISION_AgeAdjPrv,"This column contains age-adjusted prevalence rates of vision disability among adult populations, allowing researchers and public health officials to assess and track the scope of this condition within different geographic areas."
PLACES_VISION_CrdPrv,"This column represents the proportion of adults experiencing some degree of vision impairment, allowing researchers and public health officials to assess the scope of the problem and target interventions for improved visual health."
POP_ESTIMATE,"This column contains estimated population figures for the United States, allowing users to analyze demographic trends and understand population distribution across different regions and time periods."
POV017,"This column represents the percentage of total farm income derived from crop sales, providing insights into the relative importance of agricultural production within a farm's overall revenue."
POV517,"The USDA ERS POV517 column represents the total quantity of corn harvested for grain, allowing users to track production levels and trends within the U.S. agricultural sector."
POVALL,"The POVALL column in the USDA ERS dataset represents the total volume of milk produced by a dairy operation, allowing users to analyze dairy production trends and assess the overall supply of milk."
RESIDUAL,"This column contains the difference between actual energy consumption and what was predicted based on factors like weather, population, and economic activity, allowing users to analyze energy efficiency and identify potential areas for improvement."
RURAL_URBAN_CONTINUUM_CODE,"This column represents a classification of geographic areas along a rural-urban spectrum, allowing users to analyze and compare characteristics of places ranging from highly urban to completely rural."
R_BIRTH,"This column contains the number of livestock born during a specific period, allowing users to track livestock population growth and assess breeding success."
R_DEATH,"This column represents the number of livestock deaths reported to the USDA, allowing researchers and analysts to track animal mortality rates and investigate factors influencing livestock health and production."
R_DOMESTIC_MIG,"This column represents the annual movement of livestock within the United States, providing data for tracking animal migration patterns and informing decisions related to livestock management, trade, and regional agricultural planning."
R_INTERNATIONAL_MIG,"This column contains data on the quantity of agricultural products imported into the United States from international sources, allowing researchers and policymakers to analyze trade flows and assess global agricultural markets."
R_NATURAL_CHG,"This column contains data representing the natural change in crop production, allowing users to analyze shifts in agricultural output due to factors like weather, disease, or land use changes."
R_NET_MIG,"This column represents the net migration of livestock, providing data for agricultural planners and researchers to analyze population shifts in livestock herds and understand factors influencing livestock distribution."
SOME_COLLEGE_1_3_YEARS,"This column indicates the length of time an individual attended some college, allowing researchers to analyze educational attainment levels and their relationship to other variables like income or employment."
SOME_COLLEGE_OR_ASSOCIATE_DEGREE,"This column indicates whether an individual has completed some college or an associate degree, and it’s used to analyze educational attainment levels within a dataset for research or demographic studies."
UNEMPLOYED,"This column contains the number of individuals receiving unemployment compensation, allowing users to analyze unemployment rates and trends over time to understand labor market conditions."
UNEMPLOYMENT_RATE,"This column contains the percentage of the labor force that is unemployed, allowing users to analyze trends in joblessness and its impact on the economy."
URBAN_INFLUENCE,"This column represents the degree to which a rural area is influenced by nearby urban centers, allowing researchers to analyze the spatial relationships between urban and rural landscapes and understand factors like economic activity, population movement, and environmental impacts."
URBAN_INFLUENCE_CODE,"The Urban Influence Code indicates the degree to which a farm’s production is influenced by proximity to urban markets and consumers, allowing researchers to analyze the impact of urbanization on agricultural practices and economic outcomes."
