attr_label,dataset_clean,attr_orig,table_name
879179b7_01_01_01,Ferrous Metal Mines,objectid,a17b1857dd754695a02aa51b3248225c_ferrousmetalmines
879179b7_01_01_02,Ferrous Metal Mines,mineral_operations_id,a17b1857dd754695a02aa51b3248225c_ferrousmetalmines
879179b7_01_01_03,Ferrous Metal Mines,commodity,a17b1857dd754695a02aa51b3248225c_ferrousmetalmines
879179b7_01_01_04,Ferrous Metal Mines,site_name,a17b1857dd754695a02aa51b3248225c_ferrousmetalmines
879179b7_01_01_05,Ferrous Metal Mines,company_name,a17b1857dd754695a02aa51b3248225c_ferrousmetalmines
879179b7_01_01_06,Ferrous Metal Mines,state,a17b1857dd754695a02aa51b3248225c_ferrousmetalmines
879179b7_01_01_07,Ferrous Metal Mines,county,a17b1857dd754695a02aa51b3248225c_ferrousmetalmines
879179b7_01_01_08,Ferrous Metal Mines,latitude,a17b1857dd754695a02aa51b3248225c_ferrousmetalmines
879179b7_01_01_09,Ferrous Metal Mines,longitude,a17b1857dd754695a02aa51b3248225c_ferrousmetalmines
879179b7_01_01_10,Ferrous Metal Mines,plant_mine,a17b1857dd754695a02aa51b3248225c_ferrousmetalmines
3d3c956e_01_01_01,Retail Service Territories,objectid,aca00a7174bc4e7b8066eb0eb8d3964b_retail_service_territories
3d3c956e_01_01_02,Retail Service Territories,id,aca00a7174bc4e7b8066eb0eb8d3964b_retail_service_territories
3d3c956e_01_01_03,Retail Service Territories,name,aca00a7174bc4e7b8066eb0eb8d3964b_retail_service_territories
3d3c956e_01_01_04,Retail Service Territories,address,aca00a7174bc4e7b8066eb0eb8d3964b_retail_service_territories
3d3c956e_01_01_05,Retail Service Territories,city,aca00a7174bc4e7b8066eb0eb8d3964b_retail_service_territories
3d3c956e_01_01_06,Retail Service Territories,state,aca00a7174bc4e7b8066eb0eb8d3964b_retail_service_territories
3d3c956e_01_01_07,Retail Service Territories,zip,aca00a7174bc4e7b8066eb0eb8d3964b_retail_service_territories
3d3c956e_01_01_08,Retail Service Territories,telephone,aca00a7174bc4e7b8066eb0eb8d3964b_retail_service_territories
3d3c956e_01_01_09,Retail Service Territories,type,aca00a7174bc4e7b8066eb0eb8d3964b_retail_service_territories
3d3c956e_01_01_10,Retail Service Territories,country,aca00a7174bc4e7b8066eb0eb8d3964b_retail_service_territories
3d3c956e_01_01_11,Retail Service Territories,naics_code,aca00a7174bc4e7b8066eb0eb8d3964b_retail_service_territories
3d3c956e_01_01_12,Retail Service Territories,naics_desc,aca00a7174bc4e7b8066eb0eb8d3964b_retail_service_territories
3d3c956e_01_01_13,Retail Service Territories,source,aca00a7174bc4e7b8066eb0eb8d3964b_retail_service_territories
3d3c956e_01_01_14,Retail Service Territories,sourcedate,aca00a7174bc4e7b8066eb0eb8d3964b_retail_service_territories
3d3c956e_01_01_15,Retail Service Territories,val_method,aca00a7174bc4e7b8066eb0eb8d3964b_retail_service_territories
3d3c956e_01_01_16,Retail Service Territories,val_date,aca00a7174bc4e7b8066eb0eb8d3964b_retail_service_territories
3d3c956e_01_01_17,Retail Service Territories,website,aca00a7174bc4e7b8066eb0eb8d3964b_retail_service_territories
3d3c956e_01_01_18,Retail Service Territories,regulated,aca00a7174bc4e7b8066eb0eb8d3964b_retail_service_territories
3d3c956e_01_01_19,Retail Service Territories,cntrl_area,aca00a7174bc4e7b8066eb0eb8d3964b_retail_service_territories
3d3c956e_01_01_20,Retail Service Territories,plan_area,aca00a7174bc4e7b8066eb0eb8d3964b_retail_service_territories
3d3c956e_01_01_21,Retail Service Territories,holding_co,aca00a7174bc4e7b8066eb0eb8d3964b_retail_service_territories
3d3c956e_01_01_22,Retail Service Territories,summr_peak,aca00a7174bc4e7b8066eb0eb8d3964b_retail_service_territories
3d3c956e_01_01_23,Retail Service Territories,wintr_peak,aca00a7174bc4e7b8066eb0eb8d3964b_retail_service_territories
3d3c956e_01_01_24,Retail Service Territories,summer_cap,aca00a7174bc4e7b8066eb0eb8d3964b_retail_service_territories
3d3c956e_01_01_25,Retail Service Territories,winter_cap,aca00a7174bc4e7b8066eb0eb8d3964b_retail_service_territories
3d3c956e_01_01_26,Retail Service Territories,net_gen,aca00a7174bc4e7b8066eb0eb8d3964b_retail_service_territories
3d3c956e_01_01_27,Retail Service Territories,purchased,aca00a7174bc4e7b8066eb0eb8d3964b_retail_service_territories
3d3c956e_01_01_28,Retail Service Territories,net_ex,aca00a7174bc4e7b8066eb0eb8d3964b_retail_service_territories
3d3c956e_01_01_29,Retail Service Territories,retail_mwh,aca00a7174bc4e7b8066eb0eb8d3964b_retail_service_territories
3d3c956e_01_01_30,Retail Service Territories,wsale_mwh,aca00a7174bc4e7b8066eb0eb8d3964b_retail_service_territories
3d3c956e_01_01_31,Retail Service Territories,total_mwh,aca00a7174bc4e7b8066eb0eb8d3964b_retail_service_territories
3d3c956e_01_01_32,Retail Service Territories,trans_mwh,aca00a7174bc4e7b8066eb0eb8d3964b_retail_service_territories
3d3c956e_01_01_33,Retail Service Territories,customers,aca00a7174bc4e7b8066eb0eb8d3964b_retail_service_territories
3d3c956e_01_01_34,Retail Service Territories,year,aca00a7174bc4e7b8066eb0eb8d3964b_retail_service_territories
3d3c956e_01_01_35,Retail Service Territories,shape_length,aca00a7174bc4e7b8066eb0eb8d3964b_retail_service_territories
3d3c956e_01_01_36,Retail Service Territories,shape_area,aca00a7174bc4e7b8066eb0eb8d3964b_retail_service_territories
ab3f9a94_01_01_01,Pol Terminals,objectid,afe4229824e645a1bd145a6e5aaecf8a_pol_terminals
ab3f9a94_01_01_02,Pol Terminals,term_id,afe4229824e645a1bd145a6e5aaecf8a_pol_terminals
ab3f9a94_01_01_03,Pol Terminals,name,afe4229824e645a1bd145a6e5aaecf8a_pol_terminals
ab3f9a94_01_01_04,Pol Terminals,address,afe4229824e645a1bd145a6e5aaecf8a_pol_terminals
ab3f9a94_01_01_05,Pol Terminals,city,afe4229824e645a1bd145a6e5aaecf8a_pol_terminals
ab3f9a94_01_01_06,Pol Terminals,state,afe4229824e645a1bd145a6e5aaecf8a_pol_terminals
ab3f9a94_01_01_07,Pol Terminals,zip,afe4229824e645a1bd145a6e5aaecf8a_pol_terminals
ab3f9a94_01_01_08,Pol Terminals,zip4,afe4229824e645a1bd145a6e5aaecf8a_pol_terminals
ab3f9a94_01_01_09,Pol Terminals,telephone,afe4229824e645a1bd145a6e5aaecf8a_pol_terminals
ab3f9a94_01_01_10,Pol Terminals,type,afe4229824e645a1bd145a6e5aaecf8a_pol_terminals
ab3f9a94_01_01_11,Pol Terminals,status,afe4229824e645a1bd145a6e5aaecf8a_pol_terminals
ab3f9a94_01_01_12,Pol Terminals,population,afe4229824e645a1bd145a6e5aaecf8a_pol_terminals
ab3f9a94_01_01_13,Pol Terminals,county,afe4229824e645a1bd145a6e5aaecf8a_pol_terminals
ab3f9a94_01_01_14,Pol Terminals,countyfips,afe4229824e645a1bd145a6e5aaecf8a_pol_terminals
ab3f9a94_01_01_15,Pol Terminals,country,afe4229824e645a1bd145a6e5aaecf8a_pol_terminals
ab3f9a94_01_01_16,Pol Terminals,latitude,afe4229824e645a1bd145a6e5aaecf8a_pol_terminals
ab3f9a94_01_01_17,Pol Terminals,longitude,afe4229824e645a1bd145a6e5aaecf8a_pol_terminals
ab3f9a94_01_01_18,Pol Terminals,naics_code,afe4229824e645a1bd145a6e5aaecf8a_pol_terminals
ab3f9a94_01_01_19,Pol Terminals,naics_desc,afe4229824e645a1bd145a6e5aaecf8a_pol_terminals
ab3f9a94_01_01_20,Pol Terminals,source,afe4229824e645a1bd145a6e5aaecf8a_pol_terminals
ab3f9a94_01_01_21,Pol Terminals,sourcedate,afe4229824e645a1bd145a6e5aaecf8a_pol_terminals
ab3f9a94_01_01_22,Pol Terminals,val_method,afe4229824e645a1bd145a6e5aaecf8a_pol_terminals
ab3f9a94_01_01_23,Pol Terminals,val_date,afe4229824e645a1bd145a6e5aaecf8a_pol_terminals
ab3f9a94_01_01_24,Pol Terminals,website,afe4229824e645a1bd145a6e5aaecf8a_pol_terminals
ab3f9a94_01_01_25,Pol Terminals,exstars_i,afe4229824e645a1bd145a6e5aaecf8a_pol_terminals
ab3f9a94_01_01_26,Pol Terminals,owner,afe4229824e645a1bd145a6e5aaecf8a_pol_terminals
ab3f9a94_01_01_27,Pol Terminals,operator,afe4229824e645a1bd145a6e5aaecf8a_pol_terminals
ab3f9a94_01_01_28,Pol Terminals,posrel,afe4229824e645a1bd145a6e5aaecf8a_pol_terminals
ab3f9a94_01_01_29,Pol Terminals,commodity,afe4229824e645a1bd145a6e5aaecf8a_pol_terminals
ab3f9a94_01_01_30,Pol Terminals,capacity,afe4229824e645a1bd145a6e5aaecf8a_pol_terminals
ab3f9a94_01_01_31,Pol Terminals,truck_in,afe4229824e645a1bd145a6e5aaecf8a_pol_terminals
ab3f9a94_01_01_32,Pol Terminals,truck_out,afe4229824e645a1bd145a6e5aaecf8a_pol_terminals
ab3f9a94_01_01_33,Pol Terminals,pipe_in,afe4229824e645a1bd145a6e5aaecf8a_pol_terminals
ab3f9a94_01_01_34,Pol Terminals,pipe_out,afe4229824e645a1bd145a6e5aaecf8a_pol_terminals
ab3f9a94_01_01_35,Pol Terminals,marine_in,afe4229824e645a1bd145a6e5aaecf8a_pol_terminals
ab3f9a94_01_01_36,Pol Terminals,marine_out,afe4229824e645a1bd145a6e5aaecf8a_pol_terminals
ab3f9a94_01_01_37,Pol Terminals,rail_in,afe4229824e645a1bd145a6e5aaecf8a_pol_terminals
ab3f9a94_01_01_38,Pol Terminals,rail_out,afe4229824e645a1bd145a6e5aaecf8a_pol_terminals
ab3f9a94_01_01_39,Pol Terminals,asphalt,afe4229824e645a1bd145a6e5aaecf8a_pol_terminals
ab3f9a94_01_01_40,Pol Terminals,chemicals,afe4229824e645a1bd145a6e5aaecf8a_pol_terminals
ab3f9a94_01_01_41,Pol Terminals,propane,afe4229824e645a1bd145a6e5aaecf8a_pol_terminals
ab3f9a94_01_01_42,Pol Terminals,butane,afe4229824e645a1bd145a6e5aaecf8a_pol_terminals
ab3f9a94_01_01_43,Pol Terminals,refined,afe4229824e645a1bd145a6e5aaecf8a_pol_terminals
ab3f9a94_01_01_44,Pol Terminals,ethanol,afe4229824e645a1bd145a6e5aaecf8a_pol_terminals
ab3f9a94_01_01_45,Pol Terminals,biodiesel,afe4229824e645a1bd145a6e5aaecf8a_pol_terminals
ab3f9a94_01_01_46,Pol Terminals,crude_oil,afe4229824e645a1bd145a6e5aaecf8a_pol_terminals
ab3f9a94_01_01_47,Pol Terminals,jetfuel,afe4229824e645a1bd145a6e5aaecf8a_pol_terminals
ab3f9a94_01_01_48,Pol Terminals,gasoline,afe4229824e645a1bd145a6e5aaecf8a_pol_terminals
ab3f9a94_01_01_49,Pol Terminals,distillate,afe4229824e645a1bd145a6e5aaecf8a_pol_terminals
ab3f9a94_01_01_50,Pol Terminals,avgas,afe4229824e645a1bd145a6e5aaecf8a_pol_terminals
5b9e409a_01_01_01,Airport Areas (Usace Ienc),ogc_fid,airport_areas__usace_ienc_
5b9e409a_01_01_03,Airport Areas (Usace Ienc),objectid,airport_areas__usace_ienc_
5b9e409a_01_01_04,Airport Areas (Usace Ienc),category_o,airport_areas__usace_ienc_
5b9e409a_01_01_05,Airport Areas (Usace Ienc),object_nam,airport_areas__usace_ienc_
5b9e409a_01_01_06,Airport Areas (Usace Ienc),informatio,airport_areas__usace_ienc_
5b9e409a_01_01_07,Airport Areas (Usace Ienc),scale_mini,airport_areas__usace_ienc_
5b9e409a_01_01_08,Airport Areas (Usace Ienc),source_dat,airport_areas__usace_ienc_
5b9e409a_01_01_09,Airport Areas (Usace Ienc),source_ind,airport_areas__usace_ienc_
5b9e409a_01_01_10,Airport Areas (Usace Ienc),source_d_1,airport_areas__usace_ienc_
5b9e409a_01_01_11,Airport Areas (Usace Ienc),shape_leng,airport_areas__usace_ienc_
5b9e409a_01_01_12,Airport Areas (Usace Ienc),shape_area,airport_areas__usace_ienc_
1b8327f1_01_01_01,Oil And Natural Gas Platforms,objectid,b48a33539b6d4d69b3aa51fc26392511_oil_and_natural_gas_platforms
1b8327f1_01_01_02,Oil And Natural Gas Platforms,platfrmid,b48a33539b6d4d69b3aa51fc26392511_oil_and_natural_gas_platforms
1b8327f1_01_01_03,Oil And Natural Gas Platforms,name,b48a33539b6d4d69b3aa51fc26392511_oil_and_natural_gas_platforms
1b8327f1_01_01_04,Oil And Natural Gas Platforms,type,b48a33539b6d4d69b3aa51fc26392511_oil_and_natural_gas_platforms
1b8327f1_01_01_05,Oil And Natural Gas Platforms,status,b48a33539b6d4d69b3aa51fc26392511_oil_and_natural_gas_platforms
1b8327f1_01_01_06,Oil And Natural Gas Platforms,latitude,b48a33539b6d4d69b3aa51fc26392511_oil_and_natural_gas_platforms
1b8327f1_01_01_07,Oil And Natural Gas Platforms,longitude,b48a33539b6d4d69b3aa51fc26392511_oil_and_natural_gas_platforms
1b8327f1_01_01_08,Oil And Natural Gas Platforms,naics_code,b48a33539b6d4d69b3aa51fc26392511_oil_and_natural_gas_platforms
1b8327f1_01_01_09,Oil And Natural Gas Platforms,naics_desc,b48a33539b6d4d69b3aa51fc26392511_oil_and_natural_gas_platforms
1b8327f1_01_01_10,Oil And Natural Gas Platforms,source,b48a33539b6d4d69b3aa51fc26392511_oil_and_natural_gas_platforms
1b8327f1_01_01_11,Oil And Natural Gas Platforms,sourcedate,b48a33539b6d4d69b3aa51fc26392511_oil_and_natural_gas_platforms
1b8327f1_01_01_12,Oil And Natural Gas Platforms,val_method,b48a33539b6d4d69b3aa51fc26392511_oil_and_natural_gas_platforms
1b8327f1_01_01_13,Oil And Natural Gas Platforms,val_date,b48a33539b6d4d69b3aa51fc26392511_oil_and_natural_gas_platforms
1b8327f1_01_01_14,Oil And Natural Gas Platforms,complexid,b48a33539b6d4d69b3aa51fc26392511_oil_and_natural_gas_platforms
1b8327f1_01_01_15,Oil And Natural Gas Platforms,nostr,b48a33539b6d4d69b3aa51fc26392511_oil_and_natural_gas_platforms
1b8327f1_01_01_16,Oil And Natural Gas Platforms,owner,b48a33539b6d4d69b3aa51fc26392511_oil_and_natural_gas_platforms
1b8327f1_01_01_17,Oil And Natural Gas Platforms,opername,b48a33539b6d4d69b3aa51fc26392511_oil_and_natural_gas_platforms
1b8327f1_01_01_18,Oil And Natural Gas Platforms,posrel,b48a33539b6d4d69b3aa51fc26392511_oil_and_natural_gas_platforms
1b8327f1_01_01_19,Oil And Natural Gas Platforms,commodity,b48a33539b6d4d69b3aa51fc26392511_oil_and_natural_gas_platforms
1b8327f1_01_01_20,Oil And Natural Gas Platforms,install,b48a33539b6d4d69b3aa51fc26392511_oil_and_natural_gas_platforms
1b8327f1_01_01_21,Oil And Natural Gas Platforms,removal,b48a33539b6d4d69b3aa51fc26392511_oil_and_natural_gas_platforms
1b8327f1_01_01_22,Oil And Natural Gas Platforms,manned24hr,b48a33539b6d4d69b3aa51fc26392511_oil_and_natural_gas_platforms
1b8327f1_01_01_23,Oil And Natural Gas Platforms,distland,b48a33539b6d4d69b3aa51fc26392511_oil_and_natural_gas_platforms
1b8327f1_01_01_24,Oil And Natural Gas Platforms,waterdepth,b48a33539b6d4d69b3aa51fc26392511_oil_and_natural_gas_platforms
1b8327f1_01_01_25,Oil And Natural Gas Platforms,rigcount,b48a33539b6d4d69b3aa51fc26392511_oil_and_natural_gas_platforms
1b8327f1_01_01_26,Oil And Natural Gas Platforms,pwrsource,b48a33539b6d4d69b3aa51fc26392511_oil_and_natural_gas_platforms
1b8327f1_01_01_27,Oil And Natural Gas Platforms,pwrgenflag,b48a33539b6d4d69b3aa51fc26392511_oil_and_natural_gas_platforms
1b8327f1_01_01_28,Oil And Natural Gas Platforms,oilprdflag,b48a33539b6d4d69b3aa51fc26392511_oil_and_natural_gas_platforms
1b8327f1_01_01_29,Oil And Natural Gas Platforms,gasmtrflag,b48a33539b6d4d69b3aa51fc26392511_oil_and_natural_gas_platforms
1b8327f1_01_01_30,Oil And Natural Gas Platforms,compreflag,b48a33539b6d4d69b3aa51fc26392511_oil_and_natural_gas_platforms
1b8327f1_01_01_31,Oil And Natural Gas Platforms,comprdflag,b48a33539b6d4d69b3aa51fc26392511_oil_and_natural_gas_platforms
1b8327f1_01_01_32,Oil And Natural Gas Platforms,helprtflag,b48a33539b6d4d69b3aa51fc26392511_oil_and_natural_gas_platforms
1b8327f1_01_01_33,Oil And Natural Gas Platforms,bedcount,b48a33539b6d4d69b3aa51fc26392511_oil_and_natural_gas_platforms
1b8327f1_01_01_34,Oil And Natural Gas Platforms,blockno,b48a33539b6d4d69b3aa51fc26392511_oil_and_natural_gas_platforms
1b8327f1_01_01_35,Oil And Natural Gas Platforms,leaseno,b48a33539b6d4d69b3aa51fc26392511_oil_and_natural_gas_platforms
1b8327f1_01_01_36,Oil And Natural Gas Platforms,areanumber,b48a33539b6d4d69b3aa51fc26392511_oil_and_natural_gas_platforms
1b8327f1_01_01_37,Oil And Natural Gas Platforms,region,b48a33539b6d4d69b3aa51fc26392511_oil_and_natural_gas_platforms
5ee3690a_01_01_01,Road Tunnels,objectid,b5c5d46893b042b8b005a7598cc94638_roadtunnels
5ee3690a_01_01_02,Road Tunnels,ngaid,b5c5d46893b042b8b005a7598cc94638_roadtunnels
5ee3690a_01_01_03,Road Tunnels,name,b5c5d46893b042b8b005a7598cc94638_roadtunnels
5ee3690a_01_01_04,Road Tunnels,address,b5c5d46893b042b8b005a7598cc94638_roadtunnels
5ee3690a_01_01_05,Road Tunnels,city,b5c5d46893b042b8b005a7598cc94638_roadtunnels
5ee3690a_01_01_06,Road Tunnels,state,b5c5d46893b042b8b005a7598cc94638_roadtunnels
5ee3690a_01_01_07,Road Tunnels,county,b5c5d46893b042b8b005a7598cc94638_roadtunnels
5ee3690a_01_01_08,Road Tunnels,fips,b5c5d46893b042b8b005a7598cc94638_roadtunnels
5ee3690a_01_01_09,Road Tunnels,directions,b5c5d46893b042b8b005a7598cc94638_roadtunnels
5ee3690a_01_01_10,Road Tunnels,geodate,b5c5d46893b042b8b005a7598cc94638_roadtunnels
5ee3690a_01_01_11,Road Tunnels,geohow,b5c5d46893b042b8b005a7598cc94638_roadtunnels
5ee3690a_01_01_12,Road Tunnels,naicscode,b5c5d46893b042b8b005a7598cc94638_roadtunnels
5ee3690a_01_01_13,Road Tunnels,naicsdescr,b5c5d46893b042b8b005a7598cc94638_roadtunnels
5ee3690a_01_01_14,Road Tunnels,source,b5c5d46893b042b8b005a7598cc94638_roadtunnels
5ee3690a_01_01_15,Road Tunnels,state_code,b5c5d46893b042b8b005a7598cc94638_roadtunnels
5ee3690a_01_01_16,Road Tunnels,county1,b5c5d46893b042b8b005a7598cc94638_roadtunnels
5ee3690a_01_01_17,Road Tunnels,rtesignpre,b5c5d46893b042b8b005a7598cc94638_roadtunnels
5ee3690a_01_01_18,Road Tunnels,deslevsvc,b5c5d46893b042b8b005a7598cc94638_roadtunnels
5ee3690a_01_01_19,Road Tunnels,location,b5c5d46893b042b8b005a7598cc94638_roadtunnels
5ee3690a_01_01_20,Road Tunnels,qlatitude,b5c5d46893b042b8b005a7598cc94638_roadtunnels
5ee3690a_01_01_21,Road Tunnels,qlongitude,b5c5d46893b042b8b005a7598cc94638_roadtunnels
5ee3690a_01_01_22,Road Tunnels,detourlgth,b5c5d46893b042b8b005a7598cc94638_roadtunnels
5ee3690a_01_01_23,Road Tunnels,toll,b5c5d46893b042b8b005a7598cc94638_roadtunnels
5ee3690a_01_01_24,Road Tunnels,maintnce,b5c5d46893b042b8b005a7598cc94638_roadtunnels
5ee3690a_01_01_25,Road Tunnels,owner,b5c5d46893b042b8b005a7598cc94638_roadtunnels
5ee3690a_01_01_26,Road Tunnels,clasinvrte,b5c5d46893b042b8b005a7598cc94638_roadtunnels
5ee3690a_01_01_27,Road Tunnels,year_built,b5c5d46893b042b8b005a7598cc94638_roadtunnels
5ee3690a_01_01_28,Road Tunnels,lnsonstruc,b5c5d46893b042b8b005a7598cc94638_roadtunnels
5ee3690a_01_01_29,Road Tunnels,designload,b5c5d46893b042b8b005a7598cc94638_roadtunnels
5ee3690a_01_01_30,Road Tunnels,apprrdwdth,b5c5d46893b042b8b005a7598cc94638_roadtunnels
5ee3690a_01_01_31,Road Tunnels,svconbrdg,b5c5d46893b042b8b005a7598cc94638_roadtunnels
5ee3690a_01_01_32,Road Tunnels,matldesign,b5c5d46893b042b8b005a7598cc94638_roadtunnels
5ee3690a_01_01_33,Road Tunnels,irtehorzcl,b5c5d46893b042b8b005a7598cc94638_roadtunnels
5ee3690a_01_01_34,Road Tunnels,deck,b5c5d46893b042b8b005a7598cc94638_roadtunnels
5ee3690a_01_01_35,Road Tunnels,superstruc,b5c5d46893b042b8b005a7598cc94638_roadtunnels
5ee3690a_01_01_36,Road Tunnels,inspctdate,b5c5d46893b042b8b005a7598cc94638_roadtunnels
5ee3690a_01_01_37,Road Tunnels,strahnethd,b5c5d46893b042b8b005a7598cc94638_roadtunnels
5ee3690a_01_01_38,Road Tunnels,parstrdsgn,b5c5d46893b042b8b005a7598cc94638_roadtunnels
5ee3690a_01_01_39,Road Tunnels,dirtraffic,b5c5d46893b042b8b005a7598cc94638_roadtunnels
5ee3690a_01_01_40,Road Tunnels,hwysysirte,b5c5d46893b042b8b005a7598cc94638_roadtunnels
5ee3690a_01_01_41,Road Tunnels,dsnntintwk,b5c5d46893b042b8b005a7598cc94638_roadtunnels
5ee3690a_01_01_42,Road Tunnels,status,b5c5d46893b042b8b005a7598cc94638_roadtunnels
5ee3690a_01_01_43,Road Tunnels,comments,b5c5d46893b042b8b005a7598cc94638_roadtunnels
5ee3690a_01_01_44,Road Tunnels,shape_length,b5c5d46893b042b8b005a7598cc94638_roadtunnels
cc51c539_01_01_01,Oil Refineries,objectid,b67230faadb64838943aef50b8415122_oil_refineries
cc51c539_01_01_02,Oil Refineries,ref_id,b67230faadb64838943aef50b8415122_oil_refineries
cc51c539_01_01_03,Oil Refineries,name,b67230faadb64838943aef50b8415122_oil_refineries
cc51c539_01_01_04,Oil Refineries,address,b67230faadb64838943aef50b8415122_oil_refineries
cc51c539_01_01_05,Oil Refineries,city,b67230faadb64838943aef50b8415122_oil_refineries
cc51c539_01_01_06,Oil Refineries,state,b67230faadb64838943aef50b8415122_oil_refineries
cc51c539_01_01_07,Oil Refineries,zip,b67230faadb64838943aef50b8415122_oil_refineries
cc51c539_01_01_08,Oil Refineries,zip4,b67230faadb64838943aef50b8415122_oil_refineries
cc51c539_01_01_09,Oil Refineries,telephone,b67230faadb64838943aef50b8415122_oil_refineries
cc51c539_01_01_10,Oil Refineries,type,b67230faadb64838943aef50b8415122_oil_refineries
cc51c539_01_01_11,Oil Refineries,status,b67230faadb64838943aef50b8415122_oil_refineries
cc51c539_01_01_12,Oil Refineries,population,b67230faadb64838943aef50b8415122_oil_refineries
cc51c539_01_01_13,Oil Refineries,county,b67230faadb64838943aef50b8415122_oil_refineries
cc51c539_01_01_14,Oil Refineries,countyfips,b67230faadb64838943aef50b8415122_oil_refineries
cc51c539_01_01_15,Oil Refineries,country,b67230faadb64838943aef50b8415122_oil_refineries
cc51c539_01_01_16,Oil Refineries,latitude,b67230faadb64838943aef50b8415122_oil_refineries
cc51c539_01_01_17,Oil Refineries,longitude,b67230faadb64838943aef50b8415122_oil_refineries
cc51c539_01_01_18,Oil Refineries,naics_code,b67230faadb64838943aef50b8415122_oil_refineries
cc51c539_01_01_19,Oil Refineries,naics_desc,b67230faadb64838943aef50b8415122_oil_refineries
cc51c539_01_01_20,Oil Refineries,source,b67230faadb64838943aef50b8415122_oil_refineries
cc51c539_01_01_21,Oil Refineries,sourcedate,b67230faadb64838943aef50b8415122_oil_refineries
cc51c539_01_01_22,Oil Refineries,val_method,b67230faadb64838943aef50b8415122_oil_refineries
cc51c539_01_01_23,Oil Refineries,val_date,b67230faadb64838943aef50b8415122_oil_refineries
cc51c539_01_01_24,Oil Refineries,website,b67230faadb64838943aef50b8415122_oil_refineries
cc51c539_01_01_25,Oil Refineries,owner,b67230faadb64838943aef50b8415122_oil_refineries
cc51c539_01_01_26,Oil Refineries,opername,b67230faadb64838943aef50b8415122_oil_refineries
cc51c539_01_01_27,Oil Refineries,rmp_id,b67230faadb64838943aef50b8415122_oil_refineries
cc51c539_01_01_28,Oil Refineries,epa_id,b67230faadb64838943aef50b8415122_oil_refineries
cc51c539_01_01_29,Oil Refineries,posrel,b67230faadb64838943aef50b8415122_oil_refineries
cc51c539_01_01_30,Oil Refineries,capacity,b67230faadb64838943aef50b8415122_oil_refineries
cc51c539_01_01_31,Oil Refineries,us_rank,b67230faadb64838943aef50b8415122_oil_refineries
cc51c539_01_01_32,Oil Refineries,crude,b67230faadb64838943aef50b8415122_oil_refineries
cc51c539_01_01_33,Oil Refineries,vacdist,b67230faadb64838943aef50b8415122_oil_refineries
cc51c539_01_01_34,Oil Refineries,coking,b67230faadb64838943aef50b8415122_oil_refineries
cc51c539_01_01_35,Oil Refineries,thermalop,b67230faadb64838943aef50b8415122_oil_refineries
cc51c539_01_01_36,Oil Refineries,catcrack,b67230faadb64838943aef50b8415122_oil_refineries
cc51c539_01_01_37,Oil Refineries,catreform,b67230faadb64838943aef50b8415122_oil_refineries
cc51c539_01_01_38,Oil Refineries,cathydcrck,b67230faadb64838943aef50b8415122_oil_refineries
cc51c539_01_01_39,Oil Refineries,cathydtrt,b67230faadb64838943aef50b8415122_oil_refineries
cc51c539_01_01_40,Oil Refineries,alky,b67230faadb64838943aef50b8415122_oil_refineries
cc51c539_01_01_41,Oil Refineries,poldim,b67230faadb64838943aef50b8415122_oil_refineries
cc51c539_01_01_42,Oil Refineries,aromatic,b67230faadb64838943aef50b8415122_oil_refineries
cc51c539_01_01_43,Oil Refineries,isomer,b67230faadb64838943aef50b8415122_oil_refineries
cc51c539_01_01_44,Oil Refineries,lubes,b67230faadb64838943aef50b8415122_oil_refineries
cc51c539_01_01_45,Oil Refineries,oxygenates,b67230faadb64838943aef50b8415122_oil_refineries
cc51c539_01_01_46,Oil Refineries,hydrgn,b67230faadb64838943aef50b8415122_oil_refineries
cc51c539_01_01_47,Oil Refineries,coke,b67230faadb64838943aef50b8415122_oil_refineries
cc51c539_01_01_48,Oil Refineries,sulfur,b67230faadb64838943aef50b8415122_oil_refineries
cc51c539_01_01_49,Oil Refineries,asphalt,b67230faadb64838943aef50b8415122_oil_refineries
dbaeac55_01_01_01,Rail Company,objectid_1,b69cf883ae584dfa8e9a9517eeef7a19_railcompany
dbaeac55_01_01_02,Rail Company,scac,b69cf883ae584dfa8e9a9517eeef7a19_railcompany
dbaeac55_01_01_03,Rail Company,net,b69cf883ae584dfa8e9a9517eeef7a19_railcompany
dbaeac55_01_01_04,Rail Company,rcode,b69cf883ae584dfa8e9a9517eeef7a19_railcompany
dbaeac55_01_01_05,Rail Company,tcode,b69cf883ae584dfa8e9a9517eeef7a19_railcompany
dbaeac55_01_01_06,Rail Company,railroad,b69cf883ae584dfa8e9a9517eeef7a19_railcompany
dbaeac55_01_01_07,Rail Company,comment,b69cf883ae584dfa8e9a9517eeef7a19_railcompany
dbaeac55_01_01_08,Rail Company,other,b69cf883ae584dfa8e9a9517eeef7a19_railcompany
d8a5b023_01_01_01,Miscellaneous Ind Min Ops,objectid,ba79a66a9e604a68ba7b6b29221a1d79_miscellaneousindminops
d8a5b023_01_01_02,Miscellaneous Ind Min Ops,mineral_operations_id,ba79a66a9e604a68ba7b6b29221a1d79_miscellaneousindminops
d8a5b023_01_01_03,Miscellaneous Ind Min Ops,commodity,ba79a66a9e604a68ba7b6b29221a1d79_miscellaneousindminops
d8a5b023_01_01_04,Miscellaneous Ind Min Ops,site_name,ba79a66a9e604a68ba7b6b29221a1d79_miscellaneousindminops
d8a5b023_01_01_05,Miscellaneous Ind Min Ops,company_name,ba79a66a9e604a68ba7b6b29221a1d79_miscellaneousindminops
d8a5b023_01_01_06,Miscellaneous Ind Min Ops,state,ba79a66a9e604a68ba7b6b29221a1d79_miscellaneousindminops
d8a5b023_01_01_07,Miscellaneous Ind Min Ops,county,ba79a66a9e604a68ba7b6b29221a1d79_miscellaneousindminops
d8a5b023_01_01_08,Miscellaneous Ind Min Ops,latitude,ba79a66a9e604a68ba7b6b29221a1d79_miscellaneousindminops
d8a5b023_01_01_09,Miscellaneous Ind Min Ops,longitude,ba79a66a9e604a68ba7b6b29221a1d79_miscellaneousindminops
d8a5b023_01_01_10,Miscellaneous Ind Min Ops,plant_mine,ba79a66a9e604a68ba7b6b29221a1d79_miscellaneousindminops
a758ee3c_01_01_01,Public Transit Routes,objectid,c340b35bc0bf41d393bb161e48f7a367_public_transit_routes
a758ee3c_01_01_02,Public Transit Routes,id,c340b35bc0bf41d393bb161e48f7a367_public_transit_routes
a758ee3c_01_01_03,Public Transit Routes,system,c340b35bc0bf41d393bb161e48f7a367_public_transit_routes
a758ee3c_01_01_04,Public Transit Routes,system_url,c340b35bc0bf41d393bb161e48f7a367_public_transit_routes
a758ee3c_01_01_05,Public Transit Routes,sys_agency,c340b35bc0bf41d393bb161e48f7a367_public_transit_routes
a758ee3c_01_01_06,Public Transit Routes,ntdid,c340b35bc0bf41d393bb161e48f7a367_public_transit_routes
a758ee3c_01_01_07,Public Transit Routes,rte_name,c340b35bc0bf41d393bb161e48f7a367_public_transit_routes
a758ee3c_01_01_08,Public Transit Routes,rte_url,c340b35bc0bf41d393bb161e48f7a367_public_transit_routes
a758ee3c_01_01_09,Public Transit Routes,rte_id,c340b35bc0bf41d393bb161e48f7a367_public_transit_routes
a758ee3c_01_01_10,Public Transit Routes,mode,c340b35bc0bf41d393bb161e48f7a367_public_transit_routes
a758ee3c_01_01_11,Public Transit Routes,ua,c340b35bc0bf41d393bb161e48f7a367_public_transit_routes
a758ee3c_01_01_12,Public Transit Routes,uacode,c340b35bc0bf41d393bb161e48f7a367_public_transit_routes
a758ee3c_01_01_13,Public Transit Routes,status,c340b35bc0bf41d393bb161e48f7a367_public_transit_routes
a758ee3c_01_01_14,Public Transit Routes,source,c340b35bc0bf41d393bb161e48f7a367_public_transit_routes
a758ee3c_01_01_15,Public Transit Routes,sourcedate,c340b35bc0bf41d393bb161e48f7a367_public_transit_routes
a758ee3c_01_01_16,Public Transit Routes,rte_id_sys,c340b35bc0bf41d393bb161e48f7a367_public_transit_routes
a758ee3c_01_01_17,Public Transit Routes,shape_length,c340b35bc0bf41d393bb161e48f7a367_public_transit_routes
779c74c8_01_01_01,Trauma Levels,objectid,c34c3633c09541a3816690284520183d_trauma_levels
779c74c8_01_01_02,Trauma Levels,state,c34c3633c09541a3816690284520183d_trauma_levels
779c74c8_01_01_03,Trauma Levels,level_,c34c3633c09541a3816690284520183d_trauma_levels
779c74c8_01_01_04,Trauma Levels,definition,c34c3633c09541a3816690284520183d_trauma_levels
779c74c8_01_01_05,Trauma Levels,source,c34c3633c09541a3816690284520183d_trauma_levels
779c74c8_01_01_06,Trauma Levels,sourcedate,c34c3633c09541a3816690284520183d_trauma_levels
8e7be837_01_01_01,Planning Areas,objectid,c73f9ff1366746a7a1856957f48bcda3_planning_areas
8e7be837_01_01_02,Planning Areas,id,c73f9ff1366746a7a1856957f48bcda3_planning_areas
8e7be837_01_01_03,Planning Areas,name,c73f9ff1366746a7a1856957f48bcda3_planning_areas
8e7be837_01_01_04,Planning Areas,country,c73f9ff1366746a7a1856957f48bcda3_planning_areas
8e7be837_01_01_05,Planning Areas,naics_code,c73f9ff1366746a7a1856957f48bcda3_planning_areas
8e7be837_01_01_06,Planning Areas,naics_desc,c73f9ff1366746a7a1856957f48bcda3_planning_areas
8e7be837_01_01_07,Planning Areas,source,c73f9ff1366746a7a1856957f48bcda3_planning_areas
8e7be837_01_01_08,Planning Areas,sourcedate,c73f9ff1366746a7a1856957f48bcda3_planning_areas
8e7be837_01_01_09,Planning Areas,val_method,c73f9ff1366746a7a1856957f48bcda3_planning_areas
8e7be837_01_01_10,Planning Areas,val_date,c73f9ff1366746a7a1856957f48bcda3_planning_areas
8e7be837_01_01_11,Planning Areas,website,c73f9ff1366746a7a1856957f48bcda3_planning_areas
8e7be837_01_01_12,Planning Areas,abbrv,c73f9ff1366746a7a1856957f48bcda3_planning_areas
8e7be837_01_01_13,Planning Areas,year,c73f9ff1366746a7a1856957f48bcda3_planning_areas
8e7be837_01_01_14,Planning Areas,peak_load,c73f9ff1366746a7a1856957f48bcda3_planning_areas
8e7be837_01_01_15,Planning Areas,peak_range,c73f9ff1366746a7a1856957f48bcda3_planning_areas
8e7be837_01_01_16,Planning Areas,shape_length,c73f9ff1366746a7a1856957f48bcda3_planning_areas
8e7be837_01_01_17,Planning Areas,shape_area,c73f9ff1366746a7a1856957f48bcda3_planning_areas
3bfee43a_01_01_01,Hist Tornado Tracks,objectid,c862525677cf485a84b2ba86a78e277d_histtornadotracks
3bfee43a_01_01_02,Hist Tornado Tracks,om,c862525677cf485a84b2ba86a78e277d_histtornadotracks
3bfee43a_01_01_03,Hist Tornado Tracks,yr,c862525677cf485a84b2ba86a78e277d_histtornadotracks
3bfee43a_01_01_04,Hist Tornado Tracks,mo,c862525677cf485a84b2ba86a78e277d_histtornadotracks
3bfee43a_01_01_05,Hist Tornado Tracks,dy,c862525677cf485a84b2ba86a78e277d_histtornadotracks
3bfee43a_01_01_06,Hist Tornado Tracks,date,c862525677cf485a84b2ba86a78e277d_histtornadotracks
3bfee43a_01_01_07,Hist Tornado Tracks,time,c862525677cf485a84b2ba86a78e277d_histtornadotracks
3bfee43a_01_01_08,Hist Tornado Tracks,tz,c862525677cf485a84b2ba86a78e277d_histtornadotracks
3bfee43a_01_01_09,Hist Tornado Tracks,st,c862525677cf485a84b2ba86a78e277d_histtornadotracks
3bfee43a_01_01_10,Hist Tornado Tracks,stf,c862525677cf485a84b2ba86a78e277d_histtornadotracks
3bfee43a_01_01_11,Hist Tornado Tracks,stn,c862525677cf485a84b2ba86a78e277d_histtornadotracks
3bfee43a_01_01_12,Hist Tornado Tracks,mag,c862525677cf485a84b2ba86a78e277d_histtornadotracks
3bfee43a_01_01_13,Hist Tornado Tracks,inj,c862525677cf485a84b2ba86a78e277d_histtornadotracks
3bfee43a_01_01_14,Hist Tornado Tracks,fat,c862525677cf485a84b2ba86a78e277d_histtornadotracks
3bfee43a_01_01_15,Hist Tornado Tracks,loss,c862525677cf485a84b2ba86a78e277d_histtornadotracks
3bfee43a_01_01_16,Hist Tornado Tracks,closs,c862525677cf485a84b2ba86a78e277d_histtornadotracks
3bfee43a_01_01_17,Hist Tornado Tracks,slat,c862525677cf485a84b2ba86a78e277d_histtornadotracks
3bfee43a_01_01_18,Hist Tornado Tracks,slon,c862525677cf485a84b2ba86a78e277d_histtornadotracks
3bfee43a_01_01_19,Hist Tornado Tracks,elat,c862525677cf485a84b2ba86a78e277d_histtornadotracks
3bfee43a_01_01_20,Hist Tornado Tracks,elon,c862525677cf485a84b2ba86a78e277d_histtornadotracks
3bfee43a_01_01_21,Hist Tornado Tracks,len,c862525677cf485a84b2ba86a78e277d_histtornadotracks
3bfee43a_01_01_22,Hist Tornado Tracks,wid,c862525677cf485a84b2ba86a78e277d_histtornadotracks
3bfee43a_01_01_23,Hist Tornado Tracks,fc,c862525677cf485a84b2ba86a78e277d_histtornadotracks
3bfee43a_01_01_24,Hist Tornado Tracks,pre_1996_loss,c862525677cf485a84b2ba86a78e277d_histtornadotracks
3bfee43a_01_01_25,Hist Tornado Tracks,shape_length,c862525677cf485a84b2ba86a78e277d_histtornadotracks
9b56fd68_01_01_01,Doe Petroleum Reserves,objectid,c91e473a1f2b4130a53fbf170d54bd17_doe_petroleum_reserves
9b56fd68_01_01_02,Doe Petroleum Reserves,dprid,c91e473a1f2b4130a53fbf170d54bd17_doe_petroleum_reserves
9b56fd68_01_01_03,Doe Petroleum Reserves,name,c91e473a1f2b4130a53fbf170d54bd17_doe_petroleum_reserves
9b56fd68_01_01_04,Doe Petroleum Reserves,address,c91e473a1f2b4130a53fbf170d54bd17_doe_petroleum_reserves
9b56fd68_01_01_05,Doe Petroleum Reserves,city,c91e473a1f2b4130a53fbf170d54bd17_doe_petroleum_reserves
9b56fd68_01_01_06,Doe Petroleum Reserves,state,c91e473a1f2b4130a53fbf170d54bd17_doe_petroleum_reserves
9b56fd68_01_01_07,Doe Petroleum Reserves,zip,c91e473a1f2b4130a53fbf170d54bd17_doe_petroleum_reserves
9b56fd68_01_01_08,Doe Petroleum Reserves,zip4,c91e473a1f2b4130a53fbf170d54bd17_doe_petroleum_reserves
9b56fd68_01_01_09,Doe Petroleum Reserves,telephone,c91e473a1f2b4130a53fbf170d54bd17_doe_petroleum_reserves
9b56fd68_01_01_10,Doe Petroleum Reserves,type,c91e473a1f2b4130a53fbf170d54bd17_doe_petroleum_reserves
9b56fd68_01_01_11,Doe Petroleum Reserves,status,c91e473a1f2b4130a53fbf170d54bd17_doe_petroleum_reserves
9b56fd68_01_01_12,Doe Petroleum Reserves,population,c91e473a1f2b4130a53fbf170d54bd17_doe_petroleum_reserves
9b56fd68_01_01_13,Doe Petroleum Reserves,county,c91e473a1f2b4130a53fbf170d54bd17_doe_petroleum_reserves
9b56fd68_01_01_14,Doe Petroleum Reserves,countyfips,c91e473a1f2b4130a53fbf170d54bd17_doe_petroleum_reserves
9b56fd68_01_01_15,Doe Petroleum Reserves,country,c91e473a1f2b4130a53fbf170d54bd17_doe_petroleum_reserves
9b56fd68_01_01_16,Doe Petroleum Reserves,latitude,c91e473a1f2b4130a53fbf170d54bd17_doe_petroleum_reserves
9b56fd68_01_01_17,Doe Petroleum Reserves,longitude,c91e473a1f2b4130a53fbf170d54bd17_doe_petroleum_reserves
9b56fd68_01_01_18,Doe Petroleum Reserves,naics_code,c91e473a1f2b4130a53fbf170d54bd17_doe_petroleum_reserves
9b56fd68_01_01_19,Doe Petroleum Reserves,naics_desc,c91e473a1f2b4130a53fbf170d54bd17_doe_petroleum_reserves
9b56fd68_01_01_20,Doe Petroleum Reserves,source,c91e473a1f2b4130a53fbf170d54bd17_doe_petroleum_reserves
9b56fd68_01_01_21,Doe Petroleum Reserves,sourcedate,c91e473a1f2b4130a53fbf170d54bd17_doe_petroleum_reserves
9b56fd68_01_01_22,Doe Petroleum Reserves,val_method,c91e473a1f2b4130a53fbf170d54bd17_doe_petroleum_reserves
9b56fd68_01_01_23,Doe Petroleum Reserves,val_date,c91e473a1f2b4130a53fbf170d54bd17_doe_petroleum_reserves
9b56fd68_01_01_24,Doe Petroleum Reserves,website,c91e473a1f2b4130a53fbf170d54bd17_doe_petroleum_reserves
9b56fd68_01_01_25,Doe Petroleum Reserves,operator,c91e473a1f2b4130a53fbf170d54bd17_doe_petroleum_reserves
9b56fd68_01_01_26,Doe Petroleum Reserves,posrel,c91e473a1f2b4130a53fbf170d54bd17_doe_petroleum_reserves
9b56fd68_01_01_27,Doe Petroleum Reserves,capacity,c91e473a1f2b4130a53fbf170d54bd17_doe_petroleum_reserves
9b56fd68_01_01_28,Doe Petroleum Reserves,caverns,c91e473a1f2b4130a53fbf170d54bd17_doe_petroleum_reserves
9b56fd68_01_01_29,Doe Petroleum Reserves,numpipe,c91e473a1f2b4130a53fbf170d54bd17_doe_petroleum_reserves
9b56fd68_01_01_30,Doe Petroleum Reserves,diameter,c91e473a1f2b4130a53fbf170d54bd17_doe_petroleum_reserves
9b56fd68_01_01_31,Doe Petroleum Reserves,pipelines,c91e473a1f2b4130a53fbf170d54bd17_doe_petroleum_reserves
9b56fd68_01_01_32,Doe Petroleum Reserves,commodity,c91e473a1f2b4130a53fbf170d54bd17_doe_petroleum_reserves
9b56fd68_01_01_33,Doe Petroleum Reserves,drawdown,c91e473a1f2b4130a53fbf170d54bd17_doe_petroleum_reserves
dc36197a_01_01_01,Prison Boundaries,fid,c92874da35184cda923a9b7c4ae241e8_prison_boundaries
dc36197a_01_01_02,Prison Boundaries,facilityid,c92874da35184cda923a9b7c4ae241e8_prison_boundaries
dc36197a_01_01_03,Prison Boundaries,name,c92874da35184cda923a9b7c4ae241e8_prison_boundaries
dc36197a_01_01_04,Prison Boundaries,address,c92874da35184cda923a9b7c4ae241e8_prison_boundaries
dc36197a_01_01_05,Prison Boundaries,city,c92874da35184cda923a9b7c4ae241e8_prison_boundaries
dc36197a_01_01_06,Prison Boundaries,state,c92874da35184cda923a9b7c4ae241e8_prison_boundaries
dc36197a_01_01_07,Prison Boundaries,zip,c92874da35184cda923a9b7c4ae241e8_prison_boundaries
dc36197a_01_01_08,Prison Boundaries,zip4,c92874da35184cda923a9b7c4ae241e8_prison_boundaries
dc36197a_01_01_09,Prison Boundaries,telephone,c92874da35184cda923a9b7c4ae241e8_prison_boundaries
dc36197a_01_01_10,Prison Boundaries,type,c92874da35184cda923a9b7c4ae241e8_prison_boundaries
dc36197a_01_01_11,Prison Boundaries,status,c92874da35184cda923a9b7c4ae241e8_prison_boundaries
dc36197a_01_01_12,Prison Boundaries,population,c92874da35184cda923a9b7c4ae241e8_prison_boundaries
dc36197a_01_01_13,Prison Boundaries,county,c92874da35184cda923a9b7c4ae241e8_prison_boundaries
dc36197a_01_01_14,Prison Boundaries,countyfips,c92874da35184cda923a9b7c4ae241e8_prison_boundaries
dc36197a_01_01_15,Prison Boundaries,country,c92874da35184cda923a9b7c4ae241e8_prison_boundaries
dc36197a_01_01_16,Prison Boundaries,naics_code,c92874da35184cda923a9b7c4ae241e8_prison_boundaries
dc36197a_01_01_17,Prison Boundaries,naics_desc,c92874da35184cda923a9b7c4ae241e8_prison_boundaries
dc36197a_01_01_18,Prison Boundaries,source,c92874da35184cda923a9b7c4ae241e8_prison_boundaries
dc36197a_01_01_19,Prison Boundaries,sourcedate,c92874da35184cda923a9b7c4ae241e8_prison_boundaries
dc36197a_01_01_20,Prison Boundaries,val_method,c92874da35184cda923a9b7c4ae241e8_prison_boundaries
dc36197a_01_01_21,Prison Boundaries,val_date,c92874da35184cda923a9b7c4ae241e8_prison_boundaries
dc36197a_01_01_22,Prison Boundaries,website,c92874da35184cda923a9b7c4ae241e8_prison_boundaries
dc36197a_01_01_23,Prison Boundaries,securelvl,c92874da35184cda923a9b7c4ae241e8_prison_boundaries
dc36197a_01_01_24,Prison Boundaries,capacity,c92874da35184cda923a9b7c4ae241e8_prison_boundaries
dc36197a_01_01_25,Prison Boundaries,shape_leng,c92874da35184cda923a9b7c4ae241e8_prison_boundaries
dc36197a_01_01_26,Prison Boundaries,shape_length,c92874da35184cda923a9b7c4ae241e8_prison_boundaries
dc36197a_01_01_27,Prison Boundaries,shape_area,c92874da35184cda923a9b7c4ae241e8_prison_boundaries
c5461429_01_01_01,Natural Gas Compressor Stations,objectid,cdd0b3d341da4ebbb118ce04c12342c1_naturalgascompressorstations
c5461429_01_01_02,Natural Gas Compressor Stations,gcompid,cdd0b3d341da4ebbb118ce04c12342c1_naturalgascompressorstations
c5461429_01_01_03,Natural Gas Compressor Stations,name,cdd0b3d341da4ebbb118ce04c12342c1_naturalgascompressorstations
c5461429_01_01_04,Natural Gas Compressor Stations,address,cdd0b3d341da4ebbb118ce04c12342c1_naturalgascompressorstations
c5461429_01_01_05,Natural Gas Compressor Stations,city,cdd0b3d341da4ebbb118ce04c12342c1_naturalgascompressorstations
c5461429_01_01_06,Natural Gas Compressor Stations,state,cdd0b3d341da4ebbb118ce04c12342c1_naturalgascompressorstations
c5461429_01_01_07,Natural Gas Compressor Stations,zip,cdd0b3d341da4ebbb118ce04c12342c1_naturalgascompressorstations
c5461429_01_01_08,Natural Gas Compressor Stations,zip4,cdd0b3d341da4ebbb118ce04c12342c1_naturalgascompressorstations
c5461429_01_01_09,Natural Gas Compressor Stations,type,cdd0b3d341da4ebbb118ce04c12342c1_naturalgascompressorstations
c5461429_01_01_10,Natural Gas Compressor Stations,status,cdd0b3d341da4ebbb118ce04c12342c1_naturalgascompressorstations
c5461429_01_01_11,Natural Gas Compressor Stations,county,cdd0b3d341da4ebbb118ce04c12342c1_naturalgascompressorstations
c5461429_01_01_12,Natural Gas Compressor Stations,countyfips,cdd0b3d341da4ebbb118ce04c12342c1_naturalgascompressorstations
c5461429_01_01_13,Natural Gas Compressor Stations,country,cdd0b3d341da4ebbb118ce04c12342c1_naturalgascompressorstations
c5461429_01_01_14,Natural Gas Compressor Stations,latitude,cdd0b3d341da4ebbb118ce04c12342c1_naturalgascompressorstations
c5461429_01_01_15,Natural Gas Compressor Stations,longitude,cdd0b3d341da4ebbb118ce04c12342c1_naturalgascompressorstations
c5461429_01_01_16,Natural Gas Compressor Stations,naics_code,cdd0b3d341da4ebbb118ce04c12342c1_naturalgascompressorstations
c5461429_01_01_17,Natural Gas Compressor Stations,naics_desc,cdd0b3d341da4ebbb118ce04c12342c1_naturalgascompressorstations
c5461429_01_01_18,Natural Gas Compressor Stations,source,cdd0b3d341da4ebbb118ce04c12342c1_naturalgascompressorstations
c5461429_01_01_19,Natural Gas Compressor Stations,sourcedate,cdd0b3d341da4ebbb118ce04c12342c1_naturalgascompressorstations
c5461429_01_01_20,Natural Gas Compressor Stations,val_method,cdd0b3d341da4ebbb118ce04c12342c1_naturalgascompressorstations
c5461429_01_01_21,Natural Gas Compressor Stations,val_date,cdd0b3d341da4ebbb118ce04c12342c1_naturalgascompressorstations
c5461429_01_01_22,Natural Gas Compressor Stations,website,cdd0b3d341da4ebbb118ce04c12342c1_naturalgascompressorstations
c5461429_01_01_23,Natural Gas Compressor Stations,pipeco,cdd0b3d341da4ebbb118ce04c12342c1_naturalgascompressorstations
c5461429_01_01_24,Natural Gas Compressor Stations,compid,cdd0b3d341da4ebbb118ce04c12342c1_naturalgascompressorstations
c5461429_01_01_25,Natural Gas Compressor Stations,operator,cdd0b3d341da4ebbb118ce04c12342c1_naturalgascompressorstations
c5461429_01_01_26,Natural Gas Compressor Stations,posrel,cdd0b3d341da4ebbb118ce04c12342c1_naturalgascompressorstations
c5461429_01_01_27,Natural Gas Compressor Stations,num_units,cdd0b3d341da4ebbb118ce04c12342c1_naturalgascompressorstations
c5461429_01_01_28,Natural Gas Compressor Stations,cert_hp,cdd0b3d341da4ebbb118ce04c12342c1_naturalgascompressorstations
c5461429_01_01_29,Natural Gas Compressor Stations,plant_cost,cdd0b3d341da4ebbb118ce04c12342c1_naturalgascompressorstations
c5461429_01_01_30,Natural Gas Compressor Stations,exp_fuel,cdd0b3d341da4ebbb118ce04c12342c1_naturalgascompressorstations
c5461429_01_01_31,Natural Gas Compressor Stations,exp_other,cdd0b3d341da4ebbb118ce04c12342c1_naturalgascompressorstations
c5461429_01_01_32,Natural Gas Compressor Stations,gas_compre,cdd0b3d341da4ebbb118ce04c12342c1_naturalgascompressorstations
c5461429_01_01_33,Natural Gas Compressor Stations,op_comp_hr,cdd0b3d341da4ebbb118ce04c12342c1_naturalgascompressorstations
c5461429_01_01_34,Natural Gas Compressor Stations,op_num_com,cdd0b3d341da4ebbb118ce04c12342c1_naturalgascompressorstations
c5461429_01_01_35,Natural Gas Compressor Stations,op_date_pe,cdd0b3d341da4ebbb118ce04c12342c1_naturalgascompressorstations
c5461429_01_01_36,Natural Gas Compressor Stations,exp_power,cdd0b3d341da4ebbb118ce04c12342c1_naturalgascompressorstations
c5461429_01_01_37,Natural Gas Compressor Stations,elec_compr,cdd0b3d341da4ebbb118ce04c12342c1_naturalgascompressorstations
92fd4de4_01_01_01,Ce82B6Ef-De1B-493E-85Cf-Fd3Ddbd776282020330-1-Hghk00.Liqsh,ogc_fid,ce82b6ef_de1b_493e_85cf_fd3ddbd776282020330_1_hghk00
92fd4de4_01_01_03,Ce82B6Ef-De1B-493E-85Cf-Fd3Ddbd776282020330-1-Hghk00.Liqsh,fid,ce82b6ef_de1b_493e_85cf_fd3ddbd776282020330_1_hghk00
92fd4de4_01_01_04,Ce82B6Ef-De1B-493E-85Cf-Fd3Ddbd776282020330-1-Hghk00.Liqsh,registry_i,ce82b6ef_de1b_493e_85cf_fd3ddbd776282020330_1_hghk00
92fd4de4_01_01_05,Ce82B6Ef-De1B-493E-85Cf-Fd3Ddbd776282020330-1-Hghk00.Liqsh,primary_na,ce82b6ef_de1b_493e_85cf_fd3ddbd776282020330_1_hghk00
92fd4de4_01_01_06,Ce82B6Ef-De1B-493E-85Cf-Fd3Ddbd776282020330-1-Hghk00.Liqsh,location_a,ce82b6ef_de1b_493e_85cf_fd3ddbd776282020330_1_hghk00
92fd4de4_01_01_07,Ce82B6Ef-De1B-493E-85Cf-Fd3Ddbd776282020330-1-Hghk00.Liqsh,city_name,ce82b6ef_de1b_493e_85cf_fd3ddbd776282020330_1_hghk00
92fd4de4_01_01_08,Ce82B6Ef-De1B-493E-85Cf-Fd3Ddbd776282020330-1-Hghk00.Liqsh,county_nam,ce82b6ef_de1b_493e_85cf_fd3ddbd776282020330_1_hghk00
92fd4de4_01_01_09,Ce82B6Ef-De1B-493E-85Cf-Fd3Ddbd776282020330-1-Hghk00.Liqsh,fips_code,ce82b6ef_de1b_493e_85cf_fd3ddbd776282020330_1_hghk00
92fd4de4_01_01_10,Ce82B6Ef-De1B-493E-85Cf-Fd3Ddbd776282020330-1-Hghk00.Liqsh,state_code,ce82b6ef_de1b_493e_85cf_fd3ddbd776282020330_1_hghk00
92fd4de4_01_01_11,Ce82B6Ef-De1B-493E-85Cf-Fd3Ddbd776282020330-1-Hghk00.Liqsh,postal_cod,ce82b6ef_de1b_493e_85cf_fd3ddbd776282020330_1_hghk00
92fd4de4_01_01_12,Ce82B6Ef-De1B-493E-85Cf-Fd3Ddbd776282020330-1-Hghk00.Liqsh,latitude83,ce82b6ef_de1b_493e_85cf_fd3ddbd776282020330_1_hghk00
92fd4de4_01_01_13,Ce82B6Ef-De1B-493E-85Cf-Fd3Ddbd776282020330-1-Hghk00.Liqsh,longitude8,ce82b6ef_de1b_493e_85cf_fd3ddbd776282020330_1_hghk00
92fd4de4_01_01_14,Ce82B6Ef-De1B-493E-85Cf-Fd3Ddbd776282020330-1-Hghk00.Liqsh,huc8_code,ce82b6ef_de1b_493e_85cf_fd3ddbd776282020330_1_hghk00
92fd4de4_01_01_15,Ce82B6Ef-De1B-493E-85Cf-Fd3Ddbd776282020330-1-Hghk00.Liqsh,accuracy_v,ce82b6ef_de1b_493e_85cf_fd3ddbd776282020330_1_hghk00
92fd4de4_01_01_16,Ce82B6Ef-De1B-493E-85Cf-Fd3Ddbd776282020330-1-Hghk00.Liqsh,collect_mt,ce82b6ef_de1b_493e_85cf_fd3ddbd776282020330_1_hghk00
92fd4de4_01_01_17,Ce82B6Ef-De1B-493E-85Cf-Fd3Ddbd776282020330-1-Hghk00.Liqsh,ref_point_,ce82b6ef_de1b_493e_85cf_fd3ddbd776282020330_1_hghk00
92fd4de4_01_01_18,Ce82B6Ef-De1B-493E-85Cf-Fd3Ddbd776282020330-1-Hghk00.Liqsh,create_dat,ce82b6ef_de1b_493e_85cf_fd3ddbd776282020330_1_hghk00
92fd4de4_01_01_19,Ce82B6Ef-De1B-493E-85Cf-Fd3Ddbd776282020330-1-Hghk00.Liqsh,update_dat,ce82b6ef_de1b_493e_85cf_fd3ddbd776282020330_1_hghk00
92fd4de4_01_01_20,Ce82B6Ef-De1B-493E-85Cf-Fd3Ddbd776282020330-1-Hghk00.Liqsh,last_repor,ce82b6ef_de1b_493e_85cf_fd3ddbd776282020330_1_hghk00
92fd4de4_01_01_21,Ce82B6Ef-De1B-493E-85Cf-Fd3Ddbd776282020330-1-Hghk00.Liqsh,fac_url,ce82b6ef_de1b_493e_85cf_fd3ddbd776282020330_1_hghk00
92fd4de4_01_01_22,Ce82B6Ef-De1B-493E-85Cf-Fd3Ddbd776282020330-1-Hghk00.Liqsh,pgm_sys_id,ce82b6ef_de1b_493e_85cf_fd3ddbd776282020330_1_hghk00
92fd4de4_01_01_23,Ce82B6Ef-De1B-493E-85Cf-Fd3Ddbd776282020330-1-Hghk00.Liqsh,pgm_sys_ac,ce82b6ef_de1b_493e_85cf_fd3ddbd776282020330_1_hghk00
92fd4de4_01_01_24,Ce82B6Ef-De1B-493E-85Cf-Fd3Ddbd776282020330-1-Hghk00.Liqsh,interest_t,ce82b6ef_de1b_493e_85cf_fd3ddbd776282020330_1_hghk00
92fd4de4_01_01_25,Ce82B6Ef-De1B-493E-85Cf-Fd3Ddbd776282020330-1-Hghk00.Liqsh,active_sta,ce82b6ef_de1b_493e_85cf_fd3ddbd776282020330_1_hghk00
92fd4de4_01_01_26,Ce82B6Ef-De1B-493E-85Cf-Fd3Ddbd776282020330-1-Hghk00.Liqsh,public_ind,ce82b6ef_de1b_493e_85cf_fd3ddbd776282020330_1_hghk00
92fd4de4_01_01_27,Ce82B6Ef-De1B-493E-85Cf-Fd3Ddbd776282020330-1-Hghk00.Liqsh,program_ur,ce82b6ef_de1b_493e_85cf_fd3ddbd776282020330_1_hghk00
92fd4de4_01_01_28,Ce82B6Ef-De1B-493E-85Cf-Fd3Ddbd776282020330-1-Hghk00.Liqsh,pgm_report,ce82b6ef_de1b_493e_85cf_fd3ddbd776282020330_1_hghk00
9536bf3d_01_01_01,Uranium Vanadium Deposits,objectid,d250afddd5014f03ac87b8590573da87_uraniumvanadiumdeposits
9536bf3d_01_01_02,Uranium Vanadium Deposits,dep_id,d250afddd5014f03ac87b8590573da87_uraniumvanadiumdeposits
9536bf3d_01_01_03,Uranium Vanadium Deposits,mrds_id,d250afddd5014f03ac87b8590573da87_uraniumvanadiumdeposits
9536bf3d_01_01_04,Uranium Vanadium Deposits,mas_id,d250afddd5014f03ac87b8590573da87_uraniumvanadiumdeposits
9536bf3d_01_01_05,Uranium Vanadium Deposits,site_name,d250afddd5014f03ac87b8590573da87_uraniumvanadiumdeposits
9536bf3d_01_01_06,Uranium Vanadium Deposits,latitude,d250afddd5014f03ac87b8590573da87_uraniumvanadiumdeposits
9536bf3d_01_01_07,Uranium Vanadium Deposits,longitude,d250afddd5014f03ac87b8590573da87_uraniumvanadiumdeposits
9536bf3d_01_01_08,Uranium Vanadium Deposits,region,d250afddd5014f03ac87b8590573da87_uraniumvanadiumdeposits
9536bf3d_01_01_09,Uranium Vanadium Deposits,country,d250afddd5014f03ac87b8590573da87_uraniumvanadiumdeposits
9536bf3d_01_01_10,Uranium Vanadium Deposits,state,d250afddd5014f03ac87b8590573da87_uraniumvanadiumdeposits
9536bf3d_01_01_11,Uranium Vanadium Deposits,county,d250afddd5014f03ac87b8590573da87_uraniumvanadiumdeposits
9536bf3d_01_01_12,Uranium Vanadium Deposits,com_type,d250afddd5014f03ac87b8590573da87_uraniumvanadiumdeposits
9536bf3d_01_01_13,Uranium Vanadium Deposits,com_major,d250afddd5014f03ac87b8590573da87_uraniumvanadiumdeposits
9536bf3d_01_01_14,Uranium Vanadium Deposits,com_minor,d250afddd5014f03ac87b8590573da87_uraniumvanadiumdeposits
9536bf3d_01_01_15,Uranium Vanadium Deposits,com_trace,d250afddd5014f03ac87b8590573da87_uraniumvanadiumdeposits
9536bf3d_01_01_16,Uranium Vanadium Deposits,oper_type,d250afddd5014f03ac87b8590573da87_uraniumvanadiumdeposits
9536bf3d_01_01_17,Uranium Vanadium Deposits,dep_type,d250afddd5014f03ac87b8590573da87_uraniumvanadiumdeposits
9536bf3d_01_01_18,Uranium Vanadium Deposits,prod_size,d250afddd5014f03ac87b8590573da87_uraniumvanadiumdeposits
9536bf3d_01_01_19,Uranium Vanadium Deposits,dev_stat,d250afddd5014f03ac87b8590573da87_uraniumvanadiumdeposits
9536bf3d_01_01_20,Uranium Vanadium Deposits,ore,d250afddd5014f03ac87b8590573da87_uraniumvanadiumdeposits
9536bf3d_01_01_21,Uranium Vanadium Deposits,gangue,d250afddd5014f03ac87b8590573da87_uraniumvanadiumdeposits
9536bf3d_01_01_22,Uranium Vanadium Deposits,other_matl,d250afddd5014f03ac87b8590573da87_uraniumvanadiumdeposits
9536bf3d_01_01_23,Uranium Vanadium Deposits,orebody_fm,d250afddd5014f03ac87b8590573da87_uraniumvanadiumdeposits
9536bf3d_01_01_24,Uranium Vanadium Deposits,work_type,d250afddd5014f03ac87b8590573da87_uraniumvanadiumdeposits
9536bf3d_01_01_25,Uranium Vanadium Deposits,model,d250afddd5014f03ac87b8590573da87_uraniumvanadiumdeposits
9536bf3d_01_01_26,Uranium Vanadium Deposits,alteration,d250afddd5014f03ac87b8590573da87_uraniumvanadiumdeposits
9536bf3d_01_01_27,Uranium Vanadium Deposits,conc_proc,d250afddd5014f03ac87b8590573da87_uraniumvanadiumdeposits
9536bf3d_01_01_28,Uranium Vanadium Deposits,prev_name,d250afddd5014f03ac87b8590573da87_uraniumvanadiumdeposits
9536bf3d_01_01_29,Uranium Vanadium Deposits,ore_ctrl,d250afddd5014f03ac87b8590573da87_uraniumvanadiumdeposits
9536bf3d_01_01_30,Uranium Vanadium Deposits,reporter,d250afddd5014f03ac87b8590573da87_uraniumvanadiumdeposits
9536bf3d_01_01_31,Uranium Vanadium Deposits,hrock_unit,d250afddd5014f03ac87b8590573da87_uraniumvanadiumdeposits
9536bf3d_01_01_32,Uranium Vanadium Deposits,hrock_type,d250afddd5014f03ac87b8590573da87_uraniumvanadiumdeposits
9536bf3d_01_01_33,Uranium Vanadium Deposits,arock_unit,d250afddd5014f03ac87b8590573da87_uraniumvanadiumdeposits
9536bf3d_01_01_34,Uranium Vanadium Deposits,arock_type,d250afddd5014f03ac87b8590573da87_uraniumvanadiumdeposits
9536bf3d_01_01_35,Uranium Vanadium Deposits,structure,d250afddd5014f03ac87b8590573da87_uraniumvanadiumdeposits
9536bf3d_01_01_36,Uranium Vanadium Deposits,tectonic,d250afddd5014f03ac87b8590573da87_uraniumvanadiumdeposits
9536bf3d_01_01_37,Uranium Vanadium Deposits,ref,d250afddd5014f03ac87b8590573da87_uraniumvanadiumdeposits
9536bf3d_01_01_38,Uranium Vanadium Deposits,yfp_ba,d250afddd5014f03ac87b8590573da87_uraniumvanadiumdeposits
9536bf3d_01_01_39,Uranium Vanadium Deposits,yr_fst_prd,d250afddd5014f03ac87b8590573da87_uraniumvanadiumdeposits
9536bf3d_01_01_40,Uranium Vanadium Deposits,ylp_ba,d250afddd5014f03ac87b8590573da87_uraniumvanadiumdeposits
9536bf3d_01_01_41,Uranium Vanadium Deposits,yr_lst_prd,d250afddd5014f03ac87b8590573da87_uraniumvanadiumdeposits
9536bf3d_01_01_42,Uranium Vanadium Deposits,dy_ba,d250afddd5014f03ac87b8590573da87_uraniumvanadiumdeposits
9536bf3d_01_01_43,Uranium Vanadium Deposits,disc_yr,d250afddd5014f03ac87b8590573da87_uraniumvanadiumdeposits
9536bf3d_01_01_44,Uranium Vanadium Deposits,prod_yrs,d250afddd5014f03ac87b8590573da87_uraniumvanadiumdeposits
9536bf3d_01_01_45,Uranium Vanadium Deposits,discr,d250afddd5014f03ac87b8590573da87_uraniumvanadiumdeposits
9536bf3d_01_01_46,Uranium Vanadium Deposits,ruleid,d250afddd5014f03ac87b8590573da87_uraniumvanadiumdeposits
964c8e3d_01_01_01,Fire Stations,objectid,d968f276355a41d1bd1451be6ee4dbac_fire_stations
964c8e3d_01_01_02,Fire Stations,permanent_identifier,d968f276355a41d1bd1451be6ee4dbac_fire_stations
964c8e3d_01_01_03,Fire Stations,source_featureid,d968f276355a41d1bd1451be6ee4dbac_fire_stations
964c8e3d_01_01_04,Fire Stations,source_datasetid,d968f276355a41d1bd1451be6ee4dbac_fire_stations
964c8e3d_01_01_05,Fire Stations,source_datadesc,d968f276355a41d1bd1451be6ee4dbac_fire_stations
964c8e3d_01_01_06,Fire Stations,source_originator,d968f276355a41d1bd1451be6ee4dbac_fire_stations
964c8e3d_01_01_07,Fire Stations,data_security,d968f276355a41d1bd1451be6ee4dbac_fire_stations
964c8e3d_01_01_08,Fire Stations,distribution_policy,d968f276355a41d1bd1451be6ee4dbac_fire_stations
964c8e3d_01_01_09,Fire Stations,loaddate,d968f276355a41d1bd1451be6ee4dbac_fire_stations
964c8e3d_01_01_10,Fire Stations,ftype,d968f276355a41d1bd1451be6ee4dbac_fire_stations
964c8e3d_01_01_11,Fire Stations,fcode,d968f276355a41d1bd1451be6ee4dbac_fire_stations
964c8e3d_01_01_12,Fire Stations,name,d968f276355a41d1bd1451be6ee4dbac_fire_stations
964c8e3d_01_01_13,Fire Stations,islandmark,d968f276355a41d1bd1451be6ee4dbac_fire_stations
964c8e3d_01_01_14,Fire Stations,pointlocationtype,d968f276355a41d1bd1451be6ee4dbac_fire_stations
964c8e3d_01_01_15,Fire Stations,admintype,d968f276355a41d1bd1451be6ee4dbac_fire_stations
964c8e3d_01_01_16,Fire Stations,addressbuildingname,d968f276355a41d1bd1451be6ee4dbac_fire_stations
964c8e3d_01_01_17,Fire Stations,address,d968f276355a41d1bd1451be6ee4dbac_fire_stations
964c8e3d_01_01_18,Fire Stations,city,d968f276355a41d1bd1451be6ee4dbac_fire_stations
964c8e3d_01_01_19,Fire Stations,state,d968f276355a41d1bd1451be6ee4dbac_fire_stations
964c8e3d_01_01_20,Fire Stations,zipcode,d968f276355a41d1bd1451be6ee4dbac_fire_stations
964c8e3d_01_01_21,Fire Stations,gnis_id,d968f276355a41d1bd1451be6ee4dbac_fire_stations
964c8e3d_01_01_22,Fire Stations,foot_id,d968f276355a41d1bd1451be6ee4dbac_fire_stations
964c8e3d_01_01_23,Fire Stations,complex_id,d968f276355a41d1bd1451be6ee4dbac_fire_stations
964c8e3d_01_01_24,Fire Stations,globalid,d968f276355a41d1bd1451be6ee4dbac_fire_stations
f15708ff_01_01_01,Nonferrous Metal Mines,objectid,d99bd529f95e4dc6b432e224494c8917_nonferrousmetalmines
f15708ff_01_01_02,Nonferrous Metal Mines,mineral_operations_id,d99bd529f95e4dc6b432e224494c8917_nonferrousmetalmines
f15708ff_01_01_03,Nonferrous Metal Mines,commodity,d99bd529f95e4dc6b432e224494c8917_nonferrousmetalmines
f15708ff_01_01_04,Nonferrous Metal Mines,site_name,d99bd529f95e4dc6b432e224494c8917_nonferrousmetalmines
f15708ff_01_01_05,Nonferrous Metal Mines,company_name,d99bd529f95e4dc6b432e224494c8917_nonferrousmetalmines
f15708ff_01_01_06,Nonferrous Metal Mines,state,d99bd529f95e4dc6b432e224494c8917_nonferrousmetalmines
f15708ff_01_01_07,Nonferrous Metal Mines,county,d99bd529f95e4dc6b432e224494c8917_nonferrousmetalmines
f15708ff_01_01_08,Nonferrous Metal Mines,latitude,d99bd529f95e4dc6b432e224494c8917_nonferrousmetalmines
f15708ff_01_01_09,Nonferrous Metal Mines,longitude,d99bd529f95e4dc6b432e224494c8917_nonferrousmetalmines
f15708ff_01_01_10,Nonferrous Metal Mines,plant_mine,d99bd529f95e4dc6b432e224494c8917_nonferrousmetalmines
bad8baaa_01_01_01,Secondary Bottom Wells Link Table,objectid,d9b53517f6904e22b41e4659c299dcc4_secondary_bottomwells_linktabl
bad8baaa_01_01_02,Secondary Bottom Wells Link Table,id,d9b53517f6904e22b41e4659c299dcc4_secondary_bottomwells_linktabl
bad8baaa_01_01_03,Secondary Bottom Wells Link Table,name,d9b53517f6904e22b41e4659c299dcc4_secondary_bottomwells_linktabl
bad8baaa_01_01_04,Secondary Bottom Wells Link Table,state,d9b53517f6904e22b41e4659c299dcc4_secondary_bottomwells_linktabl
bad8baaa_01_01_05,Secondary Bottom Wells Link Table,status,d9b53517f6904e22b41e4659c299dcc4_secondary_bottomwells_linktabl
bad8baaa_01_01_06,Secondary Bottom Wells Link Table,country,d9b53517f6904e22b41e4659c299dcc4_secondary_bottomwells_linktabl
bad8baaa_01_01_07,Secondary Bottom Wells Link Table,latitude,d9b53517f6904e22b41e4659c299dcc4_secondary_bottomwells_linktabl
bad8baaa_01_01_08,Secondary Bottom Wells Link Table,longitude,d9b53517f6904e22b41e4659c299dcc4_secondary_bottomwells_linktabl
bad8baaa_01_01_09,Secondary Bottom Wells Link Table,wellidno,d9b53517f6904e22b41e4659c299dcc4_secondary_bottomwells_linktabl
bad8baaa_01_01_10,Secondary Bottom Wells Link Table,api,d9b53517f6904e22b41e4659c299dcc4_secondary_bottomwells_linktabl
bad8baaa_01_01_11,Secondary Bottom Wells Link Table,permitno,d9b53517f6904e22b41e4659c299dcc4_secondary_bottomwells_linktabl
bad8baaa_01_01_12,Secondary Bottom Wells Link Table,operator,d9b53517f6904e22b41e4659c299dcc4_secondary_bottomwells_linktabl
bad8baaa_01_01_13,Secondary Bottom Wells Link Table,prodtype,d9b53517f6904e22b41e4659c299dcc4_secondary_bottomwells_linktabl
bad8baaa_01_01_14,Secondary Bottom Wells Link Table,field,d9b53517f6904e22b41e4659c299dcc4_secondary_bottomwells_linktabl
bad8baaa_01_01_15,Secondary Bottom Wells Link Table,compdate,d9b53517f6904e22b41e4659c299dcc4_secondary_bottomwells_linktabl
bad8baaa_01_01_16,Secondary Bottom Wells Link Table,id_link,d9b53517f6904e22b41e4659c299dcc4_secondary_bottomwells_linktabl
4247b381_01_01_01,Transmission Lines,objectid,dc0313439fd44376a38680c338643613_transmission_lines
4247b381_01_01_02,Transmission Lines,id,dc0313439fd44376a38680c338643613_transmission_lines
4247b381_01_01_03,Transmission Lines,type,dc0313439fd44376a38680c338643613_transmission_lines
4247b381_01_01_04,Transmission Lines,status,dc0313439fd44376a38680c338643613_transmission_lines
4247b381_01_01_05,Transmission Lines,naics_code,dc0313439fd44376a38680c338643613_transmission_lines
4247b381_01_01_06,Transmission Lines,naics_desc,dc0313439fd44376a38680c338643613_transmission_lines
4247b381_01_01_07,Transmission Lines,source,dc0313439fd44376a38680c338643613_transmission_lines
4247b381_01_01_08,Transmission Lines,sourcedate,dc0313439fd44376a38680c338643613_transmission_lines
4247b381_01_01_09,Transmission Lines,val_method,dc0313439fd44376a38680c338643613_transmission_lines
4247b381_01_01_10,Transmission Lines,val_date,dc0313439fd44376a38680c338643613_transmission_lines
4247b381_01_01_11,Transmission Lines,owner,dc0313439fd44376a38680c338643613_transmission_lines
4247b381_01_01_12,Transmission Lines,voltage,dc0313439fd44376a38680c338643613_transmission_lines
4247b381_01_01_13,Transmission Lines,volt_class,dc0313439fd44376a38680c338643613_transmission_lines
4247b381_01_01_14,Transmission Lines,inferred,dc0313439fd44376a38680c338643613_transmission_lines
4247b381_01_01_15,Transmission Lines,sub_1,dc0313439fd44376a38680c338643613_transmission_lines
4247b381_01_01_16,Transmission Lines,sub_2,dc0313439fd44376a38680c338643613_transmission_lines
4247b381_01_01_17,Transmission Lines,shape_length,dc0313439fd44376a38680c338643613_transmission_lines
669d68c2_01_01_01,Public Schools,objectid,dfa56663e0944ceda5ffdf3cf57c6dd8_publicschools
669d68c2_01_01_02,Public Schools,ncesid,dfa56663e0944ceda5ffdf3cf57c6dd8_publicschools
669d68c2_01_01_03,Public Schools,name,dfa56663e0944ceda5ffdf3cf57c6dd8_publicschools
669d68c2_01_01_04,Public Schools,address,dfa56663e0944ceda5ffdf3cf57c6dd8_publicschools
669d68c2_01_01_05,Public Schools,city,dfa56663e0944ceda5ffdf3cf57c6dd8_publicschools
669d68c2_01_01_06,Public Schools,state,dfa56663e0944ceda5ffdf3cf57c6dd8_publicschools
669d68c2_01_01_07,Public Schools,zip,dfa56663e0944ceda5ffdf3cf57c6dd8_publicschools
669d68c2_01_01_08,Public Schools,zip4,dfa56663e0944ceda5ffdf3cf57c6dd8_publicschools
669d68c2_01_01_09,Public Schools,telephone,dfa56663e0944ceda5ffdf3cf57c6dd8_publicschools
669d68c2_01_01_10,Public Schools,type,dfa56663e0944ceda5ffdf3cf57c6dd8_publicschools
669d68c2_01_01_11,Public Schools,status,dfa56663e0944ceda5ffdf3cf57c6dd8_publicschools
669d68c2_01_01_12,Public Schools,population,dfa56663e0944ceda5ffdf3cf57c6dd8_publicschools
669d68c2_01_01_13,Public Schools,county,dfa56663e0944ceda5ffdf3cf57c6dd8_publicschools
669d68c2_01_01_14,Public Schools,countyfips,dfa56663e0944ceda5ffdf3cf57c6dd8_publicschools
669d68c2_01_01_15,Public Schools,country,dfa56663e0944ceda5ffdf3cf57c6dd8_publicschools
669d68c2_01_01_16,Public Schools,latitude,dfa56663e0944ceda5ffdf3cf57c6dd8_publicschools
669d68c2_01_01_17,Public Schools,longitude,dfa56663e0944ceda5ffdf3cf57c6dd8_publicschools
669d68c2_01_01_18,Public Schools,naics_code,dfa56663e0944ceda5ffdf3cf57c6dd8_publicschools
669d68c2_01_01_19,Public Schools,naics_desc,dfa56663e0944ceda5ffdf3cf57c6dd8_publicschools
669d68c2_01_01_20,Public Schools,source,dfa56663e0944ceda5ffdf3cf57c6dd8_publicschools
669d68c2_01_01_21,Public Schools,sourcedate,dfa56663e0944ceda5ffdf3cf57c6dd8_publicschools
669d68c2_01_01_22,Public Schools,val_method,dfa56663e0944ceda5ffdf3cf57c6dd8_publicschools
669d68c2_01_01_23,Public Schools,val_date,dfa56663e0944ceda5ffdf3cf57c6dd8_publicschools
669d68c2_01_01_24,Public Schools,website,dfa56663e0944ceda5ffdf3cf57c6dd8_publicschools
669d68c2_01_01_25,Public Schools,level_,dfa56663e0944ceda5ffdf3cf57c6dd8_publicschools
669d68c2_01_01_26,Public Schools,enrollment,dfa56663e0944ceda5ffdf3cf57c6dd8_publicschools
669d68c2_01_01_27,Public Schools,st_grade,dfa56663e0944ceda5ffdf3cf57c6dd8_publicschools
669d68c2_01_01_28,Public Schools,end_grade,dfa56663e0944ceda5ffdf3cf57c6dd8_publicschools
669d68c2_01_01_29,Public Schools,districtid,dfa56663e0944ceda5ffdf3cf57c6dd8_publicschools
669d68c2_01_01_30,Public Schools,ft_teacher,dfa56663e0944ceda5ffdf3cf57c6dd8_publicschools
669d68c2_01_01_31,Public Schools,shelter_id,dfa56663e0944ceda5ffdf3cf57c6dd8_publicschools
8a56cd47_01_01_01,Pol Pumping Station,objectid,e151c906230f47269730e753e0212aba_pol_pumping_station
8a56cd47_01_01_02,Pol Pumping Station,pumpid,e151c906230f47269730e753e0212aba_pol_pumping_station
8a56cd47_01_01_03,Pol Pumping Station,name,e151c906230f47269730e753e0212aba_pol_pumping_station
8a56cd47_01_01_04,Pol Pumping Station,address,e151c906230f47269730e753e0212aba_pol_pumping_station
8a56cd47_01_01_05,Pol Pumping Station,address2,e151c906230f47269730e753e0212aba_pol_pumping_station
8a56cd47_01_01_06,Pol Pumping Station,city,e151c906230f47269730e753e0212aba_pol_pumping_station
8a56cd47_01_01_07,Pol Pumping Station,state,e151c906230f47269730e753e0212aba_pol_pumping_station
8a56cd47_01_01_08,Pol Pumping Station,zip,e151c906230f47269730e753e0212aba_pol_pumping_station
8a56cd47_01_01_09,Pol Pumping Station,zip4,e151c906230f47269730e753e0212aba_pol_pumping_station
8a56cd47_01_01_10,Pol Pumping Station,telephone,e151c906230f47269730e753e0212aba_pol_pumping_station
8a56cd47_01_01_11,Pol Pumping Station,type,e151c906230f47269730e753e0212aba_pol_pumping_station
8a56cd47_01_01_12,Pol Pumping Station,status,e151c906230f47269730e753e0212aba_pol_pumping_station
8a56cd47_01_01_13,Pol Pumping Station,county,e151c906230f47269730e753e0212aba_pol_pumping_station
8a56cd47_01_01_14,Pol Pumping Station,countyfips,e151c906230f47269730e753e0212aba_pol_pumping_station
8a56cd47_01_01_15,Pol Pumping Station,country,e151c906230f47269730e753e0212aba_pol_pumping_station
8a56cd47_01_01_16,Pol Pumping Station,latitude,e151c906230f47269730e753e0212aba_pol_pumping_station
8a56cd47_01_01_17,Pol Pumping Station,longitude,e151c906230f47269730e753e0212aba_pol_pumping_station
8a56cd47_01_01_18,Pol Pumping Station,naics_code,e151c906230f47269730e753e0212aba_pol_pumping_station
8a56cd47_01_01_19,Pol Pumping Station,naics_desc,e151c906230f47269730e753e0212aba_pol_pumping_station
8a56cd47_01_01_20,Pol Pumping Station,source,e151c906230f47269730e753e0212aba_pol_pumping_station
8a56cd47_01_01_21,Pol Pumping Station,sourcedate,e151c906230f47269730e753e0212aba_pol_pumping_station
8a56cd47_01_01_22,Pol Pumping Station,val_method,e151c906230f47269730e753e0212aba_pol_pumping_station
8a56cd47_01_01_23,Pol Pumping Station,val_date,e151c906230f47269730e753e0212aba_pol_pumping_station
8a56cd47_01_01_24,Pol Pumping Station,website,e151c906230f47269730e753e0212aba_pol_pumping_station
8a56cd47_01_01_25,Pol Pumping Station,unitname,e151c906230f47269730e753e0212aba_pol_pumping_station
8a56cd47_01_01_26,Pol Pumping Station,owner,e151c906230f47269730e753e0212aba_pol_pumping_station
8a56cd47_01_01_27,Pol Pumping Station,operator,e151c906230f47269730e753e0212aba_pol_pumping_station
8a56cd47_01_01_28,Pol Pumping Station,posrel,e151c906230f47269730e753e0212aba_pol_pumping_station
8a56cd47_01_01_29,Pol Pumping Station,commodity,e151c906230f47269730e753e0212aba_pol_pumping_station
8a56cd47_01_01_30,Pol Pumping Station,epa_id,e151c906230f47269730e753e0212aba_pol_pumping_station
8a56cd47_01_01_31,Pol Pumping Station,operatorid,e151c906230f47269730e753e0212aba_pol_pumping_station
8a56cd47_01_01_32,Pol Pumping Station,unit_id,e151c906230f47269730e753e0212aba_pol_pumping_station
acff248b_01_01_01,Veterans Health Administration Medical Facilities,objectid_1,e8e2c66bb90a46a8a1c103f71a0f0ac0_veterans_health_administration
acff248b_01_01_02,Veterans Health Administration Medical Facilities,name,e8e2c66bb90a46a8a1c103f71a0f0ac0_veterans_health_administration
acff248b_01_01_03,Veterans Health Administration Medical Facilities,address,e8e2c66bb90a46a8a1c103f71a0f0ac0_veterans_health_administration
acff248b_01_01_04,Veterans Health Administration Medical Facilities,address2,e8e2c66bb90a46a8a1c103f71a0f0ac0_veterans_health_administration
acff248b_01_01_05,Veterans Health Administration Medical Facilities,city,e8e2c66bb90a46a8a1c103f71a0f0ac0_veterans_health_administration
acff248b_01_01_06,Veterans Health Administration Medical Facilities,state,e8e2c66bb90a46a8a1c103f71a0f0ac0_veterans_health_administration
acff248b_01_01_07,Veterans Health Administration Medical Facilities,zip,e8e2c66bb90a46a8a1c103f71a0f0ac0_veterans_health_administration
acff248b_01_01_08,Veterans Health Administration Medical Facilities,zipp4,e8e2c66bb90a46a8a1c103f71a0f0ac0_veterans_health_administration
acff248b_01_01_09,Veterans Health Administration Medical Facilities,county,e8e2c66bb90a46a8a1c103f71a0f0ac0_veterans_health_administration
acff248b_01_01_10,Veterans Health Administration Medical Facilities,fips,e8e2c66bb90a46a8a1c103f71a0f0ac0_veterans_health_administration
acff248b_01_01_11,Veterans Health Administration Medical Facilities,directions,e8e2c66bb90a46a8a1c103f71a0f0ac0_veterans_health_administration
acff248b_01_01_12,Veterans Health Administration Medical Facilities,contdate,e8e2c66bb90a46a8a1c103f71a0f0ac0_veterans_health_administration
acff248b_01_01_13,Veterans Health Administration Medical Facilities,conthow,e8e2c66bb90a46a8a1c103f71a0f0ac0_veterans_health_administration
acff248b_01_01_14,Veterans Health Administration Medical Facilities,geodate,e8e2c66bb90a46a8a1c103f71a0f0ac0_veterans_health_administration
acff248b_01_01_15,Veterans Health Administration Medical Facilities,geohow,e8e2c66bb90a46a8a1c103f71a0f0ac0_veterans_health_administration
acff248b_01_01_16,Veterans Health Administration Medical Facilities,naicscode,e8e2c66bb90a46a8a1c103f71a0f0ac0_veterans_health_administration
acff248b_01_01_17,Veterans Health Administration Medical Facilities,naicsdescr,e8e2c66bb90a46a8a1c103f71a0f0ac0_veterans_health_administration
acff248b_01_01_18,Veterans Health Administration Medical Facilities,geolinkid,e8e2c66bb90a46a8a1c103f71a0f0ac0_veterans_health_administration
acff248b_01_01_19,Veterans Health Administration Medical Facilities,longitude,e8e2c66bb90a46a8a1c103f71a0f0ac0_veterans_health_administration
acff248b_01_01_20,Veterans Health Administration Medical Facilities,latitude,e8e2c66bb90a46a8a1c103f71a0f0ac0_veterans_health_administration
acff248b_01_01_21,Veterans Health Administration Medical Facilities,st_vendor,e8e2c66bb90a46a8a1c103f71a0f0ac0_veterans_health_administration
acff248b_01_01_22,Veterans Health Administration Medical Facilities,st_version,e8e2c66bb90a46a8a1c103f71a0f0ac0_veterans_health_administration
acff248b_01_01_23,Veterans Health Administration Medical Facilities,geoprec,e8e2c66bb90a46a8a1c103f71a0f0ac0_veterans_health_administration
acff248b_01_01_24,Veterans Health Administration Medical Facilities,phoneloc,e8e2c66bb90a46a8a1c103f71a0f0ac0_veterans_health_administration
acff248b_01_01_25,Veterans Health Administration Medical Facilities,qc_qa,e8e2c66bb90a46a8a1c103f71a0f0ac0_veterans_health_administration
acff248b_01_01_26,Veterans Health Administration Medical Facilities,sta_no,e8e2c66bb90a46a8a1c103f71a0f0ac0_veterans_health_administration
acff248b_01_01_27,Veterans Health Administration Medical Facilities,uid_,e8e2c66bb90a46a8a1c103f71a0f0ac0_veterans_health_administration
acff248b_01_01_28,Veterans Health Administration Medical Facilities,extrdate,e8e2c66bb90a46a8a1c103f71a0f0ac0_veterans_health_administration
acff248b_01_01_29,Veterans Health Administration Medical Facilities,visn,e8e2c66bb90a46a8a1c103f71a0f0ac0_veterans_health_administration
acff248b_01_01_30,Veterans Health Administration Medical Facilities,prov,e8e2c66bb90a46a8a1c103f71a0f0ac0_veterans_health_administration
acff248b_01_01_31,Veterans Health Administration Medical Facilities,cont,e8e2c66bb90a46a8a1c103f71a0f0ac0_veterans_health_administration
acff248b_01_01_32,Veterans Health Administration Medical Facilities,par_sta_no,e8e2c66bb90a46a8a1c103f71a0f0ac0_veterans_health_administration
acff248b_01_01_33,Veterans Health Administration Medical Facilities,pod,e8e2c66bb90a46a8a1c103f71a0f0ac0_veterans_health_administration
acff248b_01_01_34,Veterans Health Administration Medical Facilities,oper_date,e8e2c66bb90a46a8a1c103f71a0f0ac0_veterans_health_administration
acff248b_01_01_35,Veterans Health Administration Medical Facilities,sh_par_sta,e8e2c66bb90a46a8a1c103f71a0f0ac0_veterans_health_administration
acff248b_01_01_36,Veterans Health Administration Medical Facilities,cboc,e8e2c66bb90a46a8a1c103f71a0f0ac0_veterans_health_administration
acff248b_01_01_37,Veterans Health Administration Medical Facilities,rrtp,e8e2c66bb90a46a8a1c103f71a0f0ac0_veterans_health_administration
acff248b_01_01_38,Veterans Health Administration Medical Facilities,ioc,e8e2c66bb90a46a8a1c103f71a0f0ac0_veterans_health_administration
acff248b_01_01_39,Veterans Health Administration Medical Facilities,moc,e8e2c66bb90a46a8a1c103f71a0f0ac0_veterans_health_administration
acff248b_01_01_40,Veterans Health Administration Medical Facilities,vamc,e8e2c66bb90a46a8a1c103f71a0f0ac0_veterans_health_administration
acff248b_01_01_41,Veterans Health Administration Medical Facilities,vctr,e8e2c66bb90a46a8a1c103f71a0f0ac0_veterans_health_administration
acff248b_01_01_42,Veterans Health Administration Medical Facilities,hboc,e8e2c66bb90a46a8a1c103f71a0f0ac0_veterans_health_administration
acff248b_01_01_43,Veterans Health Administration Medical Facilities,vanh,e8e2c66bb90a46a8a1c103f71a0f0ac0_veterans_health_administration
acff248b_01_01_44,Veterans Health Administration Medical Facilities,cd115,e8e2c66bb90a46a8a1c103f71a0f0ac0_veterans_health_administration
acff248b_01_01_45,Veterans Health Administration Medical Facilities,prim_svc,e8e2c66bb90a46a8a1c103f71a0f0ac0_veterans_health_administration
acff248b_01_01_46,Veterans Health Administration Medical Facilities,ulid,e8e2c66bb90a46a8a1c103f71a0f0ac0_veterans_health_administration
acff248b_01_01_47,Veterans Health Administration Medical Facilities,cbsa,e8e2c66bb90a46a8a1c103f71a0f0ac0_veterans_health_administration
acff248b_01_01_48,Veterans Health Administration Medical Facilities,ua,e8e2c66bb90a46a8a1c103f71a0f0ac0_veterans_health_administration
acff248b_01_01_49,Veterans Health Administration Medical Facilities,urh,e8e2c66bb90a46a8a1c103f71a0f0ac0_veterans_health_administration
acff248b_01_01_50,Veterans Health Administration Medical Facilities,unique_id,e8e2c66bb90a46a8a1c103f71a0f0ac0_veterans_health_administration
acff248b_01_01_51,Veterans Health Administration Medical Facilities,sta_fax,e8e2c66bb90a46a8a1c103f71a0f0ac0_veterans_health_administration
acff248b_01_01_52,Veterans Health Administration Medical Facilities,shar,e8e2c66bb90a46a8a1c103f71a0f0ac0_veterans_health_administration
acff248b_01_01_53,Veterans Health Administration Medical Facilities,phone,e8e2c66bb90a46a8a1c103f71a0f0ac0_veterans_health_administration
4daaa5fe_01_01_01,Local Law Enforcement,objectid,e936ab9aa9724c2f82cc0d78991aed55_local_law_enforcement
4daaa5fe_01_01_02,Local Law Enforcement,id,e936ab9aa9724c2f82cc0d78991aed55_local_law_enforcement
4daaa5fe_01_01_03,Local Law Enforcement,name,e936ab9aa9724c2f82cc0d78991aed55_local_law_enforcement
4daaa5fe_01_01_04,Local Law Enforcement,address,e936ab9aa9724c2f82cc0d78991aed55_local_law_enforcement
4daaa5fe_01_01_05,Local Law Enforcement,city,e936ab9aa9724c2f82cc0d78991aed55_local_law_enforcement
4daaa5fe_01_01_06,Local Law Enforcement,state,e936ab9aa9724c2f82cc0d78991aed55_local_law_enforcement
4daaa5fe_01_01_07,Local Law Enforcement,zip,e936ab9aa9724c2f82cc0d78991aed55_local_law_enforcement
4daaa5fe_01_01_08,Local Law Enforcement,zip4,e936ab9aa9724c2f82cc0d78991aed55_local_law_enforcement
4daaa5fe_01_01_09,Local Law Enforcement,telephone,e936ab9aa9724c2f82cc0d78991aed55_local_law_enforcement
4daaa5fe_01_01_10,Local Law Enforcement,type,e936ab9aa9724c2f82cc0d78991aed55_local_law_enforcement
4daaa5fe_01_01_11,Local Law Enforcement,status,e936ab9aa9724c2f82cc0d78991aed55_local_law_enforcement
4daaa5fe_01_01_12,Local Law Enforcement,population,e936ab9aa9724c2f82cc0d78991aed55_local_law_enforcement
4daaa5fe_01_01_13,Local Law Enforcement,county,e936ab9aa9724c2f82cc0d78991aed55_local_law_enforcement
4daaa5fe_01_01_14,Local Law Enforcement,countyfips,e936ab9aa9724c2f82cc0d78991aed55_local_law_enforcement
4daaa5fe_01_01_15,Local Law Enforcement,country,e936ab9aa9724c2f82cc0d78991aed55_local_law_enforcement
4daaa5fe_01_01_16,Local Law Enforcement,latitude,e936ab9aa9724c2f82cc0d78991aed55_local_law_enforcement
4daaa5fe_01_01_17,Local Law Enforcement,longitude,e936ab9aa9724c2f82cc0d78991aed55_local_law_enforcement
4daaa5fe_01_01_18,Local Law Enforcement,naics_code,e936ab9aa9724c2f82cc0d78991aed55_local_law_enforcement
4daaa5fe_01_01_19,Local Law Enforcement,naics_desc,e936ab9aa9724c2f82cc0d78991aed55_local_law_enforcement
4daaa5fe_01_01_20,Local Law Enforcement,source,e936ab9aa9724c2f82cc0d78991aed55_local_law_enforcement
4daaa5fe_01_01_21,Local Law Enforcement,sourcedate,e936ab9aa9724c2f82cc0d78991aed55_local_law_enforcement
4daaa5fe_01_01_22,Local Law Enforcement,val_method,e936ab9aa9724c2f82cc0d78991aed55_local_law_enforcement
4daaa5fe_01_01_23,Local Law Enforcement,val_date,e936ab9aa9724c2f82cc0d78991aed55_local_law_enforcement
4daaa5fe_01_01_24,Local Law Enforcement,website,e936ab9aa9724c2f82cc0d78991aed55_local_law_enforcement
4daaa5fe_01_01_25,Local Law Enforcement,ci_id,e936ab9aa9724c2f82cc0d78991aed55_local_law_enforcement
4daaa5fe_01_01_26,Local Law Enforcement,csllea08id,e936ab9aa9724c2f82cc0d78991aed55_local_law_enforcement
4daaa5fe_01_01_27,Local Law Enforcement,subtype1,e936ab9aa9724c2f82cc0d78991aed55_local_law_enforcement
4daaa5fe_01_01_28,Local Law Enforcement,subtype2,e936ab9aa9724c2f82cc0d78991aed55_local_law_enforcement
4daaa5fe_01_01_29,Local Law Enforcement,tribal,e936ab9aa9724c2f82cc0d78991aed55_local_law_enforcement
4daaa5fe_01_01_30,Local Law Enforcement,numpre,e936ab9aa9724c2f82cc0d78991aed55_local_law_enforcement
4daaa5fe_01_01_31,Local Law Enforcement,numfixsub,e936ab9aa9724c2f82cc0d78991aed55_local_law_enforcement
4daaa5fe_01_01_32,Local Law Enforcement,nummobile,e936ab9aa9724c2f82cc0d78991aed55_local_law_enforcement
4daaa5fe_01_01_33,Local Law Enforcement,ftsworn,e936ab9aa9724c2f82cc0d78991aed55_local_law_enforcement
4daaa5fe_01_01_34,Local Law Enforcement,ftciv,e936ab9aa9724c2f82cc0d78991aed55_local_law_enforcement
4daaa5fe_01_01_35,Local Law Enforcement,ptsworn,e936ab9aa9724c2f82cc0d78991aed55_local_law_enforcement
4daaa5fe_01_01_36,Local Law Enforcement,ptciv,e936ab9aa9724c2f82cc0d78991aed55_local_law_enforcement
3eedda07_01_01_01,Ea88Ea40-5582-4F44-B66F-55E860Dda0482020330-1-Ganxfh.P9F5C,ogc_fid,ea88ea40_5582_4f44_b66f_55e860dda0482020330_1_ganxfh
3eedda07_01_01_03,Ea88Ea40-5582-4F44-B66F-55E860Dda0482020330-1-Ganxfh.P9F5C,fid,ea88ea40_5582_4f44_b66f_55e860dda0482020330_1_ganxfh
3eedda07_01_01_04,Ea88Ea40-5582-4F44-B66F-55E860Dda0482020330-1-Ganxfh.P9F5C,registry_i,ea88ea40_5582_4f44_b66f_55e860dda0482020330_1_ganxfh
3eedda07_01_01_05,Ea88Ea40-5582-4F44-B66F-55E860Dda0482020330-1-Ganxfh.P9F5C,primary_na,ea88ea40_5582_4f44_b66f_55e860dda0482020330_1_ganxfh
3eedda07_01_01_06,Ea88Ea40-5582-4F44-B66F-55E860Dda0482020330-1-Ganxfh.P9F5C,location_a,ea88ea40_5582_4f44_b66f_55e860dda0482020330_1_ganxfh
3eedda07_01_01_07,Ea88Ea40-5582-4F44-B66F-55E860Dda0482020330-1-Ganxfh.P9F5C,city_name,ea88ea40_5582_4f44_b66f_55e860dda0482020330_1_ganxfh
3eedda07_01_01_08,Ea88Ea40-5582-4F44-B66F-55E860Dda0482020330-1-Ganxfh.P9F5C,county_nam,ea88ea40_5582_4f44_b66f_55e860dda0482020330_1_ganxfh
3eedda07_01_01_09,Ea88Ea40-5582-4F44-B66F-55E860Dda0482020330-1-Ganxfh.P9F5C,fips_code,ea88ea40_5582_4f44_b66f_55e860dda0482020330_1_ganxfh
3eedda07_01_01_10,Ea88Ea40-5582-4F44-B66F-55E860Dda0482020330-1-Ganxfh.P9F5C,state_code,ea88ea40_5582_4f44_b66f_55e860dda0482020330_1_ganxfh
3eedda07_01_01_11,Ea88Ea40-5582-4F44-B66F-55E860Dda0482020330-1-Ganxfh.P9F5C,postal_cod,ea88ea40_5582_4f44_b66f_55e860dda0482020330_1_ganxfh
3eedda07_01_01_12,Ea88Ea40-5582-4F44-B66F-55E860Dda0482020330-1-Ganxfh.P9F5C,latitude83,ea88ea40_5582_4f44_b66f_55e860dda0482020330_1_ganxfh
3eedda07_01_01_13,Ea88Ea40-5582-4F44-B66F-55E860Dda0482020330-1-Ganxfh.P9F5C,longitude8,ea88ea40_5582_4f44_b66f_55e860dda0482020330_1_ganxfh
3eedda07_01_01_14,Ea88Ea40-5582-4F44-B66F-55E860Dda0482020330-1-Ganxfh.P9F5C,huc8_code,ea88ea40_5582_4f44_b66f_55e860dda0482020330_1_ganxfh
3eedda07_01_01_15,Ea88Ea40-5582-4F44-B66F-55E860Dda0482020330-1-Ganxfh.P9F5C,accuracy_v,ea88ea40_5582_4f44_b66f_55e860dda0482020330_1_ganxfh
3eedda07_01_01_16,Ea88Ea40-5582-4F44-B66F-55E860Dda0482020330-1-Ganxfh.P9F5C,collect_mt,ea88ea40_5582_4f44_b66f_55e860dda0482020330_1_ganxfh
3eedda07_01_01_17,Ea88Ea40-5582-4F44-B66F-55E860Dda0482020330-1-Ganxfh.P9F5C,ref_point_,ea88ea40_5582_4f44_b66f_55e860dda0482020330_1_ganxfh
3eedda07_01_01_18,Ea88Ea40-5582-4F44-B66F-55E860Dda0482020330-1-Ganxfh.P9F5C,create_dat,ea88ea40_5582_4f44_b66f_55e860dda0482020330_1_ganxfh
3eedda07_01_01_19,Ea88Ea40-5582-4F44-B66F-55E860Dda0482020330-1-Ganxfh.P9F5C,update_dat,ea88ea40_5582_4f44_b66f_55e860dda0482020330_1_ganxfh
3eedda07_01_01_20,Ea88Ea40-5582-4F44-B66F-55E860Dda0482020330-1-Ganxfh.P9F5C,last_repor,ea88ea40_5582_4f44_b66f_55e860dda0482020330_1_ganxfh
3eedda07_01_01_21,Ea88Ea40-5582-4F44-B66F-55E860Dda0482020330-1-Ganxfh.P9F5C,fac_url,ea88ea40_5582_4f44_b66f_55e860dda0482020330_1_ganxfh
3eedda07_01_01_22,Ea88Ea40-5582-4F44-B66F-55E860Dda0482020330-1-Ganxfh.P9F5C,pgm_sys_id,ea88ea40_5582_4f44_b66f_55e860dda0482020330_1_ganxfh
3eedda07_01_01_23,Ea88Ea40-5582-4F44-B66F-55E860Dda0482020330-1-Ganxfh.P9F5C,pgm_sys_ac,ea88ea40_5582_4f44_b66f_55e860dda0482020330_1_ganxfh
3eedda07_01_01_24,Ea88Ea40-5582-4F44-B66F-55E860Dda0482020330-1-Ganxfh.P9F5C,interest_t,ea88ea40_5582_4f44_b66f_55e860dda0482020330_1_ganxfh
3eedda07_01_01_25,Ea88Ea40-5582-4F44-B66F-55E860Dda0482020330-1-Ganxfh.P9F5C,active_sta,ea88ea40_5582_4f44_b66f_55e860dda0482020330_1_ganxfh
3eedda07_01_01_26,Ea88Ea40-5582-4F44-B66F-55E860Dda0482020330-1-Ganxfh.P9F5C,public_ind,ea88ea40_5582_4f44_b66f_55e860dda0482020330_1_ganxfh
3eedda07_01_01_27,Ea88Ea40-5582-4F44-B66F-55E860Dda0482020330-1-Ganxfh.P9F5C,program_ur,ea88ea40_5582_4f44_b66f_55e860dda0482020330_1_ganxfh
3eedda07_01_01_28,Ea88Ea40-5582-4F44-B66F-55E860Dda0482020330-1-Ganxfh.P9F5C,pgm_report,ea88ea40_5582_4f44_b66f_55e860dda0482020330_1_ganxfh
628239e7_01_01_01,Eaac77Ea-729E-4370-8Eb9-D77706E2260B2020229-1-174Bmb3.7Dfpl,ogc_fid,eaac77ea_729e_4370_8eb9_d77706e2260b2020229_1_174bmb3
628239e7_01_01_03,Eaac77Ea-729E-4370-8Eb9-D77706E2260B2020229-1-174Bmb3.7Dfpl,objectid,eaac77ea_729e_4370_8eb9_d77706e2260b2020229_1_174bmb3
628239e7_01_01_04,Eaac77Ea-729E-4370-8Eb9-D77706E2260B2020229-1-174Bmb3.7Dfpl,component,eaac77ea_729e_4370_8eb9_d77706e2260b2020229_1_174bmb3
628239e7_01_01_05,Eaac77Ea-729E-4370-8Eb9-D77706E2260B2020229-1-174Bmb3.7Dfpl,site_name,eaac77ea_729e_4370_8eb9_d77706e2260b2020229_1_174bmb3
628239e7_01_01_06,Eaac77Ea-729E-4370-8Eb9-D77706E2260B2020229-1-174Bmb3.7Dfpl,joint_base,eaac77ea_729e_4370_8eb9_d77706e2260b2020229_1_174bmb3
628239e7_01_01_07,Eaac77Ea-729E-4370-8Eb9-D77706E2260B2020229-1-174Bmb3.7Dfpl,state_terr,eaac77ea_729e_4370_8eb9_d77706e2260b2020229_1_174bmb3
628239e7_01_01_08,Eaac77Ea-729E-4370-8Eb9-D77706E2260B2020229-1-174Bmb3.7Dfpl,country,eaac77ea_729e_4370_8eb9_d77706e2260b2020229_1_174bmb3
628239e7_01_01_09,Eaac77Ea-729E-4370-8Eb9-D77706E2260B2020229-1-174Bmb3.7Dfpl,oper_stat,eaac77ea_729e_4370_8eb9_d77706e2260b2020229_1_174bmb3
b948c7dc_01_01_01,Convention Centers Fairgrounds,objectid,efc8ed9f0a734efeba33ccb6622739c9_conventioncentersfairgrounds
b948c7dc_01_01_02,Convention Centers Fairgrounds,conv_id,efc8ed9f0a734efeba33ccb6622739c9_conventioncentersfairgrounds
b948c7dc_01_01_03,Convention Centers Fairgrounds,name,efc8ed9f0a734efeba33ccb6622739c9_conventioncentersfairgrounds
b948c7dc_01_01_04,Convention Centers Fairgrounds,address,efc8ed9f0a734efeba33ccb6622739c9_conventioncentersfairgrounds
b948c7dc_01_01_05,Convention Centers Fairgrounds,city,efc8ed9f0a734efeba33ccb6622739c9_conventioncentersfairgrounds
b948c7dc_01_01_06,Convention Centers Fairgrounds,state,efc8ed9f0a734efeba33ccb6622739c9_conventioncentersfairgrounds
b948c7dc_01_01_07,Convention Centers Fairgrounds,zip,efc8ed9f0a734efeba33ccb6622739c9_conventioncentersfairgrounds
b948c7dc_01_01_08,Convention Centers Fairgrounds,zip4,efc8ed9f0a734efeba33ccb6622739c9_conventioncentersfairgrounds
b948c7dc_01_01_09,Convention Centers Fairgrounds,telephone,efc8ed9f0a734efeba33ccb6622739c9_conventioncentersfairgrounds
b948c7dc_01_01_10,Convention Centers Fairgrounds,type,efc8ed9f0a734efeba33ccb6622739c9_conventioncentersfairgrounds
b948c7dc_01_01_11,Convention Centers Fairgrounds,status,efc8ed9f0a734efeba33ccb6622739c9_conventioncentersfairgrounds
b948c7dc_01_01_12,Convention Centers Fairgrounds,county,efc8ed9f0a734efeba33ccb6622739c9_conventioncentersfairgrounds
b948c7dc_01_01_13,Convention Centers Fairgrounds,countyfips,efc8ed9f0a734efeba33ccb6622739c9_conventioncentersfairgrounds
b948c7dc_01_01_14,Convention Centers Fairgrounds,country,efc8ed9f0a734efeba33ccb6622739c9_conventioncentersfairgrounds
b948c7dc_01_01_15,Convention Centers Fairgrounds,latitude,efc8ed9f0a734efeba33ccb6622739c9_conventioncentersfairgrounds
b948c7dc_01_01_16,Convention Centers Fairgrounds,longitude,efc8ed9f0a734efeba33ccb6622739c9_conventioncentersfairgrounds
b948c7dc_01_01_17,Convention Centers Fairgrounds,naics_code,efc8ed9f0a734efeba33ccb6622739c9_conventioncentersfairgrounds
b948c7dc_01_01_18,Convention Centers Fairgrounds,naics_desc,efc8ed9f0a734efeba33ccb6622739c9_conventioncentersfairgrounds
b948c7dc_01_01_19,Convention Centers Fairgrounds,source,efc8ed9f0a734efeba33ccb6622739c9_conventioncentersfairgrounds
b948c7dc_01_01_20,Convention Centers Fairgrounds,sourcedate,efc8ed9f0a734efeba33ccb6622739c9_conventioncentersfairgrounds
b948c7dc_01_01_21,Convention Centers Fairgrounds,val_method,efc8ed9f0a734efeba33ccb6622739c9_conventioncentersfairgrounds
b948c7dc_01_01_22,Convention Centers Fairgrounds,val_date,efc8ed9f0a734efeba33ccb6622739c9_conventioncentersfairgrounds
b948c7dc_01_01_23,Convention Centers Fairgrounds,website,efc8ed9f0a734efeba33ccb6622739c9_conventioncentersfairgrounds
b948c7dc_01_01_24,Convention Centers Fairgrounds,complexnm,efc8ed9f0a734efeba33ccb6622739c9_conventioncentersfairgrounds
b948c7dc_01_01_25,Convention Centers Fairgrounds,formernm,efc8ed9f0a734efeba33ccb6622739c9_conventioncentersfairgrounds
b948c7dc_01_01_26,Convention Centers Fairgrounds,yearchng,efc8ed9f0a734efeba33ccb6622739c9_conventioncentersfairgrounds
b948c7dc_01_01_27,Convention Centers Fairgrounds,fixed_sts,efc8ed9f0a734efeba33ccb6622739c9_conventioncentersfairgrounds
b948c7dc_01_01_28,Convention Centers Fairgrounds,ballroom,efc8ed9f0a734efeba33ccb6622739c9_conventioncentersfairgrounds
b948c7dc_01_01_29,Convention Centers Fairgrounds,exhibit,efc8ed9f0a734efeba33ccb6622739c9_conventioncentersfairgrounds
b948c7dc_01_01_30,Convention Centers Fairgrounds,lobby,efc8ed9f0a734efeba33ccb6622739c9_conventioncentersfairgrounds
b948c7dc_01_01_31,Convention Centers Fairgrounds,main_floor,efc8ed9f0a734efeba33ccb6622739c9_conventioncentersfairgrounds
b948c7dc_01_01_32,Convention Centers Fairgrounds,outdoor,efc8ed9f0a734efeba33ccb6622739c9_conventioncentersfairgrounds
b948c7dc_01_01_33,Convention Centers Fairgrounds,pre_funct,efc8ed9f0a734efeba33ccb6622739c9_conventioncentersfairgrounds
b948c7dc_01_01_34,Convention Centers Fairgrounds,meet_rooms,efc8ed9f0a734efeba33ccb6622739c9_conventioncentersfairgrounds
e3304b35_01_01_01,Environmental Protection Agency (Epa) Facility Registry Service (Frs) Power Plants,ogc_fid,environmental_protection_agency__epa__facility_registry_service
e3304b35_01_01_03,Environmental Protection Agency (Epa) Facility Registry Service (Frs) Power Plants,objectid_1,environmental_protection_agency__epa__facility_registry_service
e3304b35_01_01_04,Environmental Protection Agency (Epa) Facility Registry Service (Frs) Power Plants,objectid,environmental_protection_agency__epa__facility_registry_service
e3304b35_01_01_05,Environmental Protection Agency (Epa) Facility Registry Service (Frs) Power Plants,utility_id,environmental_protection_agency__epa__facility_registry_service
e3304b35_01_01_06,Environmental Protection Agency (Epa) Facility Registry Service (Frs) Power Plants,utility_na,environmental_protection_agency__epa__facility_registry_service
e3304b35_01_01_07,Environmental Protection Agency (Epa) Facility Registry Service (Frs) Power Plants,plant_code,environmental_protection_agency__epa__facility_registry_service
e3304b35_01_01_08,Environmental Protection Agency (Epa) Facility Registry Service (Frs) Power Plants,plant_name,environmental_protection_agency__epa__facility_registry_service
e3304b35_01_01_09,Environmental Protection Agency (Epa) Facility Registry Service (Frs) Power Plants,state,environmental_protection_agency__epa__facility_registry_service
e3304b35_01_01_10,Environmental Protection Agency (Epa) Facility Registry Service (Frs) Power Plants,county,environmental_protection_agency__epa__facility_registry_service
e3304b35_01_01_11,Environmental Protection Agency (Epa) Facility Registry Service (Frs) Power Plants,generator_,environmental_protection_agency__epa__facility_registry_service
e3304b35_01_01_12,Environmental Protection Agency (Epa) Facility Registry Service (Frs) Power Plants,prime_move,environmental_protection_agency__epa__facility_registry_service
e3304b35_01_01_13,Environmental Protection Agency (Epa) Facility Registry Service (Frs) Power Plants,unit_code,environmental_protection_agency__epa__facility_registry_service
e3304b35_01_01_14,Environmental Protection Agency (Epa) Facility Registry Service (Frs) Power Plants,ownership,environmental_protection_agency__epa__facility_registry_service
e3304b35_01_01_15,Environmental Protection Agency (Epa) Facility Registry Service (Frs) Power Plants,duct_burne,environmental_protection_agency__epa__facility_registry_service
e3304b35_01_01_16,Environmental Protection Agency (Epa) Facility Registry Service (Frs) Power Plants,status,environmental_protection_agency__epa__facility_registry_service
e3304b35_01_01_17,Environmental Protection Agency (Epa) Facility Registry Service (Frs) Power Plants,operating_,environmental_protection_agency__epa__facility_registry_service
e3304b35_01_01_18,Environmental Protection Agency (Epa) Facility Registry Service (Frs) Power Plants,operatin_1,environmental_protection_agency__epa__facility_registry_service
e3304b35_01_01_19,Environmental Protection Agency (Epa) Facility Registry Service (Frs) Power Plants,planned_re,environmental_protection_agency__epa__facility_registry_service
e3304b35_01_01_20,Environmental Protection Agency (Epa) Facility Registry Service (Frs) Power Plants,planned__1,environmental_protection_agency__epa__facility_registry_service
e3304b35_01_01_21,Environmental Protection Agency (Epa) Facility Registry Service (Frs) Power Plants,sector_nam,environmental_protection_agency__epa__facility_registry_service
e3304b35_01_01_22,Environmental Protection Agency (Epa) Facility Registry Service (Frs) Power Plants,sector,environmental_protection_agency__epa__facility_registry_service
e3304b35_01_01_23,Environmental Protection Agency (Epa) Facility Registry Service (Frs) Power Plants,energy_sou,environmental_protection_agency__epa__facility_registry_service
e3304b35_01_01_24,Environmental Protection Agency (Epa) Facility Registry Service (Frs) Power Plants,energy_s_1,environmental_protection_agency__epa__facility_registry_service
e3304b35_01_01_25,Environmental Protection Agency (Epa) Facility Registry Service (Frs) Power Plants,energy_s_2,environmental_protection_agency__epa__facility_registry_service
e3304b35_01_01_26,Environmental Protection Agency (Epa) Facility Registry Service (Frs) Power Plants,energy_s_3,environmental_protection_agency__epa__facility_registry_service
e3304b35_01_01_27,Environmental Protection Agency (Epa) Facility Registry Service (Frs) Power Plants,energy_s_4,environmental_protection_agency__epa__facility_registry_service
e3304b35_01_01_28,Environmental Protection Agency (Epa) Facility Registry Service (Frs) Power Plants,energy_s_5,environmental_protection_agency__epa__facility_registry_service
e3304b35_01_01_29,Environmental Protection Agency (Epa) Facility Registry Service (Frs) Power Plants,startup_so,environmental_protection_agency__epa__facility_registry_service
e3304b35_01_01_30,Environmental Protection Agency (Epa) Facility Registry Service (Frs) Power Plants,startup__1,environmental_protection_agency__epa__facility_registry_service
e3304b35_01_01_31,Environmental Protection Agency (Epa) Facility Registry Service (Frs) Power Plants,startup__2,environmental_protection_agency__epa__facility_registry_service
e3304b35_01_01_32,Environmental Protection Agency (Epa) Facility Registry Service (Frs) Power Plants,startup__3,environmental_protection_agency__epa__facility_registry_service
e3304b35_01_01_33,Environmental Protection Agency (Epa) Facility Registry Service (Frs) Power Plants,planned_en,environmental_protection_agency__epa__facility_registry_service
e3304b35_01_01_34,Environmental Protection Agency (Epa) Facility Registry Service (Frs) Power Plants,planned__2,environmental_protection_agency__epa__facility_registry_service
e3304b35_01_01_35,Environmental Protection Agency (Epa) Facility Registry Service (Frs) Power Plants,planned__3,environmental_protection_agency__epa__facility_registry_service
e3304b35_01_01_36,Environmental Protection Agency (Epa) Facility Registry Service (Frs) Power Plants,registry_i,environmental_protection_agency__epa__facility_registry_service
e3304b35_01_01_37,Environmental Protection Agency (Epa) Facility Registry Service (Frs) Power Plants,primary_na,environmental_protection_agency__epa__facility_registry_service
e3304b35_01_01_38,Environmental Protection Agency (Epa) Facility Registry Service (Frs) Power Plants,location_a,environmental_protection_agency__epa__facility_registry_service
e3304b35_01_01_39,Environmental Protection Agency (Epa) Facility Registry Service (Frs) Power Plants,city_name,environmental_protection_agency__epa__facility_registry_service
e3304b35_01_01_40,Environmental Protection Agency (Epa) Facility Registry Service (Frs) Power Plants,county_nam,environmental_protection_agency__epa__facility_registry_service
e3304b35_01_01_41,Environmental Protection Agency (Epa) Facility Registry Service (Frs) Power Plants,state_code,environmental_protection_agency__epa__facility_registry_service
e3304b35_01_01_42,Environmental Protection Agency (Epa) Facility Registry Service (Frs) Power Plants,postal_cod,environmental_protection_agency__epa__facility_registry_service
e3304b35_01_01_43,Environmental Protection Agency (Epa) Facility Registry Service (Frs) Power Plants,fips_code,environmental_protection_agency__epa__facility_registry_service
e3304b35_01_01_44,Environmental Protection Agency (Epa) Facility Registry Service (Frs) Power Plants,country_na,environmental_protection_agency__epa__facility_registry_service
e3304b35_01_01_45,Environmental Protection Agency (Epa) Facility Registry Service (Frs) Power Plants,pgm_sys_ac,environmental_protection_agency__epa__facility_registry_service
e3304b35_01_01_46,Environmental Protection Agency (Epa) Facility Registry Service (Frs) Power Plants,pgm_sys_id,environmental_protection_agency__epa__facility_registry_service
e3304b35_01_01_47,Environmental Protection Agency (Epa) Facility Registry Service (Frs) Power Plants,latitude83,environmental_protection_agency__epa__facility_registry_service
e3304b35_01_01_48,Environmental Protection Agency (Epa) Facility Registry Service (Frs) Power Plants,longitude8,environmental_protection_agency__epa__facility_registry_service
e3304b35_01_01_49,Environmental Protection Agency (Epa) Facility Registry Service (Frs) Power Plants,ref_point_,environmental_protection_agency__epa__facility_registry_service
e3304b35_01_01_50,Environmental Protection Agency (Epa) Facility Registry Service (Frs) Power Plants,derived_hu,environmental_protection_agency__epa__facility_registry_service
e3304b35_01_01_51,Environmental Protection Agency (Epa) Facility Registry Service (Frs) Power Plants,derived_wb,environmental_protection_agency__epa__facility_registry_service
e3304b35_01_01_52,Environmental Protection Agency (Epa) Facility Registry Service (Frs) Power Plants,derived_cb,environmental_protection_agency__epa__facility_registry_service
e3304b35_01_01_53,Environmental Protection Agency (Epa) Facility Registry Service (Frs) Power Plants,derived_cd,environmental_protection_agency__epa__facility_registry_service
e3304b35_01_01_54,Environmental Protection Agency (Epa) Facility Registry Service (Frs) Power Plants,ozone_8hr_,environmental_protection_agency__epa__facility_registry_service
e3304b35_01_01_55,Environmental Protection Agency (Epa) Facility Registry Service (Frs) Power Plants,pb_2008_ar,environmental_protection_agency__epa__facility_registry_service
e3304b35_01_01_56,Environmental Protection Agency (Epa) Facility Registry Service (Frs) Power Plants,pm25_1997_,environmental_protection_agency__epa__facility_registry_service
e3304b35_01_01_57,Environmental Protection Agency (Epa) Facility Registry Service (Frs) Power Plants,pm25_2006_,environmental_protection_agency__epa__facility_registry_service
e3304b35_01_01_58,Environmental Protection Agency (Epa) Facility Registry Service (Frs) Power Plants,ozone_8h_1,environmental_protection_agency__epa__facility_registry_service
e3304b35_01_01_59,Environmental Protection Agency (Epa) Facility Registry Service (Frs) Power Plants,federal_ag,environmental_protection_agency__epa__facility_registry_service
e3304b35_01_01_60,Environmental Protection Agency (Epa) Facility Registry Service (Frs) Power Plants,huc_12,environmental_protection_agency__epa__facility_registry_service
e3304b35_01_01_61,Environmental Protection Agency (Epa) Facility Registry Service (Frs) Power Plants,federal_la,environmental_protection_agency__epa__facility_registry_service
934c1f2c_01_01_01,Epa Comprehensive Environmental Response Compensation And Liability Information System Facilities,ogc_fid,epa_comprehensive_environmental_response_compensation_and_liabi
934c1f2c_01_01_03,Epa Comprehensive Environmental Response Compensation And Liability Information System Facilities,objectid,epa_comprehensive_environmental_response_compensation_and_liabi
934c1f2c_01_01_04,Epa Comprehensive Environmental Response Compensation And Liability Information System Facilities,city_name,epa_comprehensive_environmental_response_compensation_and_liabi
934c1f2c_01_01_05,Epa Comprehensive Environmental Response Compensation And Liability Information System Facilities,fips_code,epa_comprehensive_environmental_response_compensation_and_liabi
934c1f2c_01_01_06,Epa Comprehensive Environmental Response Compensation And Liability Information System Facilities,state_code,epa_comprehensive_environmental_response_compensation_and_liabi
934c1f2c_01_01_07,Epa Comprehensive Environmental Response Compensation And Liability Information System Facilities,latitude83,epa_comprehensive_environmental_response_compensation_and_liabi
934c1f2c_01_01_08,Epa Comprehensive Environmental Response Compensation And Liability Information System Facilities,huc8_code,epa_comprehensive_environmental_response_compensation_and_liabi
934c1f2c_01_01_09,Epa Comprehensive Environmental Response Compensation And Liability Information System Facilities,fac_url,epa_comprehensive_environmental_response_compensation_and_liabi
934c1f2c_01_01_10,Epa Comprehensive Environmental Response Compensation And Liability Information System Facilities,pgm_sys_id,epa_comprehensive_environmental_response_compensation_and_liabi
934c1f2c_01_01_11,Epa Comprehensive Environmental Response Compensation And Liability Information System Facilities,public_ind,epa_comprehensive_environmental_response_compensation_and_liabi
934c1f2c_01_01_12,Epa Comprehensive Environmental Response Compensation And Liability Information System Facilities,registry_i,epa_comprehensive_environmental_response_compensation_and_liabi
934c1f2c_01_01_13,Epa Comprehensive Environmental Response Compensation And Liability Information System Facilities,primary_na,epa_comprehensive_environmental_response_compensation_and_liabi
934c1f2c_01_01_14,Epa Comprehensive Environmental Response Compensation And Liability Information System Facilities,location_a,epa_comprehensive_environmental_response_compensation_and_liabi
934c1f2c_01_01_15,Epa Comprehensive Environmental Response Compensation And Liability Information System Facilities,county_nam,epa_comprehensive_environmental_response_compensation_and_liabi
934c1f2c_01_01_16,Epa Comprehensive Environmental Response Compensation And Liability Information System Facilities,postal_cod,epa_comprehensive_environmental_response_compensation_and_liabi
934c1f2c_01_01_17,Epa Comprehensive Environmental Response Compensation And Liability Information System Facilities,longitude8,epa_comprehensive_environmental_response_compensation_and_liabi
934c1f2c_01_01_18,Epa Comprehensive Environmental Response Compensation And Liability Information System Facilities,accuracy_v,epa_comprehensive_environmental_response_compensation_and_liabi
934c1f2c_01_01_19,Epa Comprehensive Environmental Response Compensation And Liability Information System Facilities,collect_mt,epa_comprehensive_environmental_response_compensation_and_liabi
934c1f2c_01_01_20,Epa Comprehensive Environmental Response Compensation And Liability Information System Facilities,ref_point_,epa_comprehensive_environmental_response_compensation_and_liabi
934c1f2c_01_01_21,Epa Comprehensive Environmental Response Compensation And Liability Information System Facilities,create_dat,epa_comprehensive_environmental_response_compensation_and_liabi
934c1f2c_01_01_22,Epa Comprehensive Environmental Response Compensation And Liability Information System Facilities,update_dat,epa_comprehensive_environmental_response_compensation_and_liabi
934c1f2c_01_01_23,Epa Comprehensive Environmental Response Compensation And Liability Information System Facilities,last_repor,epa_comprehensive_environmental_response_compensation_and_liabi
934c1f2c_01_01_24,Epa Comprehensive Environmental Response Compensation And Liability Information System Facilities,pgm_sys_ac,epa_comprehensive_environmental_response_compensation_and_liabi
934c1f2c_01_01_25,Epa Comprehensive Environmental Response Compensation And Liability Information System Facilities,interest_t,epa_comprehensive_environmental_response_compensation_and_liabi
934c1f2c_01_01_26,Epa Comprehensive Environmental Response Compensation And Liability Information System Facilities,program_ur,epa_comprehensive_environmental_response_compensation_and_liabi
934c1f2c_01_01_27,Epa Comprehensive Environmental Response Compensation And Liability Information System Facilities,pgm_report,epa_comprehensive_environmental_response_compensation_and_liabi
934c1f2c_01_01_28,Epa Comprehensive Environmental Response Compensation And Liability Information System Facilities,active_sta,epa_comprehensive_environmental_response_compensation_and_liabi
4e347e71_01_01_01,Epa Emergency Response (Er) Toxic Release Inventory (Tri) Facilities,ogc_fid,epa_emergency_response__er__toxic_release_inventory__tri__facil
4e347e71_01_01_03,Epa Emergency Response (Er) Toxic Release Inventory (Tri) Facilities,objectid,epa_emergency_response__er__toxic_release_inventory__tri__facil
4e347e71_01_01_04,Epa Emergency Response (Er) Toxic Release Inventory (Tri) Facilities,registry_i,epa_emergency_response__er__toxic_release_inventory__tri__facil
4e347e71_01_01_05,Epa Emergency Response (Er) Toxic Release Inventory (Tri) Facilities,primary_na,epa_emergency_response__er__toxic_release_inventory__tri__facil
4e347e71_01_01_06,Epa Emergency Response (Er) Toxic Release Inventory (Tri) Facilities,location_a,epa_emergency_response__er__toxic_release_inventory__tri__facil
4e347e71_01_01_07,Epa Emergency Response (Er) Toxic Release Inventory (Tri) Facilities,city_name,epa_emergency_response__er__toxic_release_inventory__tri__facil
4e347e71_01_01_08,Epa Emergency Response (Er) Toxic Release Inventory (Tri) Facilities,county_nam,epa_emergency_response__er__toxic_release_inventory__tri__facil
4e347e71_01_01_09,Epa Emergency Response (Er) Toxic Release Inventory (Tri) Facilities,fips_code,epa_emergency_response__er__toxic_release_inventory__tri__facil
4e347e71_01_01_10,Epa Emergency Response (Er) Toxic Release Inventory (Tri) Facilities,state_code,epa_emergency_response__er__toxic_release_inventory__tri__facil
4e347e71_01_01_11,Epa Emergency Response (Er) Toxic Release Inventory (Tri) Facilities,postal_cod,epa_emergency_response__er__toxic_release_inventory__tri__facil
4e347e71_01_01_12,Epa Emergency Response (Er) Toxic Release Inventory (Tri) Facilities,latitude83,epa_emergency_response__er__toxic_release_inventory__tri__facil
4e347e71_01_01_13,Epa Emergency Response (Er) Toxic Release Inventory (Tri) Facilities,longitude8,epa_emergency_response__er__toxic_release_inventory__tri__facil
4e347e71_01_01_14,Epa Emergency Response (Er) Toxic Release Inventory (Tri) Facilities,huc8_code,epa_emergency_response__er__toxic_release_inventory__tri__facil
4e347e71_01_01_15,Epa Emergency Response (Er) Toxic Release Inventory (Tri) Facilities,accuracy_v,epa_emergency_response__er__toxic_release_inventory__tri__facil
4e347e71_01_01_16,Epa Emergency Response (Er) Toxic Release Inventory (Tri) Facilities,collect_mt,epa_emergency_response__er__toxic_release_inventory__tri__facil
4e347e71_01_01_17,Epa Emergency Response (Er) Toxic Release Inventory (Tri) Facilities,ref_point_,epa_emergency_response__er__toxic_release_inventory__tri__facil
4e347e71_01_01_18,Epa Emergency Response (Er) Toxic Release Inventory (Tri) Facilities,create_dat,epa_emergency_response__er__toxic_release_inventory__tri__facil
4e347e71_01_01_19,Epa Emergency Response (Er) Toxic Release Inventory (Tri) Facilities,update_dat,epa_emergency_response__er__toxic_release_inventory__tri__facil
4e347e71_01_01_20,Epa Emergency Response (Er) Toxic Release Inventory (Tri) Facilities,last_repor,epa_emergency_response__er__toxic_release_inventory__tri__facil
4e347e71_01_01_21,Epa Emergency Response (Er) Toxic Release Inventory (Tri) Facilities,fac_url,epa_emergency_response__er__toxic_release_inventory__tri__facil
4e347e71_01_01_22,Epa Emergency Response (Er) Toxic Release Inventory (Tri) Facilities,pgm_sys_id,epa_emergency_response__er__toxic_release_inventory__tri__facil
4e347e71_01_01_23,Epa Emergency Response (Er) Toxic Release Inventory (Tri) Facilities,pgm_sys_ac,epa_emergency_response__er__toxic_release_inventory__tri__facil
4e347e71_01_01_24,Epa Emergency Response (Er) Toxic Release Inventory (Tri) Facilities,interest_t,epa_emergency_response__er__toxic_release_inventory__tri__facil
4e347e71_01_01_25,Epa Emergency Response (Er) Toxic Release Inventory (Tri) Facilities,program_ur,epa_emergency_response__er__toxic_release_inventory__tri__facil
4e347e71_01_01_26,Epa Emergency Response (Er) Toxic Release Inventory (Tri) Facilities,public_ind,epa_emergency_response__er__toxic_release_inventory__tri__facil
4e347e71_01_01_27,Epa Emergency Response (Er) Toxic Release Inventory (Tri) Facilities,active_sta,epa_emergency_response__er__toxic_release_inventory__tri__facil
4e347e71_01_01_28,Epa Emergency Response (Er) Toxic Release Inventory (Tri) Facilities,pgm_report,epa_emergency_response__er__toxic_release_inventory__tri__facil
844cacf4_01_01_01,Epa Resource Conservation And Recovery Act Treatment Storage And Disposal Facilities (Rcratsd),ogc_fid,epa_resource_conservation_and_recovery_act_treatment_storage_an
844cacf4_01_01_03,Epa Resource Conservation And Recovery Act Treatment Storage And Disposal Facilities (Rcratsd),objectid,epa_resource_conservation_and_recovery_act_treatment_storage_an
844cacf4_01_01_04,Epa Resource Conservation And Recovery Act Treatment Storage And Disposal Facilities (Rcratsd),registry_i,epa_resource_conservation_and_recovery_act_treatment_storage_an
844cacf4_01_01_05,Epa Resource Conservation And Recovery Act Treatment Storage And Disposal Facilities (Rcratsd),primary_na,epa_resource_conservation_and_recovery_act_treatment_storage_an
844cacf4_01_01_06,Epa Resource Conservation And Recovery Act Treatment Storage And Disposal Facilities (Rcratsd),location_a,epa_resource_conservation_and_recovery_act_treatment_storage_an
844cacf4_01_01_07,Epa Resource Conservation And Recovery Act Treatment Storage And Disposal Facilities (Rcratsd),city_name,epa_resource_conservation_and_recovery_act_treatment_storage_an
844cacf4_01_01_08,Epa Resource Conservation And Recovery Act Treatment Storage And Disposal Facilities (Rcratsd),county_nam,epa_resource_conservation_and_recovery_act_treatment_storage_an
844cacf4_01_01_09,Epa Resource Conservation And Recovery Act Treatment Storage And Disposal Facilities (Rcratsd),fips_code,epa_resource_conservation_and_recovery_act_treatment_storage_an
844cacf4_01_01_10,Epa Resource Conservation And Recovery Act Treatment Storage And Disposal Facilities (Rcratsd),state_code,epa_resource_conservation_and_recovery_act_treatment_storage_an
844cacf4_01_01_11,Epa Resource Conservation And Recovery Act Treatment Storage And Disposal Facilities (Rcratsd),postal_cod,epa_resource_conservation_and_recovery_act_treatment_storage_an
844cacf4_01_01_12,Epa Resource Conservation And Recovery Act Treatment Storage And Disposal Facilities (Rcratsd),latitude83,epa_resource_conservation_and_recovery_act_treatment_storage_an
844cacf4_01_01_13,Epa Resource Conservation And Recovery Act Treatment Storage And Disposal Facilities (Rcratsd),longitude8,epa_resource_conservation_and_recovery_act_treatment_storage_an
844cacf4_01_01_14,Epa Resource Conservation And Recovery Act Treatment Storage And Disposal Facilities (Rcratsd),huc8_code,epa_resource_conservation_and_recovery_act_treatment_storage_an
844cacf4_01_01_15,Epa Resource Conservation And Recovery Act Treatment Storage And Disposal Facilities (Rcratsd),accuracy_v,epa_resource_conservation_and_recovery_act_treatment_storage_an
844cacf4_01_01_16,Epa Resource Conservation And Recovery Act Treatment Storage And Disposal Facilities (Rcratsd),collect_mt,epa_resource_conservation_and_recovery_act_treatment_storage_an
844cacf4_01_01_17,Epa Resource Conservation And Recovery Act Treatment Storage And Disposal Facilities (Rcratsd),ref_point_,epa_resource_conservation_and_recovery_act_treatment_storage_an
844cacf4_01_01_18,Epa Resource Conservation And Recovery Act Treatment Storage And Disposal Facilities (Rcratsd),create_dat,epa_resource_conservation_and_recovery_act_treatment_storage_an
844cacf4_01_01_19,Epa Resource Conservation And Recovery Act Treatment Storage And Disposal Facilities (Rcratsd),update_dat,epa_resource_conservation_and_recovery_act_treatment_storage_an
844cacf4_01_01_20,Epa Resource Conservation And Recovery Act Treatment Storage And Disposal Facilities (Rcratsd),fac_url,epa_resource_conservation_and_recovery_act_treatment_storage_an
844cacf4_01_01_21,Epa Resource Conservation And Recovery Act Treatment Storage And Disposal Facilities (Rcratsd),pgm_sys_id,epa_resource_conservation_and_recovery_act_treatment_storage_an
844cacf4_01_01_22,Epa Resource Conservation And Recovery Act Treatment Storage And Disposal Facilities (Rcratsd),pgm_sys_ac,epa_resource_conservation_and_recovery_act_treatment_storage_an
844cacf4_01_01_23,Epa Resource Conservation And Recovery Act Treatment Storage And Disposal Facilities (Rcratsd),interest_t,epa_resource_conservation_and_recovery_act_treatment_storage_an
844cacf4_01_01_24,Epa Resource Conservation And Recovery Act Treatment Storage And Disposal Facilities (Rcratsd),program_ur,epa_resource_conservation_and_recovery_act_treatment_storage_an
844cacf4_01_01_25,Epa Resource Conservation And Recovery Act Treatment Storage And Disposal Facilities (Rcratsd),public_ind,epa_resource_conservation_and_recovery_act_treatment_storage_an
844cacf4_01_01_26,Epa Resource Conservation And Recovery Act Treatment Storage And Disposal Facilities (Rcratsd),active_sta,epa_resource_conservation_and_recovery_act_treatment_storage_an
844cacf4_01_01_27,Epa Resource Conservation And Recovery Act Treatment Storage And Disposal Facilities (Rcratsd),last_repor,epa_resource_conservation_and_recovery_act_treatment_storage_an
844cacf4_01_01_28,Epa Resource Conservation And Recovery Act Treatment Storage And Disposal Facilities (Rcratsd),pgm_report,epa_resource_conservation_and_recovery_act_treatment_storage_an
62562f68_01_01_01,Usage,objectid,f192fa1909b048be8d2d3c62aa4283a5_usage
62562f68_01_01_02,Usage,venueid,f192fa1909b048be8d2d3c62aa4283a5_usage
62562f68_01_01_03,Usage,use_,f192fa1909b048be8d2d3c62aa4283a5_usage
62562f68_01_01_04,Usage,use_pop,f192fa1909b048be8d2d3c62aa4283a5_usage
62562f68_01_01_05,Usage,team,f192fa1909b048be8d2d3c62aa4283a5_usage
62562f68_01_01_06,Usage,league,f192fa1909b048be8d2d3c62aa4283a5_usage
62562f68_01_01_07,Usage,conference,f192fa1909b048be8d2d3c62aa4283a5_usage
62562f68_01_01_08,Usage,division,f192fa1909b048be8d2d3c62aa4283a5_usage
62562f68_01_01_09,Usage,inst_affil,f192fa1909b048be8d2d3c62aa4283a5_usage
62562f68_01_01_10,Usage,track_type,f192fa1909b048be8d2d3c62aa4283a5_usage
62562f68_01_01_11,Usage,length_mi,f192fa1909b048be8d2d3c62aa4283a5_usage
62562f68_01_01_12,Usage,roof_type,f192fa1909b048be8d2d3c62aa4283a5_usage
62562f68_01_01_13,Usage,stadium_sh,f192fa1909b048be8d2d3c62aa4283a5_usage
62562f68_01_01_14,Usage,adddate,f192fa1909b048be8d2d3c62aa4283a5_usage
62562f68_01_01_15,Usage,usewebsite,f192fa1909b048be8d2d3c62aa4283a5_usage
62562f68_01_01_16,Usage,comments,f192fa1909b048be8d2d3c62aa4283a5_usage
5c91101d_01_01_01,Nursing Homes,objectid,f2628a3f051b4e8aa02a6217207b8b86_nursinghomes
5c91101d_01_01_02,Nursing Homes,id,f2628a3f051b4e8aa02a6217207b8b86_nursinghomes
5c91101d_01_01_03,Nursing Homes,name,f2628a3f051b4e8aa02a6217207b8b86_nursinghomes
5c91101d_01_01_04,Nursing Homes,address,f2628a3f051b4e8aa02a6217207b8b86_nursinghomes
5c91101d_01_01_05,Nursing Homes,city,f2628a3f051b4e8aa02a6217207b8b86_nursinghomes
5c91101d_01_01_06,Nursing Homes,state,f2628a3f051b4e8aa02a6217207b8b86_nursinghomes
5c91101d_01_01_07,Nursing Homes,zip,f2628a3f051b4e8aa02a6217207b8b86_nursinghomes
5c91101d_01_01_08,Nursing Homes,zip4,f2628a3f051b4e8aa02a6217207b8b86_nursinghomes
5c91101d_01_01_09,Nursing Homes,telephone,f2628a3f051b4e8aa02a6217207b8b86_nursinghomes
5c91101d_01_01_10,Nursing Homes,type,f2628a3f051b4e8aa02a6217207b8b86_nursinghomes
5c91101d_01_01_11,Nursing Homes,status,f2628a3f051b4e8aa02a6217207b8b86_nursinghomes
5c91101d_01_01_12,Nursing Homes,population,f2628a3f051b4e8aa02a6217207b8b86_nursinghomes
5c91101d_01_01_13,Nursing Homes,county,f2628a3f051b4e8aa02a6217207b8b86_nursinghomes
5c91101d_01_01_14,Nursing Homes,countyfips,f2628a3f051b4e8aa02a6217207b8b86_nursinghomes
5c91101d_01_01_15,Nursing Homes,country,f2628a3f051b4e8aa02a6217207b8b86_nursinghomes
5c91101d_01_01_16,Nursing Homes,latitude,f2628a3f051b4e8aa02a6217207b8b86_nursinghomes
5c91101d_01_01_17,Nursing Homes,longitude,f2628a3f051b4e8aa02a6217207b8b86_nursinghomes
5c91101d_01_01_18,Nursing Homes,naics_code,f2628a3f051b4e8aa02a6217207b8b86_nursinghomes
5c91101d_01_01_19,Nursing Homes,naics_desc,f2628a3f051b4e8aa02a6217207b8b86_nursinghomes
5c91101d_01_01_20,Nursing Homes,source,f2628a3f051b4e8aa02a6217207b8b86_nursinghomes
5c91101d_01_01_21,Nursing Homes,sourcedate,f2628a3f051b4e8aa02a6217207b8b86_nursinghomes
5c91101d_01_01_22,Nursing Homes,val_method,f2628a3f051b4e8aa02a6217207b8b86_nursinghomes
5c91101d_01_01_23,Nursing Homes,val_date,f2628a3f051b4e8aa02a6217207b8b86_nursinghomes
5c91101d_01_01_24,Nursing Homes,website,f2628a3f051b4e8aa02a6217207b8b86_nursinghomes
5c91101d_01_01_25,Nursing Homes,tot_res,f2628a3f051b4e8aa02a6217207b8b86_nursinghomes
5c91101d_01_01_26,Nursing Homes,tot_staff,f2628a3f051b4e8aa02a6217207b8b86_nursinghomes
5c91101d_01_01_27,Nursing Homes,beds,f2628a3f051b4e8aa02a6217207b8b86_nursinghomes
5c91101d_01_01_28,Nursing Homes,excess_bed,f2628a3f051b4e8aa02a6217207b8b86_nursinghomes
5c91101d_01_01_29,Nursing Homes,ownership,f2628a3f051b4e8aa02a6217207b8b86_nursinghomes
5c91101d_01_01_30,Nursing Homes,medicaidid,f2628a3f051b4e8aa02a6217207b8b86_nursinghomes
5c91101d_01_01_31,Nursing Homes,medicareid,f2628a3f051b4e8aa02a6217207b8b86_nursinghomes
5c91101d_01_01_32,Nursing Homes,state_lic,f2628a3f051b4e8aa02a6217207b8b86_nursinghomes
5c91101d_01_01_33,Nursing Homes,sourcetype,f2628a3f051b4e8aa02a6217207b8b86_nursinghomes
7c7c203b_01_01_01,Lng Import Export Terminals,objectid,f68915adbeb742fe96d6316158ff01c7_lng_import_export_terminals
7c7c203b_01_01_02,Lng Import Export Terminals,termid,f68915adbeb742fe96d6316158ff01c7_lng_import_export_terminals
7c7c203b_01_01_03,Lng Import Export Terminals,name,f68915adbeb742fe96d6316158ff01c7_lng_import_export_terminals
7c7c203b_01_01_04,Lng Import Export Terminals,address,f68915adbeb742fe96d6316158ff01c7_lng_import_export_terminals
7c7c203b_01_01_05,Lng Import Export Terminals,city,f68915adbeb742fe96d6316158ff01c7_lng_import_export_terminals
7c7c203b_01_01_06,Lng Import Export Terminals,state,f68915adbeb742fe96d6316158ff01c7_lng_import_export_terminals
7c7c203b_01_01_07,Lng Import Export Terminals,zip,f68915adbeb742fe96d6316158ff01c7_lng_import_export_terminals
7c7c203b_01_01_08,Lng Import Export Terminals,zip4,f68915adbeb742fe96d6316158ff01c7_lng_import_export_terminals
7c7c203b_01_01_09,Lng Import Export Terminals,telephone,f68915adbeb742fe96d6316158ff01c7_lng_import_export_terminals
7c7c203b_01_01_10,Lng Import Export Terminals,type,f68915adbeb742fe96d6316158ff01c7_lng_import_export_terminals
7c7c203b_01_01_11,Lng Import Export Terminals,status,f68915adbeb742fe96d6316158ff01c7_lng_import_export_terminals
7c7c203b_01_01_12,Lng Import Export Terminals,population,f68915adbeb742fe96d6316158ff01c7_lng_import_export_terminals
7c7c203b_01_01_13,Lng Import Export Terminals,county,f68915adbeb742fe96d6316158ff01c7_lng_import_export_terminals
7c7c203b_01_01_14,Lng Import Export Terminals,countyfips,f68915adbeb742fe96d6316158ff01c7_lng_import_export_terminals
7c7c203b_01_01_15,Lng Import Export Terminals,country,f68915adbeb742fe96d6316158ff01c7_lng_import_export_terminals
7c7c203b_01_01_16,Lng Import Export Terminals,latitude,f68915adbeb742fe96d6316158ff01c7_lng_import_export_terminals
7c7c203b_01_01_17,Lng Import Export Terminals,longitude,f68915adbeb742fe96d6316158ff01c7_lng_import_export_terminals
7c7c203b_01_01_18,Lng Import Export Terminals,naics_code,f68915adbeb742fe96d6316158ff01c7_lng_import_export_terminals
7c7c203b_01_01_19,Lng Import Export Terminals,naics_desc,f68915adbeb742fe96d6316158ff01c7_lng_import_export_terminals
7c7c203b_01_01_20,Lng Import Export Terminals,source,f68915adbeb742fe96d6316158ff01c7_lng_import_export_terminals
7c7c203b_01_01_21,Lng Import Export Terminals,sourcedate,f68915adbeb742fe96d6316158ff01c7_lng_import_export_terminals
7c7c203b_01_01_22,Lng Import Export Terminals,val_method,f68915adbeb742fe96d6316158ff01c7_lng_import_export_terminals
7c7c203b_01_01_23,Lng Import Export Terminals,val_date,f68915adbeb742fe96d6316158ff01c7_lng_import_export_terminals
7c7c203b_01_01_24,Lng Import Export Terminals,website,f68915adbeb742fe96d6316158ff01c7_lng_import_export_terminals
7c7c203b_01_01_25,Lng Import Export Terminals,epa_id,f68915adbeb742fe96d6316158ff01c7_lng_import_export_terminals
7c7c203b_01_01_26,Lng Import Export Terminals,alt_name,f68915adbeb742fe96d6316158ff01c7_lng_import_export_terminals
7c7c203b_01_01_27,Lng Import Export Terminals,owner,f68915adbeb742fe96d6316158ff01c7_lng_import_export_terminals
7c7c203b_01_01_28,Lng Import Export Terminals,posrel,f68915adbeb742fe96d6316158ff01c7_lng_import_export_terminals
7c7c203b_01_01_29,Lng Import Export Terminals,jrsdctn,f68915adbeb742fe96d6316158ff01c7_lng_import_export_terminals
7c7c203b_01_01_30,Lng Import Export Terminals,contype,f68915adbeb742fe96d6316158ff01c7_lng_import_export_terminals
7c7c203b_01_01_31,Lng Import Export Terminals,ie_port,f68915adbeb742fe96d6316158ff01c7_lng_import_export_terminals
7c7c203b_01_01_32,Lng Import Export Terminals,berths,f68915adbeb742fe96d6316158ff01c7_lng_import_export_terminals
7c7c203b_01_01_33,Lng Import Export Terminals,storage,f68915adbeb742fe96d6316158ff01c7_lng_import_export_terminals
7c7c203b_01_01_34,Lng Import Export Terminals,storcap,f68915adbeb742fe96d6316158ff01c7_lng_import_export_terminals
7c7c203b_01_01_35,Lng Import Export Terminals,currentcap,f68915adbeb742fe96d6316158ff01c7_lng_import_export_terminals
7c7c203b_01_01_36,Lng Import Export Terminals,appcap,f68915adbeb742fe96d6316158ff01c7_lng_import_export_terminals
7c7c203b_01_01_37,Lng Import Export Terminals,opyear,f68915adbeb742fe96d6316158ff01c7_lng_import_export_terminals
7c7c203b_01_01_38,Lng Import Export Terminals,impexpctry,f68915adbeb742fe96d6316158ff01c7_lng_import_export_terminals
7c7c203b_01_01_39,Lng Import Export Terminals,volume,f68915adbeb742fe96d6316158ff01c7_lng_import_export_terminals
7c7c203b_01_01_40,Lng Import Export Terminals,price,f68915adbeb742fe96d6316158ff01c7_lng_import_export_terminals
1107e9d2_01_01_01,Natural Gas Import Export,objectid,ff85c6b0d5f549cd9a411d5fb5eb958d_natural_gas_import_export
1107e9d2_01_01_02,Natural Gas Import Export,ngie_id,ff85c6b0d5f549cd9a411d5fb5eb958d_natural_gas_import_export
1107e9d2_01_01_03,Natural Gas Import Export,name,ff85c6b0d5f549cd9a411d5fb5eb958d_natural_gas_import_export
1107e9d2_01_01_04,Natural Gas Import Export,city,ff85c6b0d5f549cd9a411d5fb5eb958d_natural_gas_import_export
1107e9d2_01_01_05,Natural Gas Import Export,state,ff85c6b0d5f549cd9a411d5fb5eb958d_natural_gas_import_export
1107e9d2_01_01_06,Natural Gas Import Export,type,ff85c6b0d5f549cd9a411d5fb5eb958d_natural_gas_import_export
1107e9d2_01_01_07,Natural Gas Import Export,status,ff85c6b0d5f549cd9a411d5fb5eb958d_natural_gas_import_export
1107e9d2_01_01_08,Natural Gas Import Export,county,ff85c6b0d5f549cd9a411d5fb5eb958d_natural_gas_import_export
1107e9d2_01_01_09,Natural Gas Import Export,countyfips,ff85c6b0d5f549cd9a411d5fb5eb958d_natural_gas_import_export
1107e9d2_01_01_10,Natural Gas Import Export,country,ff85c6b0d5f549cd9a411d5fb5eb958d_natural_gas_import_export
1107e9d2_01_01_11,Natural Gas Import Export,latitude,ff85c6b0d5f549cd9a411d5fb5eb958d_natural_gas_import_export
1107e9d2_01_01_12,Natural Gas Import Export,longitude,ff85c6b0d5f549cd9a411d5fb5eb958d_natural_gas_import_export
1107e9d2_01_01_13,Natural Gas Import Export,naics_code,ff85c6b0d5f549cd9a411d5fb5eb958d_natural_gas_import_export
1107e9d2_01_01_14,Natural Gas Import Export,naics_desc,ff85c6b0d5f549cd9a411d5fb5eb958d_natural_gas_import_export
1107e9d2_01_01_15,Natural Gas Import Export,source,ff85c6b0d5f549cd9a411d5fb5eb958d_natural_gas_import_export
1107e9d2_01_01_16,Natural Gas Import Export,sourcedate,ff85c6b0d5f549cd9a411d5fb5eb958d_natural_gas_import_export
1107e9d2_01_01_17,Natural Gas Import Export,val_method,ff85c6b0d5f549cd9a411d5fb5eb958d_natural_gas_import_export
1107e9d2_01_01_18,Natural Gas Import Export,val_date,ff85c6b0d5f549cd9a411d5fb5eb958d_natural_gas_import_export
1107e9d2_01_01_19,Natural Gas Import Export,posrel,ff85c6b0d5f549cd9a411d5fb5eb958d_natural_gas_import_export
1107e9d2_01_01_20,Natural Gas Import Export,owner,ff85c6b0d5f549cd9a411d5fb5eb958d_natural_gas_import_export
1107e9d2_01_01_21,Natural Gas Import Export,operator,ff85c6b0d5f549cd9a411d5fb5eb958d_natural_gas_import_export
1107e9d2_01_01_22,Natural Gas Import Export,camxst,ff85c6b0d5f549cd9a411d5fb5eb958d_natural_gas_import_export
1107e9d2_01_01_23,Natural Gas Import Export,fo_locn,ff85c6b0d5f549cd9a411d5fb5eb958d_natural_gas_import_export
1107e9d2_01_01_24,Natural Gas Import Export,tocountry,ff85c6b0d5f549cd9a411d5fb5eb958d_natural_gas_import_export
1107e9d2_01_01_25,Natural Gas Import Export,fo_pipe,ff85c6b0d5f549cd9a411d5fb5eb958d_natural_gas_import_export
1107e9d2_01_01_26,Natural Gas Import Export,us_pipe,ff85c6b0d5f549cd9a411d5fb5eb958d_natural_gas_import_export
1107e9d2_01_01_27,Natural Gas Import Export,pipediam,ff85c6b0d5f549cd9a411d5fb5eb958d_natural_gas_import_export
1107e9d2_01_01_28,Natural Gas Import Export,in_service,ff85c6b0d5f549cd9a411d5fb5eb958d_natural_gas_import_export
1107e9d2_01_01_29,Natural Gas Import Export,impvol,ff85c6b0d5f549cd9a411d5fb5eb958d_natural_gas_import_export
1107e9d2_01_01_30,Natural Gas Import Export,expvol,ff85c6b0d5f549cd9a411d5fb5eb958d_natural_gas_import_export
1107e9d2_01_01_31,Natural Gas Import Export,impprice,ff85c6b0d5f549cd9a411d5fb5eb958d_natural_gas_import_export
1107e9d2_01_01_32,Natural Gas Import Export,expprice,ff85c6b0d5f549cd9a411d5fb5eb958d_natural_gas_import_export
65bc860f_01_01_01,Formerly Used Defense Sites (Fuds) Projects (Points),ogc_fid,formerly_used_defense_sites__fuds__projects__points_
65bc860f_01_01_03,Formerly Used Defense Sites (Fuds) Projects (Points),objectid,formerly_used_defense_sites__fuds__projects__points_
65bc860f_01_01_04,Formerly Used Defense Sites (Fuds) Projects (Points),costtocomp,formerly_used_defense_sites__fuds__projects__points_
65bc860f_01_01_05,Formerly Used Defense Sites (Fuds) Projects (Points),derpprogra,formerly_used_defense_sites__fuds__projects__points_
65bc860f_01_01_06,Formerly Used Defense Sites (Fuds) Projects (Points),dodformerl,formerly_used_defense_sites__fuds__projects__points_
65bc860f_01_01_07,Formerly Used Defense Sites (Fuds) Projects (Points),dodfudspro,formerly_used_defense_sites__fuds__projects__points_
65bc860f_01_01_08,Formerly Used Defense Sites (Fuds) Projects (Points),emsmgmtact,formerly_used_defense_sites__fuds__projects__points_
65bc860f_01_01_09,Formerly Used Defense Sites (Fuds) Projects (Points),envrestora,formerly_used_defense_sites__fuds__projects__points_
65bc860f_01_01_10,Formerly Used Defense Sites (Fuds) Projects (Points),envresto_1,formerly_used_defense_sites__fuds__projects__points_
65bc860f_01_01_11,Formerly Used Defense Sites (Fuds) Projects (Points),envresto_2,formerly_used_defense_sites__fuds__projects__points_
65bc860f_01_01_12,Formerly Used Defense Sites (Fuds) Projects (Points),federallan,formerly_used_defense_sites__fuds__projects__points_
65bc860f_01_01_13,Formerly Used Defense Sites (Fuds) Projects (Points),federall_1,formerly_used_defense_sites__fuds__projects__points_
65bc860f_01_01_14,Formerly Used Defense Sites (Fuds) Projects (Points),fudsinstal,formerly_used_defense_sites__fuds__projects__points_
65bc860f_01_01_15,Formerly Used Defense Sites (Fuds) Projects (Points),fudsproper,formerly_used_defense_sites__fuds__projects__points_
65bc860f_01_01_16,Formerly Used Defense Sites (Fuds) Projects (Points),fudssiteid,formerly_used_defense_sites__fuds__projects__points_
65bc860f_01_01_17,Formerly Used Defense Sites (Fuds) Projects (Points),latitude,formerly_used_defense_sites__fuds__projects__points_
65bc860f_01_01_18,Formerly Used Defense Sites (Fuds) Projects (Points),longitude,formerly_used_defense_sites__fuds__projects__points_
65bc860f_01_01_19,Formerly Used Defense Sites (Fuds) Projects (Points),overlappin,formerly_used_defense_sites__fuds__projects__points_
65bc860f_01_01_20,Formerly Used Defense Sites (Fuds) Projects (Points),projectnum,formerly_used_defense_sites__fuds__projects__points_
65bc860f_01_01_21,Formerly Used Defense Sites (Fuds) Projects (Points),projectref,formerly_used_defense_sites__fuds__projects__points_
65bc860f_01_01_22,Formerly Used Defense Sites (Fuds) Projects (Points),projectsta,formerly_used_defense_sites__fuds__projects__points_
65bc860f_01_01_23,Formerly Used Defense Sites (Fuds) Projects (Points),remedyinpl,formerly_used_defense_sites__fuds__projects__points_
65bc860f_01_01_24,Formerly Used Defense Sites (Fuds) Projects (Points),responseco,formerly_used_defense_sites__fuds__projects__points_
65bc860f_01_01_25,Formerly Used Defense Sites (Fuds) Projects (Points),riskvaluem,formerly_used_defense_sites__fuds__projects__points_
65bc860f_01_01_26,Formerly Used Defense Sites (Fuds) Projects (Points),stateorter,formerly_used_defense_sites__fuds__projects__points_
65bc860f_01_01_27,Formerly Used Defense Sites (Fuds) Projects (Points),sitecloseo,formerly_used_defense_sites__fuds__projects__points_
65bc860f_01_01_28,Formerly Used Defense Sites (Fuds) Projects (Points),projectr_1,formerly_used_defense_sites__fuds__projects__points_
65bc860f_01_01_29,Formerly Used Defense Sites (Fuds) Projects (Points),riprcstrat,formerly_used_defense_sites__fuds__projects__points_
65bc860f_01_01_30,Formerly Used Defense Sites (Fuds) Projects (Points),se_anno_ca,formerly_used_defense_sites__fuds__projects__points_
8c9ed617_01_01_01,Formerly Used Defense Sites (Fuds) Public Properties,ogc_fid,formerly_used_defense_sites__fuds__public_properties
8c9ed617_01_01_03,Formerly Used Defense Sites (Fuds) Public Properties,objectid,formerly_used_defense_sites__fuds__public_properties
8c9ed617_01_01_04,Formerly Used Defense Sites (Fuds) Public Properties,centroidla,formerly_used_defense_sites__fuds__public_properties
8c9ed617_01_01_05,Formerly Used Defense Sites (Fuds) Public Properties,centroidlo,formerly_used_defense_sites__fuds__public_properties
8c9ed617_01_01_06,Formerly Used Defense Sites (Fuds) Public Properties,closestcit,formerly_used_defense_sites__fuds__public_properties
8c9ed617_01_01_07,Formerly Used Defense Sites (Fuds) Public Properties,congressio,formerly_used_defense_sites__fuds__public_properties
8c9ed617_01_01_08,Formerly Used Defense Sites (Fuds) Public Properties,county,formerly_used_defense_sites__fuds__public_properties
8c9ed617_01_01_09,Formerly Used Defense Sites (Fuds) Public Properties,currentown,formerly_used_defense_sites__fuds__public_properties
8c9ed617_01_01_10,Formerly Used Defense Sites (Fuds) Public Properties,dodfudspro,formerly_used_defense_sites__fuds__public_properties
8c9ed617_01_01_11,Formerly Used Defense Sites (Fuds) Public Properties,eligibilit,formerly_used_defense_sites__fuds__public_properties
8c9ed617_01_01_12,Formerly Used Defense Sites (Fuds) Public Properties,emsmgmtact,formerly_used_defense_sites__fuds__public_properties
8c9ed617_01_01_13,Formerly Used Defense Sites (Fuds) Public Properties,eparegion,formerly_used_defense_sites__fuds__public_properties
8c9ed617_01_01_14,Formerly Used Defense Sites (Fuds) Public Properties,featuredes,formerly_used_defense_sites__fuds__public_properties
8c9ed617_01_01_15,Formerly Used Defense Sites (Fuds) Public Properties,featurenam,formerly_used_defense_sites__fuds__public_properties
8c9ed617_01_01_16,Formerly Used Defense Sites (Fuds) Public Properties,fudsinstal,formerly_used_defense_sites__fuds__public_properties
8c9ed617_01_01_17,Formerly Used Defense Sites (Fuds) Public Properties,fudsunique,formerly_used_defense_sites__fuds__public_properties
8c9ed617_01_01_18,Formerly Used Defense Sites (Fuds) Public Properties,hasproject,formerly_used_defense_sites__fuds__public_properties
8c9ed617_01_01_19,Formerly Used Defense Sites (Fuds) Public Properties,latitude,formerly_used_defense_sites__fuds__public_properties
8c9ed617_01_01_20,Formerly Used Defense Sites (Fuds) Public Properties,longitude,formerly_used_defense_sites__fuds__public_properties
8c9ed617_01_01_21,Formerly Used Defense Sites (Fuds) Public Properties,mediaid,formerly_used_defense_sites__fuds__public_properties
8c9ed617_01_01_22,Formerly Used Defense Sites (Fuds) Public Properties,metadataid,formerly_used_defense_sites__fuds__public_properties
8c9ed617_01_01_23,Formerly Used Defense Sites (Fuds) Public Properties,nofurthera,formerly_used_defense_sites__fuds__public_properties
8c9ed617_01_01_24,Formerly Used Defense Sites (Fuds) Public Properties,projectreq,formerly_used_defense_sites__fuds__public_properties
8c9ed617_01_01_25,Formerly Used Defense Sites (Fuds) Public Properties,sdsid,formerly_used_defense_sites__fuds__public_properties
8c9ed617_01_01_26,Formerly Used Defense Sites (Fuds) Public Properties,siteeligib,formerly_used_defense_sites__fuds__public_properties
8c9ed617_01_01_27,Formerly Used Defense Sites (Fuds) Public Properties,state,formerly_used_defense_sites__fuds__public_properties
8c9ed617_01_01_28,Formerly Used Defense Sites (Fuds) Public Properties,status,formerly_used_defense_sites__fuds__public_properties
8c9ed617_01_01_29,Formerly Used Defense Sites (Fuds) Public Properties,statuscode,formerly_used_defense_sites__fuds__public_properties
8c9ed617_01_01_30,Formerly Used Defense Sites (Fuds) Public Properties,usacedistr,formerly_used_defense_sites__fuds__public_properties
8c9ed617_01_01_31,Formerly Used Defense Sites (Fuds) Public Properties,fiscalyear,formerly_used_defense_sites__fuds__public_properties
8c9ed617_01_01_32,Formerly Used Defense Sites (Fuds) Public Properties,property_h,formerly_used_defense_sites__fuds__public_properties
8c9ed617_01_01_33,Formerly Used Defense Sites (Fuds) Public Properties,usacedivis,formerly_used_defense_sites__fuds__public_properties
8c9ed617_01_01_34,Formerly Used Defense Sites (Fuds) Public Properties,se_anno_ca,formerly_used_defense_sites__fuds__public_properties
215dbf3b_01_01_01,Historical Holocene Volcano Locations,ogc_fid,historical_holocene_volcano_locations
215dbf3b_01_01_03,Historical Holocene Volcano Locations,name,historical_holocene_volcano_locations
215dbf3b_01_01_04,Historical Holocene Volcano Locations,location,historical_holocene_volcano_locations
215dbf3b_01_01_05,Historical Holocene Volcano Locations,latitude,historical_holocene_volcano_locations
215dbf3b_01_01_06,Historical Holocene Volcano Locations,longitude,historical_holocene_volcano_locations
215dbf3b_01_01_07,Historical Holocene Volcano Locations,elevation,historical_holocene_volcano_locations
215dbf3b_01_01_08,Historical Holocene Volcano Locations,morphology,historical_holocene_volcano_locations
215dbf3b_01_01_09,Historical Holocene Volcano Locations,status,historical_holocene_volcano_locations
215dbf3b_01_01_10,Historical Holocene Volcano Locations,time_erupt,historical_holocene_volcano_locations
215dbf3b_01_01_11,Historical Holocene Volcano Locations,objectid,historical_holocene_volcano_locations
215dbf3b_01_01_12,Historical Holocene Volcano Locations,id,historical_holocene_volcano_locations
215dbf3b_01_01_13,Historical Holocene Volcano Locations,country,historical_holocene_volcano_locations
75ffc0d0_01_01_01,Historical Significant Volcanic Eruption Locations,ogc_fid,historical_significant_volcanic_eruption_locations
75ffc0d0_01_01_03,Historical Significant Volcanic Eruption Locations,year,historical_significant_volcanic_eruption_locations
75ffc0d0_01_01_04,Historical Significant Volcanic Eruption Locations,mo,historical_significant_volcanic_eruption_locations
75ffc0d0_01_01_05,Historical Significant Volcanic Eruption Locations,day,historical_significant_volcanic_eruption_locations
75ffc0d0_01_01_06,Historical Significant Volcanic Eruption Locations,vei,historical_significant_volcanic_eruption_locations
75ffc0d0_01_01_07,Historical Significant Volcanic Eruption Locations,vol_id,historical_significant_volcanic_eruption_locations
75ffc0d0_01_01_08,Historical Significant Volcanic Eruption Locations,fatalities,historical_significant_volcanic_eruption_locations
75ffc0d0_01_01_09,Historical Significant Volcanic Eruption Locations,assoc_eq,historical_significant_volcanic_eruption_locations
75ffc0d0_01_01_10,Historical Significant Volcanic Eruption Locations,assoc_tsu,historical_significant_volcanic_eruption_locations
75ffc0d0_01_01_11,Historical Significant Volcanic Eruption Locations,comments,historical_significant_volcanic_eruption_locations
75ffc0d0_01_01_12,Historical Significant Volcanic Eruption Locations,damage_mil,historical_significant_volcanic_eruption_locations
75ffc0d0_01_01_13,Historical Significant Volcanic Eruption Locations,damage_amo,historical_significant_volcanic_eruption_locations
75ffc0d0_01_01_14,Historical Significant Volcanic Eruption Locations,damage_des,historical_significant_volcanic_eruption_locations
75ffc0d0_01_01_15,Historical Significant Volcanic Eruption Locations,deaths,historical_significant_volcanic_eruption_locations
75ffc0d0_01_01_16,Historical Significant Volcanic Eruption Locations,deaths_amo,historical_significant_volcanic_eruption_locations
75ffc0d0_01_01_17,Historical Significant Volcanic Eruption Locations,deaths_des,historical_significant_volcanic_eruption_locations
75ffc0d0_01_01_18,Historical Significant Volcanic Eruption Locations,injuries,historical_significant_volcanic_eruption_locations
75ffc0d0_01_01_19,Historical Significant Volcanic Eruption Locations,injuries_a,historical_significant_volcanic_eruption_locations
75ffc0d0_01_01_20,Historical Significant Volcanic Eruption Locations,injuries_d,historical_significant_volcanic_eruption_locations
75ffc0d0_01_01_21,Historical Significant Volcanic Eruption Locations,missing,historical_significant_volcanic_eruption_locations
75ffc0d0_01_01_22,Historical Significant Volcanic Eruption Locations,missing_am,historical_significant_volcanic_eruption_locations
75ffc0d0_01_01_23,Historical Significant Volcanic Eruption Locations,missing_de,historical_significant_volcanic_eruption_locations
75ffc0d0_01_01_24,Historical Significant Volcanic Eruption Locations,houses_des,historical_significant_volcanic_eruption_locations
75ffc0d0_01_01_25,Historical Significant Volcanic Eruption Locations,houses_amo,historical_significant_volcanic_eruption_locations
75ffc0d0_01_01_26,Historical Significant Volcanic Eruption Locations,houses_d_1,historical_significant_volcanic_eruption_locations
75ffc0d0_01_01_27,Historical Significant Volcanic Eruption Locations,damage_m_1,historical_significant_volcanic_eruption_locations
75ffc0d0_01_01_28,Historical Significant Volcanic Eruption Locations,damage_a_1,historical_significant_volcanic_eruption_locations
75ffc0d0_01_01_29,Historical Significant Volcanic Eruption Locations,damage_tot,historical_significant_volcanic_eruption_locations
75ffc0d0_01_01_30,Historical Significant Volcanic Eruption Locations,deaths_tot,historical_significant_volcanic_eruption_locations
75ffc0d0_01_01_31,Historical Significant Volcanic Eruption Locations,deaths_a_1,historical_significant_volcanic_eruption_locations
75ffc0d0_01_01_32,Historical Significant Volcanic Eruption Locations,deaths_t_1,historical_significant_volcanic_eruption_locations
75ffc0d0_01_01_33,Historical Significant Volcanic Eruption Locations,injuries_t,historical_significant_volcanic_eruption_locations
75ffc0d0_01_01_34,Historical Significant Volcanic Eruption Locations,injuries_1,historical_significant_volcanic_eruption_locations
75ffc0d0_01_01_35,Historical Significant Volcanic Eruption Locations,injuries_2,historical_significant_volcanic_eruption_locations
75ffc0d0_01_01_36,Historical Significant Volcanic Eruption Locations,missing_to,historical_significant_volcanic_eruption_locations
75ffc0d0_01_01_37,Historical Significant Volcanic Eruption Locations,missing__1,historical_significant_volcanic_eruption_locations
75ffc0d0_01_01_38,Historical Significant Volcanic Eruption Locations,missing__2,historical_significant_volcanic_eruption_locations
75ffc0d0_01_01_39,Historical Significant Volcanic Eruption Locations,houses_d_2,historical_significant_volcanic_eruption_locations
75ffc0d0_01_01_40,Historical Significant Volcanic Eruption Locations,houses_a_1,historical_significant_volcanic_eruption_locations
75ffc0d0_01_01_41,Historical Significant Volcanic Eruption Locations,houses_tot,historical_significant_volcanic_eruption_locations
75ffc0d0_01_01_42,Historical Significant Volcanic Eruption Locations,signif,historical_significant_volcanic_eruption_locations
75ffc0d0_01_01_43,Historical Significant Volcanic Eruption Locations,validity,historical_significant_volcanic_eruption_locations
75ffc0d0_01_01_44,Historical Significant Volcanic Eruption Locations,num,historical_significant_volcanic_eruption_locations
75ffc0d0_01_01_45,Historical Significant Volcanic Eruption Locations,name,historical_significant_volcanic_eruption_locations
75ffc0d0_01_01_46,Historical Significant Volcanic Eruption Locations,location,historical_significant_volcanic_eruption_locations
75ffc0d0_01_01_47,Historical Significant Volcanic Eruption Locations,latitude,historical_significant_volcanic_eruption_locations
75ffc0d0_01_01_48,Historical Significant Volcanic Eruption Locations,longitude,historical_significant_volcanic_eruption_locations
75ffc0d0_01_01_49,Historical Significant Volcanic Eruption Locations,elevation,historical_significant_volcanic_eruption_locations
75ffc0d0_01_01_50,Historical Significant Volcanic Eruption Locations,morphology,historical_significant_volcanic_eruption_locations
75ffc0d0_01_01_51,Historical Significant Volcanic Eruption Locations,status,historical_significant_volcanic_eruption_locations
75ffc0d0_01_01_52,Historical Significant Volcanic Eruption Locations,time_erupt,historical_significant_volcanic_eruption_locations
75ffc0d0_01_01_53,Historical Significant Volcanic Eruption Locations,id,historical_significant_volcanic_eruption_locations
75ffc0d0_01_01_54,Historical Significant Volcanic Eruption Locations,country,historical_significant_volcanic_eruption_locations
75ffc0d0_01_01_55,Historical Significant Volcanic Eruption Locations,num_slides,historical_significant_volcanic_eruption_locations
75ffc0d0_01_01_56,Historical Significant Volcanic Eruption Locations,sig_id,historical_significant_volcanic_eruption_locations
75ffc0d0_01_01_57,Historical Significant Volcanic Eruption Locations,tsu_id,historical_significant_volcanic_eruption_locations
75ffc0d0_01_01_58,Historical Significant Volcanic Eruption Locations,haz_event_,historical_significant_volcanic_eruption_locations
75ffc0d0_01_01_59,Historical Significant Volcanic Eruption Locations,objectid,historical_significant_volcanic_eruption_locations
d6d9af88_01_01_01,Historical Tropical Storm Tracks,ogc_fid,historical_tropical_storm_tracks
d6d9af88_01_01_03,Historical Tropical Storm Tracks,objectid,historical_tropical_storm_tracks
d6d9af88_01_01_04,Historical Tropical Storm Tracks,stormname,historical_tropical_storm_tracks
d6d9af88_01_01_05,Historical Tropical Storm Tracks,stormsegme,historical_tropical_storm_tracks
d6d9af88_01_01_06,Historical Tropical Storm Tracks,stormseg_1,historical_tropical_storm_tracks
d6d9af88_01_01_07,Historical Tropical Storm Tracks,stormseg_2,historical_tropical_storm_tracks
d6d9af88_01_01_08,Historical Tropical Storm Tracks,stormseg_3,historical_tropical_storm_tracks
d6d9af88_01_01_09,Historical Tropical Storm Tracks,stormseg_4,historical_tropical_storm_tracks
d6d9af88_01_01_10,Historical Tropical Storm Tracks,stormseg_5,historical_tropical_storm_tracks
d6d9af88_01_01_11,Historical Tropical Storm Tracks,stormseg_6,historical_tropical_storm_tracks
d6d9af88_01_01_12,Historical Tropical Storm Tracks,stormorder,historical_tropical_storm_tracks
d6d9af88_01_01_13,Historical Tropical Storm Tracks,stormseria,historical_tropical_storm_tracks
d6d9af88_01_01_14,Historical Tropical Storm Tracks,oceanbasin,historical_tropical_storm_tracks
d6d9af88_01_01_15,Historical Tropical Storm Tracks,shapestlen,historical_tropical_storm_tracks
04d869b6_01_01_01,Interim Risk Management (Irm) Property Point,ogc_fid,interim_risk_management__irm__property_point
04d869b6_01_01_03,Interim Risk Management (Irm) Property Point,objectid,interim_risk_management__irm__property_point
04d869b6_01_01_04,Interim Risk Management (Irm) Property Point,dodformerl,interim_risk_management__irm__property_point
04d869b6_01_01_05,Interim Risk Management (Irm) Property Point,sdsid,interim_risk_management__irm__property_point
04d869b6_01_01_06,Interim Risk Management (Irm) Property Point,sdsfeature,interim_risk_management__irm__property_point
04d869b6_01_01_07,Interim Risk Management (Irm) Property Point,sdsfeatu_1,interim_risk_management__irm__property_point
04d869b6_01_01_08,Interim Risk Management (Irm) Property Point,sdsmetadat,interim_risk_management__irm__property_point
04d869b6_01_01_09,Interim Risk Management (Irm) Property Point,mediaidfk,interim_risk_management__irm__property_point
04d869b6_01_01_10,Interim Risk Management (Irm) Property Point,se_anno_ca,interim_risk_management__irm__property_point
923b9809_01_01_01,National Shelter System Facilities,ogc_fid,national_shelter_system_facilities
923b9809_01_01_03,National Shelter System Facilities,objectid,national_shelter_system_facilities
923b9809_01_01_04,National Shelter System Facilities,shelter_id,national_shelter_system_facilities
923b9809_01_01_05,National Shelter System Facilities,shelter_na,national_shelter_system_facilities
923b9809_01_01_06,National Shelter System Facilities,city,national_shelter_system_facilities
923b9809_01_01_07,National Shelter System Facilities,county_par,national_shelter_system_facilities
923b9809_01_01_08,National Shelter System Facilities,fips_code,national_shelter_system_facilities
923b9809_01_01_09,National Shelter System Facilities,state,national_shelter_system_facilities
923b9809_01_01_10,National Shelter System Facilities,zip,national_shelter_system_facilities
923b9809_01_01_11,National Shelter System Facilities,mail_addr_,national_shelter_system_facilities
923b9809_01_01_12,National Shelter System Facilities,mailing_ad,national_shelter_system_facilities
923b9809_01_01_13,National Shelter System Facilities,mailing__1,national_shelter_system_facilities
923b9809_01_01_14,National Shelter System Facilities,mailing_ci,national_shelter_system_facilities
923b9809_01_01_15,National Shelter System Facilities,mailing_co,national_shelter_system_facilities
923b9809_01_01_16,National Shelter System Facilities,mailing_st,national_shelter_system_facilities
923b9809_01_01_17,National Shelter System Facilities,mailing_zi,national_shelter_system_facilities
923b9809_01_01_18,National Shelter System Facilities,facility_u,national_shelter_system_facilities
923b9809_01_01_19,National Shelter System Facilities,evacuation,national_shelter_system_facilities
923b9809_01_01_20,National Shelter System Facilities,post_impac,national_shelter_system_facilities
923b9809_01_01_21,National Shelter System Facilities,ada_compli,national_shelter_system_facilities
923b9809_01_01_22,National Shelter System Facilities,wheelchair,national_shelter_system_facilities
923b9809_01_01_23,National Shelter System Facilities,pet_accomm,national_shelter_system_facilities
923b9809_01_01_24,National Shelter System Facilities,pet_acco_1,national_shelter_system_facilities
923b9809_01_01_25,National Shelter System Facilities,generator_,national_shelter_system_facilities
923b9809_01_01_26,National Shelter System Facilities,self_suffi,national_shelter_system_facilities
923b9809_01_01_27,National Shelter System Facilities,latitude,national_shelter_system_facilities
923b9809_01_01_28,National Shelter System Facilities,longitude,national_shelter_system_facilities
923b9809_01_01_29,National Shelter System Facilities,in_100_yr_,national_shelter_system_facilities
923b9809_01_01_30,National Shelter System Facilities,in_500_yr_,national_shelter_system_facilities
923b9809_01_01_31,National Shelter System Facilities,in_surge_s,national_shelter_system_facilities
923b9809_01_01_32,National Shelter System Facilities,pre_landfa,national_shelter_system_facilities
923b9809_01_01_33,National Shelter System Facilities,shelter_co,national_shelter_system_facilities
923b9809_01_01_34,National Shelter System Facilities,org_organi,national_shelter_system_facilities
923b9809_01_01_35,National Shelter System Facilities,org_orga_1,national_shelter_system_facilities
923b9809_01_01_36,National Shelter System Facilities,org_main_p,national_shelter_system_facilities
923b9809_01_01_37,National Shelter System Facilities,org_fax,national_shelter_system_facilities
923b9809_01_01_38,National Shelter System Facilities,org_email,national_shelter_system_facilities
923b9809_01_01_39,National Shelter System Facilities,org_hotlin,national_shelter_system_facilities
923b9809_01_01_40,National Shelter System Facilities,org_other_,national_shelter_system_facilities
923b9809_01_01_41,National Shelter System Facilities,org_addres,national_shelter_system_facilities
923b9809_01_01_42,National Shelter System Facilities,org_city,national_shelter_system_facilities
923b9809_01_01_43,National Shelter System Facilities,org_state,national_shelter_system_facilities
923b9809_01_01_44,National Shelter System Facilities,org_zip,national_shelter_system_facilities
923b9809_01_01_45,National Shelter System Facilities,org_poc_na,national_shelter_system_facilities
923b9809_01_01_46,National Shelter System Facilities,org_poc_ph,national_shelter_system_facilities
923b9809_01_01_47,National Shelter System Facilities,org_poc_af,national_shelter_system_facilities
923b9809_01_01_48,National Shelter System Facilities,org_poc_em,national_shelter_system_facilities
923b9809_01_01_49,National Shelter System Facilities,org_hours_,national_shelter_system_facilities
923b9809_01_01_50,National Shelter System Facilities,population,national_shelter_system_facilities
923b9809_01_01_51,National Shelter System Facilities,incident_i,national_shelter_system_facilities
923b9809_01_01_52,National Shelter System Facilities,shelter_st,national_shelter_system_facilities
923b9809_01_01_53,National Shelter System Facilities,shelter_op,national_shelter_system_facilities
923b9809_01_01_54,National Shelter System Facilities,shelter_cl,national_shelter_system_facilities
923b9809_01_01_55,National Shelter System Facilities,reporting_,national_shelter_system_facilities
923b9809_01_01_56,National Shelter System Facilities,general_po,national_shelter_system_facilities
923b9809_01_01_57,National Shelter System Facilities,medical_ne,national_shelter_system_facilities
923b9809_01_01_58,National Shelter System Facilities,other_popu,national_shelter_system_facilities
923b9809_01_01_59,National Shelter System Facilities,other_po_1,national_shelter_system_facilities
923b9809_01_01_60,National Shelter System Facilities,total_popu,national_shelter_system_facilities
923b9809_01_01_61,National Shelter System Facilities,pet_popula,national_shelter_system_facilities
923b9809_01_01_62,National Shelter System Facilities,incident_n,national_shelter_system_facilities
923b9809_01_01_63,National Shelter System Facilities,incident_1,national_shelter_system_facilities
923b9809_01_01_64,National Shelter System Facilities,incident_c,national_shelter_system_facilities
923b9809_01_01_65,National Shelter System Facilities,score,national_shelter_system_facilities
923b9809_01_01_66,National Shelter System Facilities,status,national_shelter_system_facilities
923b9809_01_01_67,National Shelter System Facilities,match_type,national_shelter_system_facilities
923b9809_01_01_68,National Shelter System Facilities,loc_name,national_shelter_system_facilities
923b9809_01_01_69,National Shelter System Facilities,geox,national_shelter_system_facilities
923b9809_01_01_70,National Shelter System Facilities,geoy,national_shelter_system_facilities
923b9809_01_01_71,National Shelter System Facilities,facility_t,national_shelter_system_facilities
923b9809_01_01_72,National Shelter System Facilities,subfacilit,national_shelter_system_facilities
923b9809_01_01_73,National Shelter System Facilities,data_sourc,national_shelter_system_facilities
923b9809_01_01_74,National Shelter System Facilities,address_1,national_shelter_system_facilities
add14af5_01_01_01,Supplemental Colleges,objectid,table_0867556ee5f042ad9bc5f7d5d878ec31_supplementalcolleges
add14af5_01_01_02,Supplemental Colleges,uniqueid,table_0867556ee5f042ad9bc5f7d5d878ec31_supplementalcolleges
add14af5_01_01_03,Supplemental Colleges,ipedsid,table_0867556ee5f042ad9bc5f7d5d878ec31_supplementalcolleges
add14af5_01_01_04,Supplemental Colleges,name,table_0867556ee5f042ad9bc5f7d5d878ec31_supplementalcolleges
add14af5_01_01_05,Supplemental Colleges,address,table_0867556ee5f042ad9bc5f7d5d878ec31_supplementalcolleges
add14af5_01_01_06,Supplemental Colleges,city,table_0867556ee5f042ad9bc5f7d5d878ec31_supplementalcolleges
add14af5_01_01_07,Supplemental Colleges,state,table_0867556ee5f042ad9bc5f7d5d878ec31_supplementalcolleges
add14af5_01_01_08,Supplemental Colleges,zip,table_0867556ee5f042ad9bc5f7d5d878ec31_supplementalcolleges
add14af5_01_01_09,Supplemental Colleges,zip4,table_0867556ee5f042ad9bc5f7d5d878ec31_supplementalcolleges
add14af5_01_01_10,Supplemental Colleges,telephone,table_0867556ee5f042ad9bc5f7d5d878ec31_supplementalcolleges
add14af5_01_01_11,Supplemental Colleges,type,table_0867556ee5f042ad9bc5f7d5d878ec31_supplementalcolleges
add14af5_01_01_12,Supplemental Colleges,status,table_0867556ee5f042ad9bc5f7d5d878ec31_supplementalcolleges
add14af5_01_01_13,Supplemental Colleges,population,table_0867556ee5f042ad9bc5f7d5d878ec31_supplementalcolleges
add14af5_01_01_14,Supplemental Colleges,county,table_0867556ee5f042ad9bc5f7d5d878ec31_supplementalcolleges
add14af5_01_01_15,Supplemental Colleges,countyfips,table_0867556ee5f042ad9bc5f7d5d878ec31_supplementalcolleges
add14af5_01_01_16,Supplemental Colleges,country,table_0867556ee5f042ad9bc5f7d5d878ec31_supplementalcolleges
add14af5_01_01_17,Supplemental Colleges,latitude,table_0867556ee5f042ad9bc5f7d5d878ec31_supplementalcolleges
add14af5_01_01_18,Supplemental Colleges,longitude,table_0867556ee5f042ad9bc5f7d5d878ec31_supplementalcolleges
add14af5_01_01_19,Supplemental Colleges,naics_code,table_0867556ee5f042ad9bc5f7d5d878ec31_supplementalcolleges
add14af5_01_01_20,Supplemental Colleges,naics_desc,table_0867556ee5f042ad9bc5f7d5d878ec31_supplementalcolleges
add14af5_01_01_21,Supplemental Colleges,source,table_0867556ee5f042ad9bc5f7d5d878ec31_supplementalcolleges
add14af5_01_01_22,Supplemental Colleges,sourcedate,table_0867556ee5f042ad9bc5f7d5d878ec31_supplementalcolleges
add14af5_01_01_23,Supplemental Colleges,val_method,table_0867556ee5f042ad9bc5f7d5d878ec31_supplementalcolleges
add14af5_01_01_24,Supplemental Colleges,val_date,table_0867556ee5f042ad9bc5f7d5d878ec31_supplementalcolleges
add14af5_01_01_25,Supplemental Colleges,website,table_0867556ee5f042ad9bc5f7d5d878ec31_supplementalcolleges
add14af5_01_01_26,Supplemental Colleges,tot_enroll,table_0867556ee5f042ad9bc5f7d5d878ec31_supplementalcolleges
add14af5_01_01_27,Supplemental Colleges,tot_emp,table_0867556ee5f042ad9bc5f7d5d878ec31_supplementalcolleges
add14af5_01_01_28,Supplemental Colleges,shelterid,table_0867556ee5f042ad9bc5f7d5d878ec31_supplementalcolleges
9b4f9e58_01_01_01,Mobile Home Parks,objectid,table_09c8497d75904fc493df702b5862553a_mobilehomeparks
9b4f9e58_01_01_02,Mobile Home Parks,mhpid,table_09c8497d75904fc493df702b5862553a_mobilehomeparks
9b4f9e58_01_01_03,Mobile Home Parks,name,table_09c8497d75904fc493df702b5862553a_mobilehomeparks
9b4f9e58_01_01_04,Mobile Home Parks,address,table_09c8497d75904fc493df702b5862553a_mobilehomeparks
9b4f9e58_01_01_05,Mobile Home Parks,city,table_09c8497d75904fc493df702b5862553a_mobilehomeparks
9b4f9e58_01_01_06,Mobile Home Parks,state,table_09c8497d75904fc493df702b5862553a_mobilehomeparks
9b4f9e58_01_01_07,Mobile Home Parks,zip,table_09c8497d75904fc493df702b5862553a_mobilehomeparks
9b4f9e58_01_01_08,Mobile Home Parks,zip4,table_09c8497d75904fc493df702b5862553a_mobilehomeparks
9b4f9e58_01_01_09,Mobile Home Parks,telephone,table_09c8497d75904fc493df702b5862553a_mobilehomeparks
9b4f9e58_01_01_10,Mobile Home Parks,type,table_09c8497d75904fc493df702b5862553a_mobilehomeparks
9b4f9e58_01_01_11,Mobile Home Parks,status,table_09c8497d75904fc493df702b5862553a_mobilehomeparks
9b4f9e58_01_01_12,Mobile Home Parks,county,table_09c8497d75904fc493df702b5862553a_mobilehomeparks
9b4f9e58_01_01_13,Mobile Home Parks,countyfips,table_09c8497d75904fc493df702b5862553a_mobilehomeparks
9b4f9e58_01_01_14,Mobile Home Parks,country,table_09c8497d75904fc493df702b5862553a_mobilehomeparks
9b4f9e58_01_01_15,Mobile Home Parks,latitude,table_09c8497d75904fc493df702b5862553a_mobilehomeparks
9b4f9e58_01_01_16,Mobile Home Parks,longitude,table_09c8497d75904fc493df702b5862553a_mobilehomeparks
9b4f9e58_01_01_17,Mobile Home Parks,naics_code,table_09c8497d75904fc493df702b5862553a_mobilehomeparks
9b4f9e58_01_01_18,Mobile Home Parks,naics_desc,table_09c8497d75904fc493df702b5862553a_mobilehomeparks
9b4f9e58_01_01_19,Mobile Home Parks,source,table_09c8497d75904fc493df702b5862553a_mobilehomeparks
9b4f9e58_01_01_20,Mobile Home Parks,sourcedate,table_09c8497d75904fc493df702b5862553a_mobilehomeparks
9b4f9e58_01_01_21,Mobile Home Parks,val_method,table_09c8497d75904fc493df702b5862553a_mobilehomeparks
9b4f9e58_01_01_22,Mobile Home Parks,val_date,table_09c8497d75904fc493df702b5862553a_mobilehomeparks
9b4f9e58_01_01_23,Mobile Home Parks,website,table_09c8497d75904fc493df702b5862553a_mobilehomeparks
9b4f9e58_01_01_24,Mobile Home Parks,units,table_09c8497d75904fc493df702b5862553a_mobilehomeparks
9b4f9e58_01_01_25,Mobile Home Parks,size,table_09c8497d75904fc493df702b5862553a_mobilehomeparks
9b4f9e58_01_01_26,Mobile Home Parks,revgeoflag,table_09c8497d75904fc493df702b5862553a_mobilehomeparks
f3e4e6e5_01_01_01,Biodiesel Plants,objectid,table_11ffb297a26a4e2993f1bfe9a534333d_biodieselplants
f3e4e6e5_01_01_02,Biodiesel Plants,biodid,table_11ffb297a26a4e2993f1bfe9a534333d_biodieselplants
f3e4e6e5_01_01_03,Biodiesel Plants,name,table_11ffb297a26a4e2993f1bfe9a534333d_biodieselplants
f3e4e6e5_01_01_04,Biodiesel Plants,address,table_11ffb297a26a4e2993f1bfe9a534333d_biodieselplants
f3e4e6e5_01_01_05,Biodiesel Plants,address2,table_11ffb297a26a4e2993f1bfe9a534333d_biodieselplants
f3e4e6e5_01_01_06,Biodiesel Plants,city,table_11ffb297a26a4e2993f1bfe9a534333d_biodieselplants
f3e4e6e5_01_01_07,Biodiesel Plants,state,table_11ffb297a26a4e2993f1bfe9a534333d_biodieselplants
f3e4e6e5_01_01_08,Biodiesel Plants,zip,table_11ffb297a26a4e2993f1bfe9a534333d_biodieselplants
f3e4e6e5_01_01_09,Biodiesel Plants,zip4,table_11ffb297a26a4e2993f1bfe9a534333d_biodieselplants
f3e4e6e5_01_01_10,Biodiesel Plants,telephone,table_11ffb297a26a4e2993f1bfe9a534333d_biodieselplants
f3e4e6e5_01_01_11,Biodiesel Plants,type,table_11ffb297a26a4e2993f1bfe9a534333d_biodieselplants
f3e4e6e5_01_01_12,Biodiesel Plants,status,table_11ffb297a26a4e2993f1bfe9a534333d_biodieselplants
f3e4e6e5_01_01_13,Biodiesel Plants,population,table_11ffb297a26a4e2993f1bfe9a534333d_biodieselplants
f3e4e6e5_01_01_14,Biodiesel Plants,county,table_11ffb297a26a4e2993f1bfe9a534333d_biodieselplants
f3e4e6e5_01_01_15,Biodiesel Plants,countyfips,table_11ffb297a26a4e2993f1bfe9a534333d_biodieselplants
f3e4e6e5_01_01_16,Biodiesel Plants,country,table_11ffb297a26a4e2993f1bfe9a534333d_biodieselplants
f3e4e6e5_01_01_17,Biodiesel Plants,latitude,table_11ffb297a26a4e2993f1bfe9a534333d_biodieselplants
f3e4e6e5_01_01_18,Biodiesel Plants,longitude,table_11ffb297a26a4e2993f1bfe9a534333d_biodieselplants
f3e4e6e5_01_01_19,Biodiesel Plants,naics_code,table_11ffb297a26a4e2993f1bfe9a534333d_biodieselplants
f3e4e6e5_01_01_20,Biodiesel Plants,naics_desc,table_11ffb297a26a4e2993f1bfe9a534333d_biodieselplants
f3e4e6e5_01_01_21,Biodiesel Plants,source,table_11ffb297a26a4e2993f1bfe9a534333d_biodieselplants
f3e4e6e5_01_01_22,Biodiesel Plants,sourcedate,table_11ffb297a26a4e2993f1bfe9a534333d_biodieselplants
f3e4e6e5_01_01_23,Biodiesel Plants,val_method,table_11ffb297a26a4e2993f1bfe9a534333d_biodieselplants
f3e4e6e5_01_01_24,Biodiesel Plants,val_date,table_11ffb297a26a4e2993f1bfe9a534333d_biodieselplants
f3e4e6e5_01_01_25,Biodiesel Plants,website,table_11ffb297a26a4e2993f1bfe9a534333d_biodieselplants
f3e4e6e5_01_01_26,Biodiesel Plants,owner,table_11ffb297a26a4e2993f1bfe9a534333d_biodieselplants
f3e4e6e5_01_01_27,Biodiesel Plants,posrel,table_11ffb297a26a4e2993f1bfe9a534333d_biodieselplants
f3e4e6e5_01_01_28,Biodiesel Plants,capacity,table_11ffb297a26a4e2993f1bfe9a534333d_biodieselplants
f3e4e6e5_01_01_29,Biodiesel Plants,futurecap,table_11ffb297a26a4e2993f1bfe9a534333d_biodieselplants
f3e4e6e5_01_01_30,Biodiesel Plants,feedstock,table_11ffb297a26a4e2993f1bfe9a534333d_biodieselplants
f3e4e6e5_01_01_31,Biodiesel Plants,bq9000,table_11ffb297a26a4e2993f1bfe9a534333d_biodieselplants
0adc1f21_01_01_01,Natural Gas Processing Plants,objectid,table_148f08f38f4d4dc5ae9193044f024e02_natural_gas_processing_p
0adc1f21_01_01_02,Natural Gas Processing Plants,ngppid,table_148f08f38f4d4dc5ae9193044f024e02_natural_gas_processing_p
0adc1f21_01_01_03,Natural Gas Processing Plants,name,table_148f08f38f4d4dc5ae9193044f024e02_natural_gas_processing_p
0adc1f21_01_01_04,Natural Gas Processing Plants,address,table_148f08f38f4d4dc5ae9193044f024e02_natural_gas_processing_p
0adc1f21_01_01_05,Natural Gas Processing Plants,city,table_148f08f38f4d4dc5ae9193044f024e02_natural_gas_processing_p
0adc1f21_01_01_06,Natural Gas Processing Plants,state,table_148f08f38f4d4dc5ae9193044f024e02_natural_gas_processing_p
0adc1f21_01_01_07,Natural Gas Processing Plants,zip,table_148f08f38f4d4dc5ae9193044f024e02_natural_gas_processing_p
0adc1f21_01_01_08,Natural Gas Processing Plants,zip4,table_148f08f38f4d4dc5ae9193044f024e02_natural_gas_processing_p
0adc1f21_01_01_09,Natural Gas Processing Plants,telephone,table_148f08f38f4d4dc5ae9193044f024e02_natural_gas_processing_p
0adc1f21_01_01_10,Natural Gas Processing Plants,type,table_148f08f38f4d4dc5ae9193044f024e02_natural_gas_processing_p
0adc1f21_01_01_11,Natural Gas Processing Plants,status,table_148f08f38f4d4dc5ae9193044f024e02_natural_gas_processing_p
0adc1f21_01_01_12,Natural Gas Processing Plants,population,table_148f08f38f4d4dc5ae9193044f024e02_natural_gas_processing_p
0adc1f21_01_01_13,Natural Gas Processing Plants,county,table_148f08f38f4d4dc5ae9193044f024e02_natural_gas_processing_p
0adc1f21_01_01_14,Natural Gas Processing Plants,countyfips,table_148f08f38f4d4dc5ae9193044f024e02_natural_gas_processing_p
0adc1f21_01_01_15,Natural Gas Processing Plants,country,table_148f08f38f4d4dc5ae9193044f024e02_natural_gas_processing_p
0adc1f21_01_01_16,Natural Gas Processing Plants,latitude,table_148f08f38f4d4dc5ae9193044f024e02_natural_gas_processing_p
0adc1f21_01_01_17,Natural Gas Processing Plants,longitude,table_148f08f38f4d4dc5ae9193044f024e02_natural_gas_processing_p
0adc1f21_01_01_18,Natural Gas Processing Plants,naics_code,table_148f08f38f4d4dc5ae9193044f024e02_natural_gas_processing_p
0adc1f21_01_01_19,Natural Gas Processing Plants,naics_desc,table_148f08f38f4d4dc5ae9193044f024e02_natural_gas_processing_p
0adc1f21_01_01_20,Natural Gas Processing Plants,source,table_148f08f38f4d4dc5ae9193044f024e02_natural_gas_processing_p
0adc1f21_01_01_21,Natural Gas Processing Plants,sourcedate,table_148f08f38f4d4dc5ae9193044f024e02_natural_gas_processing_p
0adc1f21_01_01_22,Natural Gas Processing Plants,val_method,table_148f08f38f4d4dc5ae9193044f024e02_natural_gas_processing_p
0adc1f21_01_01_23,Natural Gas Processing Plants,val_date,table_148f08f38f4d4dc5ae9193044f024e02_natural_gas_processing_p
0adc1f21_01_01_24,Natural Gas Processing Plants,website,table_148f08f38f4d4dc5ae9193044f024e02_natural_gas_processing_p
0adc1f21_01_01_25,Natural Gas Processing Plants,facid,table_148f08f38f4d4dc5ae9193044f024e02_natural_gas_processing_p
0adc1f21_01_01_26,Natural Gas Processing Plants,compname,table_148f08f38f4d4dc5ae9193044f024e02_natural_gas_processing_p
0adc1f21_01_01_27,Natural Gas Processing Plants,posrel,table_148f08f38f4d4dc5ae9193044f024e02_natural_gas_processing_p
0adc1f21_01_01_28,Natural Gas Processing Plants,operator,table_148f08f38f4d4dc5ae9193044f024e02_natural_gas_processing_p
0adc1f21_01_01_29,Natural Gas Processing Plants,operaddr,table_148f08f38f4d4dc5ae9193044f024e02_natural_gas_processing_p
0adc1f21_01_01_30,Natural Gas Processing Plants,opercity,table_148f08f38f4d4dc5ae9193044f024e02_natural_gas_processing_p
0adc1f21_01_01_31,Natural Gas Processing Plants,operstate,table_148f08f38f4d4dc5ae9193044f024e02_natural_gas_processing_p
0adc1f21_01_01_32,Natural Gas Processing Plants,opercntry,table_148f08f38f4d4dc5ae9193044f024e02_natural_gas_processing_p
0adc1f21_01_01_33,Natural Gas Processing Plants,operzip,table_148f08f38f4d4dc5ae9193044f024e02_natural_gas_processing_p
0adc1f21_01_01_34,Natural Gas Processing Plants,operphone,table_148f08f38f4d4dc5ae9193044f024e02_natural_gas_processing_p
0adc1f21_01_01_35,Natural Gas Processing Plants,operurl,table_148f08f38f4d4dc5ae9193044f024e02_natural_gas_processing_p
0adc1f21_01_01_36,Natural Gas Processing Plants,gascap,table_148f08f38f4d4dc5ae9193044f024e02_natural_gas_processing_p
0adc1f21_01_01_37,Natural Gas Processing Plants,procamtbls,table_148f08f38f4d4dc5ae9193044f024e02_natural_gas_processing_p
0adc1f21_01_01_38,Natural Gas Processing Plants,basin,table_148f08f38f4d4dc5ae9193044f024e02_natural_gas_processing_p
0adc1f21_01_01_39,Natural Gas Processing Plants,plantflow,table_148f08f38f4d4dc5ae9193044f024e02_natural_gas_processing_p
0adc1f21_01_01_40,Natural Gas Processing Plants,btucontent,table_148f08f38f4d4dc5ae9193044f024e02_natural_gas_processing_p
0adc1f21_01_01_41,Natural Gas Processing Plants,gasstorcap,table_148f08f38f4d4dc5ae9193044f024e02_natural_gas_processing_p
0adc1f21_01_01_42,Natural Gas Processing Plants,liqstorcap,table_148f08f38f4d4dc5ae9193044f024e02_natural_gas_processing_p
0adc1f21_01_01_43,Natural Gas Processing Plants,rmp_id,table_148f08f38f4d4dc5ae9193044f024e02_natural_gas_processing_p
0adc1f21_01_01_44,Natural Gas Processing Plants,epa_id,table_148f08f38f4d4dc5ae9193044f024e02_natural_gas_processing_p
0b19ebf6_01_01_01,Natural Gas Storage Facility,objectid,table_1ce908a53d0641448b77d8dc8cb36f81_natural_gas_storage_faci
0b19ebf6_01_01_02,Natural Gas Storage Facility,stfid,table_1ce908a53d0641448b77d8dc8cb36f81_natural_gas_storage_faci
0b19ebf6_01_01_03,Natural Gas Storage Facility,name,table_1ce908a53d0641448b77d8dc8cb36f81_natural_gas_storage_faci
0b19ebf6_01_01_04,Natural Gas Storage Facility,address,table_1ce908a53d0641448b77d8dc8cb36f81_natural_gas_storage_faci
0b19ebf6_01_01_05,Natural Gas Storage Facility,city,table_1ce908a53d0641448b77d8dc8cb36f81_natural_gas_storage_faci
0b19ebf6_01_01_06,Natural Gas Storage Facility,state,table_1ce908a53d0641448b77d8dc8cb36f81_natural_gas_storage_faci
0b19ebf6_01_01_07,Natural Gas Storage Facility,zip,table_1ce908a53d0641448b77d8dc8cb36f81_natural_gas_storage_faci
0b19ebf6_01_01_08,Natural Gas Storage Facility,zip4,table_1ce908a53d0641448b77d8dc8cb36f81_natural_gas_storage_faci
0b19ebf6_01_01_09,Natural Gas Storage Facility,telephone,table_1ce908a53d0641448b77d8dc8cb36f81_natural_gas_storage_faci
0b19ebf6_01_01_10,Natural Gas Storage Facility,type,table_1ce908a53d0641448b77d8dc8cb36f81_natural_gas_storage_faci
0b19ebf6_01_01_11,Natural Gas Storage Facility,status,table_1ce908a53d0641448b77d8dc8cb36f81_natural_gas_storage_faci
0b19ebf6_01_01_12,Natural Gas Storage Facility,population,table_1ce908a53d0641448b77d8dc8cb36f81_natural_gas_storage_faci
0b19ebf6_01_01_13,Natural Gas Storage Facility,county,table_1ce908a53d0641448b77d8dc8cb36f81_natural_gas_storage_faci
0b19ebf6_01_01_14,Natural Gas Storage Facility,countyfips,table_1ce908a53d0641448b77d8dc8cb36f81_natural_gas_storage_faci
0b19ebf6_01_01_15,Natural Gas Storage Facility,country,table_1ce908a53d0641448b77d8dc8cb36f81_natural_gas_storage_faci
0b19ebf6_01_01_16,Natural Gas Storage Facility,latitude,table_1ce908a53d0641448b77d8dc8cb36f81_natural_gas_storage_faci
0b19ebf6_01_01_17,Natural Gas Storage Facility,longitude,table_1ce908a53d0641448b77d8dc8cb36f81_natural_gas_storage_faci
0b19ebf6_01_01_18,Natural Gas Storage Facility,naics_code,table_1ce908a53d0641448b77d8dc8cb36f81_natural_gas_storage_faci
0b19ebf6_01_01_19,Natural Gas Storage Facility,naics_desc,table_1ce908a53d0641448b77d8dc8cb36f81_natural_gas_storage_faci
0b19ebf6_01_01_20,Natural Gas Storage Facility,source,table_1ce908a53d0641448b77d8dc8cb36f81_natural_gas_storage_faci
0b19ebf6_01_01_21,Natural Gas Storage Facility,sourcedate,table_1ce908a53d0641448b77d8dc8cb36f81_natural_gas_storage_faci
0b19ebf6_01_01_22,Natural Gas Storage Facility,val_method,table_1ce908a53d0641448b77d8dc8cb36f81_natural_gas_storage_faci
0b19ebf6_01_01_23,Natural Gas Storage Facility,val_date,table_1ce908a53d0641448b77d8dc8cb36f81_natural_gas_storage_faci
0b19ebf6_01_01_24,Natural Gas Storage Facility,website,table_1ce908a53d0641448b77d8dc8cb36f81_natural_gas_storage_faci
0b19ebf6_01_01_25,Natural Gas Storage Facility,epaid,table_1ce908a53d0641448b77d8dc8cb36f81_natural_gas_storage_faci
0b19ebf6_01_01_26,Natural Gas Storage Facility,owner,table_1ce908a53d0641448b77d8dc8cb36f81_natural_gas_storage_faci
0b19ebf6_01_01_27,Natural Gas Storage Facility,operator,table_1ce908a53d0641448b77d8dc8cb36f81_natural_gas_storage_faci
0b19ebf6_01_01_28,Natural Gas Storage Facility,posrel,table_1ce908a53d0641448b77d8dc8cb36f81_natural_gas_storage_faci
0b19ebf6_01_01_29,Natural Gas Storage Facility,ownerpct,table_1ce908a53d0641448b77d8dc8cb36f81_natural_gas_storage_faci
0b19ebf6_01_01_30,Natural Gas Storage Facility,maxdel,table_1ce908a53d0641448b77d8dc8cb36f81_natural_gas_storage_faci
0b19ebf6_01_01_31,Natural Gas Storage Facility,workcap,table_1ce908a53d0641448b77d8dc8cb36f81_natural_gas_storage_faci
0b19ebf6_01_01_32,Natural Gas Storage Facility,basegas,table_1ce908a53d0641448b77d8dc8cb36f81_natural_gas_storage_faci
0b19ebf6_01_01_33,Natural Gas Storage Facility,totalcap,table_1ce908a53d0641448b77d8dc8cb36f81_natural_gas_storage_faci
0b19ebf6_01_01_34,Natural Gas Storage Facility,region,table_1ce908a53d0641448b77d8dc8cb36f81_natural_gas_storage_faci
0b19ebf6_01_01_35,Natural Gas Storage Facility,propmax,table_1ce908a53d0641448b77d8dc8cb36f81_natural_gas_storage_faci
0b19ebf6_01_01_36,Natural Gas Storage Facility,propwork,table_1ce908a53d0641448b77d8dc8cb36f81_natural_gas_storage_faci
0b19ebf6_01_01_37,Natural Gas Storage Facility,proptotal,table_1ce908a53d0641448b77d8dc8cb36f81_natural_gas_storage_faci
0b19ebf6_01_01_38,Natural Gas Storage Facility,reservname,table_1ce908a53d0641448b77d8dc8cb36f81_natural_gas_storage_faci
0b19ebf6_01_01_39,Natural Gas Storage Facility,sec_naics,table_1ce908a53d0641448b77d8dc8cb36f81_natural_gas_storage_faci
0b19ebf6_01_01_40,Natural Gas Storage Facility,sec_n_desc,table_1ce908a53d0641448b77d8dc8cb36f81_natural_gas_storage_faci
a2154895_01_01_01,Private Schools,fid,table_238dea9d18e84fee9a9f98d2ac61d610_private_schools
a2154895_01_01_02,Private Schools,ncesid,table_238dea9d18e84fee9a9f98d2ac61d610_private_schools
a2154895_01_01_03,Private Schools,name,table_238dea9d18e84fee9a9f98d2ac61d610_private_schools
a2154895_01_01_04,Private Schools,address,table_238dea9d18e84fee9a9f98d2ac61d610_private_schools
a2154895_01_01_05,Private Schools,city,table_238dea9d18e84fee9a9f98d2ac61d610_private_schools
a2154895_01_01_06,Private Schools,state,table_238dea9d18e84fee9a9f98d2ac61d610_private_schools
a2154895_01_01_07,Private Schools,zip,table_238dea9d18e84fee9a9f98d2ac61d610_private_schools
a2154895_01_01_08,Private Schools,zip4,table_238dea9d18e84fee9a9f98d2ac61d610_private_schools
a2154895_01_01_09,Private Schools,telephone,table_238dea9d18e84fee9a9f98d2ac61d610_private_schools
a2154895_01_01_10,Private Schools,type,table_238dea9d18e84fee9a9f98d2ac61d610_private_schools
a2154895_01_01_11,Private Schools,status,table_238dea9d18e84fee9a9f98d2ac61d610_private_schools
a2154895_01_01_12,Private Schools,population,table_238dea9d18e84fee9a9f98d2ac61d610_private_schools
a2154895_01_01_13,Private Schools,county,table_238dea9d18e84fee9a9f98d2ac61d610_private_schools
a2154895_01_01_14,Private Schools,countyfips,table_238dea9d18e84fee9a9f98d2ac61d610_private_schools
a2154895_01_01_15,Private Schools,country,table_238dea9d18e84fee9a9f98d2ac61d610_private_schools
a2154895_01_01_16,Private Schools,latitude,table_238dea9d18e84fee9a9f98d2ac61d610_private_schools
a2154895_01_01_17,Private Schools,longitude,table_238dea9d18e84fee9a9f98d2ac61d610_private_schools
a2154895_01_01_18,Private Schools,naics_code,table_238dea9d18e84fee9a9f98d2ac61d610_private_schools
a2154895_01_01_19,Private Schools,naics_desc,table_238dea9d18e84fee9a9f98d2ac61d610_private_schools
a2154895_01_01_20,Private Schools,source,table_238dea9d18e84fee9a9f98d2ac61d610_private_schools
a2154895_01_01_21,Private Schools,sourcedate,table_238dea9d18e84fee9a9f98d2ac61d610_private_schools
a2154895_01_01_22,Private Schools,val_method,table_238dea9d18e84fee9a9f98d2ac61d610_private_schools
a2154895_01_01_23,Private Schools,val_date,table_238dea9d18e84fee9a9f98d2ac61d610_private_schools
a2154895_01_01_24,Private Schools,website,table_238dea9d18e84fee9a9f98d2ac61d610_private_schools
a2154895_01_01_25,Private Schools,level_,table_238dea9d18e84fee9a9f98d2ac61d610_private_schools
a2154895_01_01_26,Private Schools,enrollment,table_238dea9d18e84fee9a9f98d2ac61d610_private_schools
a2154895_01_01_27,Private Schools,start_grad,table_238dea9d18e84fee9a9f98d2ac61d610_private_schools
a2154895_01_01_28,Private Schools,end_grade,table_238dea9d18e84fee9a9f98d2ac61d610_private_schools
a2154895_01_01_29,Private Schools,ft_teacher,table_238dea9d18e84fee9a9f98d2ac61d610_private_schools
a2154895_01_01_30,Private Schools,shelter_id,table_238dea9d18e84fee9a9f98d2ac61d610_private_schools
aa0b2acb_01_01_01,2545Cd7A-8497-48B0-9D2F-36F99896Ef532020328-1-21Kg1J.Eqinh,ogc_fid,table_2545cd7a_8497_48b0_9d2f_36f99896ef532020328_1_21kg1j
aa0b2acb_01_01_03,2545Cd7A-8497-48B0-9D2F-36F99896Ef532020328-1-21Kg1J.Eqinh,fid,table_2545cd7a_8497_48b0_9d2f_36f99896ef532020328_1_21kg1j
aa0b2acb_01_01_04,2545Cd7A-8497-48B0-9D2F-36F99896Ef532020328-1-21Kg1J.Eqinh,ngaid,table_2545cd7a_8497_48b0_9d2f_36f99896ef532020328_1_21kg1j
aa0b2acb_01_01_05,2545Cd7A-8497-48B0-9D2F-36F99896Ef532020328-1-21Kg1J.Eqinh,srclnkid,table_2545cd7a_8497_48b0_9d2f_36f99896ef532020328_1_21kg1j
aa0b2acb_01_01_06,2545Cd7A-8497-48B0-9D2F-36F99896Ef532020328-1-21Kg1J.Eqinh,metlnkid,table_2545cd7a_8497_48b0_9d2f_36f99896ef532020328_1_21kg1j
aa0b2acb_01_01_07,2545Cd7A-8497-48B0-9D2F-36F99896Ef532020328-1-21Kg1J.Eqinh,feattype,table_2545cd7a_8497_48b0_9d2f_36f99896ef532020328_1_21kg1j
aa0b2acb_01_01_08,2545Cd7A-8497-48B0-9D2F-36F99896Ef532020328-1-21Kg1J.Eqinh,secclass,table_2545cd7a_8497_48b0_9d2f_36f99896ef532020328_1_21kg1j
aa0b2acb_01_01_09,2545Cd7A-8497-48B0-9D2F-36F99896Ef532020328-1-21Kg1J.Eqinh,name,table_2545cd7a_8497_48b0_9d2f_36f99896ef532020328_1_21kg1j
aa0b2acb_01_01_10,2545Cd7A-8497-48B0-9D2F-36F99896Ef532020328-1-21Kg1J.Eqinh,area_,table_2545cd7a_8497_48b0_9d2f_36f99896ef532020328_1_21kg1j
aa0b2acb_01_01_11,2545Cd7A-8497-48B0-9D2F-36F99896Ef532020328-1-21Kg1J.Eqinh,phone,table_2545cd7a_8497_48b0_9d2f_36f99896ef532020328_1_21kg1j
aa0b2acb_01_01_12,2545Cd7A-8497-48B0-9D2F-36F99896Ef532020328-1-21Kg1J.Eqinh,address,table_2545cd7a_8497_48b0_9d2f_36f99896ef532020328_1_21kg1j
aa0b2acb_01_01_13,2545Cd7A-8497-48B0-9D2F-36F99896Ef532020328-1-21Kg1J.Eqinh,address2,table_2545cd7a_8497_48b0_9d2f_36f99896ef532020328_1_21kg1j
aa0b2acb_01_01_14,2545Cd7A-8497-48B0-9D2F-36F99896Ef532020328-1-21Kg1J.Eqinh,city,table_2545cd7a_8497_48b0_9d2f_36f99896ef532020328_1_21kg1j
aa0b2acb_01_01_15,2545Cd7A-8497-48B0-9D2F-36F99896Ef532020328-1-21Kg1J.Eqinh,state,table_2545cd7a_8497_48b0_9d2f_36f99896ef532020328_1_21kg1j
aa0b2acb_01_01_16,2545Cd7A-8497-48B0-9D2F-36F99896Ef532020328-1-21Kg1J.Eqinh,zip,table_2545cd7a_8497_48b0_9d2f_36f99896ef532020328_1_21kg1j
aa0b2acb_01_01_17,2545Cd7A-8497-48B0-9D2F-36F99896Ef532020328-1-21Kg1J.Eqinh,zipp4,table_2545cd7a_8497_48b0_9d2f_36f99896ef532020328_1_21kg1j
aa0b2acb_01_01_18,2545Cd7A-8497-48B0-9D2F-36F99896Ef532020328-1-21Kg1J.Eqinh,county,table_2545cd7a_8497_48b0_9d2f_36f99896ef532020328_1_21kg1j
aa0b2acb_01_01_19,2545Cd7A-8497-48B0-9D2F-36F99896Ef532020328-1-21Kg1J.Eqinh,fips,table_2545cd7a_8497_48b0_9d2f_36f99896ef532020328_1_21kg1j
aa0b2acb_01_01_20,2545Cd7A-8497-48B0-9D2F-36F99896Ef532020328-1-21Kg1J.Eqinh,directions,table_2545cd7a_8497_48b0_9d2f_36f99896ef532020328_1_21kg1j
aa0b2acb_01_01_21,2545Cd7A-8497-48B0-9D2F-36F99896Ef532020328-1-21Kg1J.Eqinh,emergtitle,table_2545cd7a_8497_48b0_9d2f_36f99896ef532020328_1_21kg1j
aa0b2acb_01_01_22,2545Cd7A-8497-48B0-9D2F-36F99896Ef532020328-1-21Kg1J.Eqinh,emergphone,table_2545cd7a_8497_48b0_9d2f_36f99896ef532020328_1_21kg1j
aa0b2acb_01_01_23,2545Cd7A-8497-48B0-9D2F-36F99896Ef532020328-1-21Kg1J.Eqinh,emergext,table_2545cd7a_8497_48b0_9d2f_36f99896ef532020328_1_21kg1j
aa0b2acb_01_01_24,2545Cd7A-8497-48B0-9D2F-36F99896Ef532020328-1-21Kg1J.Eqinh,contdate,table_2545cd7a_8497_48b0_9d2f_36f99896ef532020328_1_21kg1j
aa0b2acb_01_01_25,2545Cd7A-8497-48B0-9D2F-36F99896Ef532020328-1-21Kg1J.Eqinh,conthow,table_2545cd7a_8497_48b0_9d2f_36f99896ef532020328_1_21kg1j
aa0b2acb_01_01_26,2545Cd7A-8497-48B0-9D2F-36F99896Ef532020328-1-21Kg1J.Eqinh,geodate,table_2545cd7a_8497_48b0_9d2f_36f99896ef532020328_1_21kg1j
aa0b2acb_01_01_27,2545Cd7A-8497-48B0-9D2F-36F99896Ef532020328-1-21Kg1J.Eqinh,geohow,table_2545cd7a_8497_48b0_9d2f_36f99896ef532020328_1_21kg1j
aa0b2acb_01_01_28,2545Cd7A-8497-48B0-9D2F-36F99896Ef532020328-1-21Kg1J.Eqinh,hsipthemes,table_2545cd7a_8497_48b0_9d2f_36f99896ef532020328_1_21kg1j
aa0b2acb_01_01_29,2545Cd7A-8497-48B0-9D2F-36F99896Ef532020328-1-21Kg1J.Eqinh,naicscode,table_2545cd7a_8497_48b0_9d2f_36f99896ef532020328_1_21kg1j
aa0b2acb_01_01_30,2545Cd7A-8497-48B0-9D2F-36F99896Ef532020328-1-21Kg1J.Eqinh,naicsdescr,table_2545cd7a_8497_48b0_9d2f_36f99896ef532020328_1_21kg1j
aa0b2acb_01_01_31,2545Cd7A-8497-48B0-9D2F-36F99896Ef532020328-1-21Kg1J.Eqinh,geolinkid,table_2545cd7a_8497_48b0_9d2f_36f99896ef532020328_1_21kg1j
aa0b2acb_01_01_32,2545Cd7A-8497-48B0-9D2F-36F99896Ef532020328-1-21Kg1J.Eqinh,source,table_2545cd7a_8497_48b0_9d2f_36f99896ef532020328_1_21kg1j
aa0b2acb_01_01_33,2545Cd7A-8497-48B0-9D2F-36F99896Ef532020328-1-21Kg1J.Eqinh,x,table_2545cd7a_8497_48b0_9d2f_36f99896ef532020328_1_21kg1j
aa0b2acb_01_01_34,2545Cd7A-8497-48B0-9D2F-36F99896Ef532020328-1-21Kg1J.Eqinh,y,table_2545cd7a_8497_48b0_9d2f_36f99896ef532020328_1_21kg1j
aa0b2acb_01_01_35,2545Cd7A-8497-48B0-9D2F-36F99896Ef532020328-1-21Kg1J.Eqinh,st_vendor,table_2545cd7a_8497_48b0_9d2f_36f99896ef532020328_1_21kg1j
aa0b2acb_01_01_36,2545Cd7A-8497-48B0-9D2F-36F99896Ef532020328-1-21Kg1J.Eqinh,st_version,table_2545cd7a_8497_48b0_9d2f_36f99896ef532020328_1_21kg1j
aa0b2acb_01_01_37,2545Cd7A-8497-48B0-9D2F-36F99896Ef532020328-1-21Kg1J.Eqinh,geoprec,table_2545cd7a_8497_48b0_9d2f_36f99896ef532020328_1_21kg1j
aa0b2acb_01_01_38,2545Cd7A-8497-48B0-9D2F-36F99896Ef532020328-1-21Kg1J.Eqinh,phoneloc,table_2545cd7a_8497_48b0_9d2f_36f99896ef532020328_1_21kg1j
aa0b2acb_01_01_39,2545Cd7A-8497-48B0-9D2F-36F99896Ef532020328-1-21Kg1J.Eqinh,qc_qa,table_2545cd7a_8497_48b0_9d2f_36f99896ef532020328_1_21kg1j
aa0b2acb_01_01_40,2545Cd7A-8497-48B0-9D2F-36F99896Ef532020328-1-21Kg1J.Eqinh,mine_id,table_2545cd7a_8497_48b0_9d2f_36f99896ef532020328_1_21kg1j
aa0b2acb_01_01_41,2545Cd7A-8497-48B0-9D2F-36F99896Ef532020328-1-21Kg1J.Eqinh,inspec_off,table_2545cd7a_8497_48b0_9d2f_36f99896ef532020328_1_21kg1j
aa0b2acb_01_01_42,2545Cd7A-8497-48B0-9D2F-36F99896Ef532020328-1-21Kg1J.Eqinh,sic,table_2545cd7a_8497_48b0_9d2f_36f99896ef532020328_1_21kg1j
aa0b2acb_01_01_43,2545Cd7A-8497-48B0-9D2F-36F99896Ef532020328-1-21Kg1J.Eqinh,canvass,table_2545cd7a_8497_48b0_9d2f_36f99896ef532020328_1_21kg1j
aa0b2acb_01_01_44,2545Cd7A-8497-48B0-9D2F-36F99896Ef532020328-1-21Kg1J.Eqinh,mine_type,table_2545cd7a_8497_48b0_9d2f_36f99896ef532020328_1_21kg1j
aa0b2acb_01_01_45,2545Cd7A-8497-48B0-9D2F-36F99896Ef532020328-1-21Kg1J.Eqinh,stat_code,table_2545cd7a_8497_48b0_9d2f_36f99896ef532020328_1_21kg1j
aa0b2acb_01_01_46,2545Cd7A-8497-48B0-9D2F-36F99896Ef532020328-1-21Kg1J.Eqinh,stat_date,table_2545cd7a_8497_48b0_9d2f_36f99896ef532020328_1_21kg1j
aa0b2acb_01_01_47,2545Cd7A-8497-48B0-9D2F-36F99896Ef532020328-1-21Kg1J.Eqinh,compname,table_2545cd7a_8497_48b0_9d2f_36f99896ef532020328_1_21kg1j
aa0b2acb_01_01_48,2545Cd7A-8497-48B0-9D2F-36F99896Ef532020328-1-21Kg1J.Eqinh,mine_plant,table_2545cd7a_8497_48b0_9d2f_36f99896ef532020328_1_21kg1j
aa0b2acb_01_01_49,2545Cd7A-8497-48B0-9D2F-36F99896Ef532020328-1-21Kg1J.Eqinh,maddress,table_2545cd7a_8497_48b0_9d2f_36f99896ef532020328_1_21kg1j
aa0b2acb_01_01_50,2545Cd7A-8497-48B0-9D2F-36F99896Ef532020328-1-21Kg1J.Eqinh,mcity,table_2545cd7a_8497_48b0_9d2f_36f99896ef532020328_1_21kg1j
aa0b2acb_01_01_51,2545Cd7A-8497-48B0-9D2F-36F99896Ef532020328-1-21Kg1J.Eqinh,mstate,table_2545cd7a_8497_48b0_9d2f_36f99896ef532020328_1_21kg1j
aa0b2acb_01_01_52,2545Cd7A-8497-48B0-9D2F-36F99896Ef532020328-1-21Kg1J.Eqinh,mzip,table_2545cd7a_8497_48b0_9d2f_36f99896ef532020328_1_21kg1j
aa0b2acb_01_01_53,2545Cd7A-8497-48B0-9D2F-36F99896Ef532020328-1-21Kg1J.Eqinh,mcounty,table_2545cd7a_8497_48b0_9d2f_36f99896ef532020328_1_21kg1j
aa0b2acb_01_01_54,2545Cd7A-8497-48B0-9D2F-36F99896Ef532020328-1-21Kg1J.Eqinh,subunit_nu,table_2545cd7a_8497_48b0_9d2f_36f99896ef532020328_1_21kg1j
aa0b2acb_01_01_55,2545Cd7A-8497-48B0-9D2F-36F99896Ef532020328-1-21Kg1J.Eqinh,subunit_1,table_2545cd7a_8497_48b0_9d2f_36f99896ef532020328_1_21kg1j
aa0b2acb_01_01_56,2545Cd7A-8497-48B0-9D2F-36F99896Ef532020328-1-21Kg1J.Eqinh,subunit_2,table_2545cd7a_8497_48b0_9d2f_36f99896ef532020328_1_21kg1j
aa0b2acb_01_01_57,2545Cd7A-8497-48B0-9D2F-36F99896Ef532020328-1-21Kg1J.Eqinh,subunit_3,table_2545cd7a_8497_48b0_9d2f_36f99896ef532020328_1_21kg1j
aa0b2acb_01_01_58,2545Cd7A-8497-48B0-9D2F-36F99896Ef532020328-1-21Kg1J.Eqinh,subunit_4,table_2545cd7a_8497_48b0_9d2f_36f99896ef532020328_1_21kg1j
01507197_01_01_01,Station Transfers,objectid,table_34efbd11e15141ea85f7bd8709c23735_station_transfers
01507197_01_01_02,Station Transfers,sta_id,table_34efbd11e15141ea85f7bd8709c23735_station_transfers
01507197_01_01_03,Station Transfers,stationsys,table_34efbd11e15141ea85f7bd8709c23735_station_transfers
01507197_01_01_04,Station Transfers,system1,table_34efbd11e15141ea85f7bd8709c23735_station_transfers
01507197_01_01_05,Station Transfers,system2,table_34efbd11e15141ea85f7bd8709c23735_station_transfers
01507197_01_01_06,Station Transfers,system3,table_34efbd11e15141ea85f7bd8709c23735_station_transfers
b15f4c3c_01_01_01,Public Nifs Archive Perimeters,objectid,table_3ae20b8f24e543799d6202a6b3494aff_public_nifs_archive_peri
b15f4c3c_01_01_02,Public Nifs Archive Perimeters,gdb_archive_oid,table_3ae20b8f24e543799d6202a6b3494aff_public_nifs_archive_peri
b15f4c3c_01_01_03,Public Nifs Archive Perimeters,incidentname,table_3ae20b8f24e543799d6202a6b3494aff_public_nifs_archive_peri
b15f4c3c_01_01_04,Public Nifs Archive Perimeters,featurecategory,table_3ae20b8f24e543799d6202a6b3494aff_public_nifs_archive_peri
b15f4c3c_01_01_05,Public Nifs Archive Perimeters,mapmethod,table_3ae20b8f24e543799d6202a6b3494aff_public_nifs_archive_peri
b15f4c3c_01_01_06,Public Nifs Archive Perimeters,comments,table_3ae20b8f24e543799d6202a6b3494aff_public_nifs_archive_peri
b15f4c3c_01_01_07,Public Nifs Archive Perimeters,gisacres,table_3ae20b8f24e543799d6202a6b3494aff_public_nifs_archive_peri
b15f4c3c_01_01_08,Public Nifs Archive Perimeters,deletethis,table_3ae20b8f24e543799d6202a6b3494aff_public_nifs_archive_peri
b15f4c3c_01_01_09,Public Nifs Archive Perimeters,label,table_3ae20b8f24e543799d6202a6b3494aff_public_nifs_archive_peri
b15f4c3c_01_01_10,Public Nifs Archive Perimeters,featureaccess,table_3ae20b8f24e543799d6202a6b3494aff_public_nifs_archive_peri
b15f4c3c_01_01_11,Public Nifs Archive Perimeters,featurestatus,table_3ae20b8f24e543799d6202a6b3494aff_public_nifs_archive_peri
b15f4c3c_01_01_12,Public Nifs Archive Perimeters,isvisible,table_3ae20b8f24e543799d6202a6b3494aff_public_nifs_archive_peri
b15f4c3c_01_01_13,Public Nifs Archive Perimeters,createdate,table_3ae20b8f24e543799d6202a6b3494aff_public_nifs_archive_peri
b15f4c3c_01_01_14,Public Nifs Archive Perimeters,datecurrent,table_3ae20b8f24e543799d6202a6b3494aff_public_nifs_archive_peri
b15f4c3c_01_01_15,Public Nifs Archive Perimeters,polygondatetime,table_3ae20b8f24e543799d6202a6b3494aff_public_nifs_archive_peri
b15f4c3c_01_01_16,Public Nifs Archive Perimeters,complexname,table_3ae20b8f24e543799d6202a6b3494aff_public_nifs_archive_peri
b15f4c3c_01_01_17,Public Nifs Archive Perimeters,complexid,table_3ae20b8f24e543799d6202a6b3494aff_public_nifs_archive_peri
b15f4c3c_01_01_18,Public Nifs Archive Perimeters,gacc,table_3ae20b8f24e543799d6202a6b3494aff_public_nifs_archive_peri
b15f4c3c_01_01_19,Public Nifs Archive Perimeters,imtname,table_3ae20b8f24e543799d6202a6b3494aff_public_nifs_archive_peri
b15f4c3c_01_01_20,Public Nifs Archive Perimeters,unitid,table_3ae20b8f24e543799d6202a6b3494aff_public_nifs_archive_peri
b15f4c3c_01_01_21,Public Nifs Archive Perimeters,localincidentid,table_3ae20b8f24e543799d6202a6b3494aff_public_nifs_archive_peri
b15f4c3c_01_01_22,Public Nifs Archive Perimeters,irwinid,table_3ae20b8f24e543799d6202a6b3494aff_public_nifs_archive_peri
b15f4c3c_01_01_23,Public Nifs Archive Perimeters,geometryid,table_3ae20b8f24e543799d6202a6b3494aff_public_nifs_archive_peri
b15f4c3c_01_01_24,Public Nifs Archive Perimeters,globalid,table_3ae20b8f24e543799d6202a6b3494aff_public_nifs_archive_peri
b15f4c3c_01_01_25,Public Nifs Archive Perimeters,gdb_from_date,table_3ae20b8f24e543799d6202a6b3494aff_public_nifs_archive_peri
b15f4c3c_01_01_26,Public Nifs Archive Perimeters,gdb_to_date,table_3ae20b8f24e543799d6202a6b3494aff_public_nifs_archive_peri
b15f4c3c_01_01_27,Public Nifs Archive Perimeters,egp_oid,table_3ae20b8f24e543799d6202a6b3494aff_public_nifs_archive_peri
b15f4c3c_01_01_28,Public Nifs Archive Perimeters,shape_length,table_3ae20b8f24e543799d6202a6b3494aff_public_nifs_archive_peri
b15f4c3c_01_01_29,Public Nifs Archive Perimeters,shape_area,table_3ae20b8f24e543799d6202a6b3494aff_public_nifs_archive_peri
4998c0de_01_01_01,Ng Receipt Delivery Pts,objectid,table_3c42c7348d9646b9bd8db23f0af3f6d5_ng_receipt_delivery_pts
4998c0de_01_01_02,Ng Receipt Delivery Pts,uid,table_3c42c7348d9646b9bd8db23f0af3f6d5_ng_receipt_delivery_pts
4998c0de_01_01_03,Ng Receipt Delivery Pts,name,table_3c42c7348d9646b9bd8db23f0af3f6d5_ng_receipt_delivery_pts
4998c0de_01_01_04,Ng Receipt Delivery Pts,city,table_3c42c7348d9646b9bd8db23f0af3f6d5_ng_receipt_delivery_pts
4998c0de_01_01_05,Ng Receipt Delivery Pts,state,table_3c42c7348d9646b9bd8db23f0af3f6d5_ng_receipt_delivery_pts
4998c0de_01_01_06,Ng Receipt Delivery Pts,type,table_3c42c7348d9646b9bd8db23f0af3f6d5_ng_receipt_delivery_pts
4998c0de_01_01_07,Ng Receipt Delivery Pts,status,table_3c42c7348d9646b9bd8db23f0af3f6d5_ng_receipt_delivery_pts
4998c0de_01_01_08,Ng Receipt Delivery Pts,county,table_3c42c7348d9646b9bd8db23f0af3f6d5_ng_receipt_delivery_pts
4998c0de_01_01_09,Ng Receipt Delivery Pts,countyfips,table_3c42c7348d9646b9bd8db23f0af3f6d5_ng_receipt_delivery_pts
4998c0de_01_01_10,Ng Receipt Delivery Pts,country,table_3c42c7348d9646b9bd8db23f0af3f6d5_ng_receipt_delivery_pts
4998c0de_01_01_11,Ng Receipt Delivery Pts,latitude,table_3c42c7348d9646b9bd8db23f0af3f6d5_ng_receipt_delivery_pts
4998c0de_01_01_12,Ng Receipt Delivery Pts,longitude,table_3c42c7348d9646b9bd8db23f0af3f6d5_ng_receipt_delivery_pts
4998c0de_01_01_13,Ng Receipt Delivery Pts,naics_code,table_3c42c7348d9646b9bd8db23f0af3f6d5_ng_receipt_delivery_pts
4998c0de_01_01_14,Ng Receipt Delivery Pts,naics_desc,table_3c42c7348d9646b9bd8db23f0af3f6d5_ng_receipt_delivery_pts
4998c0de_01_01_15,Ng Receipt Delivery Pts,source,table_3c42c7348d9646b9bd8db23f0af3f6d5_ng_receipt_delivery_pts
4998c0de_01_01_16,Ng Receipt Delivery Pts,sourcedate,table_3c42c7348d9646b9bd8db23f0af3f6d5_ng_receipt_delivery_pts
4998c0de_01_01_17,Ng Receipt Delivery Pts,val_method,table_3c42c7348d9646b9bd8db23f0af3f6d5_ng_receipt_delivery_pts
4998c0de_01_01_18,Ng Receipt Delivery Pts,val_date,table_3c42c7348d9646b9bd8db23f0af3f6d5_ng_receipt_delivery_pts
4998c0de_01_01_19,Ng Receipt Delivery Pts,rdptid,table_3c42c7348d9646b9bd8db23f0af3f6d5_ng_receipt_delivery_pts
4998c0de_01_01_20,Ng Receipt Delivery Pts,compname,table_3c42c7348d9646b9bd8db23f0af3f6d5_ng_receipt_delivery_pts
4998c0de_01_01_21,Ng Receipt Delivery Pts,connname,table_3c42c7348d9646b9bd8db23f0af3f6d5_ng_receipt_delivery_pts
4998c0de_01_01_22,Ng Receipt Delivery Pts,posrel,table_3c42c7348d9646b9bd8db23f0af3f6d5_ng_receipt_delivery_pts
4998c0de_01_01_23,Ng Receipt Delivery Pts,maxcap,table_3c42c7348d9646b9bd8db23f0af3f6d5_ng_receipt_delivery_pts
4998c0de_01_01_24,Ng Receipt Delivery Pts,schedcap,table_3c42c7348d9646b9bd8db23f0af3f6d5_ng_receipt_delivery_pts
4998c0de_01_01_25,Ng Receipt Delivery Pts,availcap,table_3c42c7348d9646b9bd8db23f0af3f6d5_ng_receipt_delivery_pts
4998c0de_01_01_26,Ng Receipt Delivery Pts,zonename,table_3c42c7348d9646b9bd8db23f0af3f6d5_ng_receipt_delivery_pts
4998c0de_01_01_27,Ng Receipt Delivery Pts,drnno,table_3c42c7348d9646b9bd8db23f0af3f6d5_ng_receipt_delivery_pts
68bf7456_01_01_01,College University Campuses,objectid,table_3c5026522e6841d4ad3ed482c0fb1b30_collegeuniversitycampuse
68bf7456_01_01_02,College University Campuses,uniqueid,table_3c5026522e6841d4ad3ed482c0fb1b30_collegeuniversitycampuse
68bf7456_01_01_03,College University Campuses,name,table_3c5026522e6841d4ad3ed482c0fb1b30_collegeuniversitycampuse
68bf7456_01_01_04,College University Campuses,address,table_3c5026522e6841d4ad3ed482c0fb1b30_collegeuniversitycampuse
68bf7456_01_01_05,College University Campuses,city,table_3c5026522e6841d4ad3ed482c0fb1b30_collegeuniversitycampuse
68bf7456_01_01_06,College University Campuses,state,table_3c5026522e6841d4ad3ed482c0fb1b30_collegeuniversitycampuse
68bf7456_01_01_07,College University Campuses,zip,table_3c5026522e6841d4ad3ed482c0fb1b30_collegeuniversitycampuse
68bf7456_01_01_08,College University Campuses,zip4,table_3c5026522e6841d4ad3ed482c0fb1b30_collegeuniversitycampuse
68bf7456_01_01_09,College University Campuses,telephone,table_3c5026522e6841d4ad3ed482c0fb1b30_collegeuniversitycampuse
68bf7456_01_01_10,College University Campuses,type,table_3c5026522e6841d4ad3ed482c0fb1b30_collegeuniversitycampuse
68bf7456_01_01_11,College University Campuses,status,table_3c5026522e6841d4ad3ed482c0fb1b30_collegeuniversitycampuse
68bf7456_01_01_12,College University Campuses,population,table_3c5026522e6841d4ad3ed482c0fb1b30_collegeuniversitycampuse
68bf7456_01_01_13,College University Campuses,county,table_3c5026522e6841d4ad3ed482c0fb1b30_collegeuniversitycampuse
68bf7456_01_01_14,College University Campuses,countyfips,table_3c5026522e6841d4ad3ed482c0fb1b30_collegeuniversitycampuse
68bf7456_01_01_15,College University Campuses,country,table_3c5026522e6841d4ad3ed482c0fb1b30_collegeuniversitycampuse
68bf7456_01_01_16,College University Campuses,naics_code,table_3c5026522e6841d4ad3ed482c0fb1b30_collegeuniversitycampuse
68bf7456_01_01_17,College University Campuses,naics_desc,table_3c5026522e6841d4ad3ed482c0fb1b30_collegeuniversitycampuse
68bf7456_01_01_18,College University Campuses,source,table_3c5026522e6841d4ad3ed482c0fb1b30_collegeuniversitycampuse
68bf7456_01_01_19,College University Campuses,sourcedate,table_3c5026522e6841d4ad3ed482c0fb1b30_collegeuniversitycampuse
68bf7456_01_01_20,College University Campuses,val_method,table_3c5026522e6841d4ad3ed482c0fb1b30_collegeuniversitycampuse
68bf7456_01_01_21,College University Campuses,val_date,table_3c5026522e6841d4ad3ed482c0fb1b30_collegeuniversitycampuse
68bf7456_01_01_22,College University Campuses,website,table_3c5026522e6841d4ad3ed482c0fb1b30_collegeuniversitycampuse
68bf7456_01_01_23,College University Campuses,tot_enroll,table_3c5026522e6841d4ad3ed482c0fb1b30_collegeuniversitycampuse
68bf7456_01_01_24,College University Campuses,tot_emp,table_3c5026522e6841d4ad3ed482c0fb1b30_collegeuniversitycampuse
68bf7456_01_01_25,College University Campuses,shelterid,table_3c5026522e6841d4ad3ed482c0fb1b30_collegeuniversitycampuse
68bf7456_01_01_26,College University Campuses,shape_length,table_3c5026522e6841d4ad3ed482c0fb1b30_collegeuniversitycampuse
68bf7456_01_01_27,College University Campuses,shape_area,table_3c5026522e6841d4ad3ed482c0fb1b30_collegeuniversitycampuse
d1fa971e_01_01_01,Nonferrous Metal Process Plants,objectid,table_3d2b09b4cbd246059fa1234ae5ad6950_nonferrousmetalprocesspl
d1fa971e_01_01_02,Nonferrous Metal Process Plants,minop7x020,table_3d2b09b4cbd246059fa1234ae5ad6950_nonferrousmetalprocesspl
d1fa971e_01_01_03,Nonferrous Metal Process Plants,commodity,table_3d2b09b4cbd246059fa1234ae5ad6950_nonferrousmetalprocesspl
d1fa971e_01_01_04,Nonferrous Metal Process Plants,site_name,table_3d2b09b4cbd246059fa1234ae5ad6950_nonferrousmetalprocesspl
d1fa971e_01_01_05,Nonferrous Metal Process Plants,company_na,table_3d2b09b4cbd246059fa1234ae5ad6950_nonferrousmetalprocesspl
d1fa971e_01_01_06,Nonferrous Metal Process Plants,state_loca,table_3d2b09b4cbd246059fa1234ae5ad6950_nonferrousmetalprocesspl
d1fa971e_01_01_07,Nonferrous Metal Process Plants,county,table_3d2b09b4cbd246059fa1234ae5ad6950_nonferrousmetalprocesspl
d1fa971e_01_01_08,Nonferrous Metal Process Plants,latitude,table_3d2b09b4cbd246059fa1234ae5ad6950_nonferrousmetalprocesspl
d1fa971e_01_01_09,Nonferrous Metal Process Plants,longitude,table_3d2b09b4cbd246059fa1234ae5ad6950_nonferrousmetalprocesspl
d1fa971e_01_01_10,Nonferrous Metal Process Plants,plant_min,table_3d2b09b4cbd246059fa1234ae5ad6950_nonferrousmetalprocesspl
4ac1be2d_01_01_01,Cruise Line Terminals,fid,table_3d59ba3279094b618561872d1063fa10_cruise_line_terminals
4ac1be2d_01_01_02,Cruise Line Terminals,objectid,table_3d59ba3279094b618561872d1063fa10_cruise_line_terminals
4ac1be2d_01_01_03,Cruise Line Terminals,feature_id,table_3d59ba3279094b618561872d1063fa10_cruise_line_terminals
4ac1be2d_01_01_04,Cruise Line Terminals,name,table_3d59ba3279094b618561872d1063fa10_cruise_line_terminals
4ac1be2d_01_01_05,Cruise Line Terminals,portname,table_3d59ba3279094b618561872d1063fa10_cruise_line_terminals
4ac1be2d_01_01_06,Cruise Line Terminals,city,table_3d59ba3279094b618561872d1063fa10_cruise_line_terminals
4ac1be2d_01_01_07,Cruise Line Terminals,state,table_3d59ba3279094b618561872d1063fa10_cruise_line_terminals
4ac1be2d_01_01_08,Cruise Line Terminals,zip,table_3d59ba3279094b618561872d1063fa10_cruise_line_terminals
4ac1be2d_01_01_09,Cruise Line Terminals,homeportcr,table_3d59ba3279094b618561872d1063fa10_cruise_line_terminals
4ac1be2d_01_01_10,Cruise Line Terminals,url,table_3d59ba3279094b618561872d1063fa10_cruise_line_terminals
4ac1be2d_01_01_11,Cruise Line Terminals,latitude,table_3d59ba3279094b618561872d1063fa10_cruise_line_terminals
4ac1be2d_01_01_12,Cruise Line Terminals,longitude,table_3d59ba3279094b618561872d1063fa10_cruise_line_terminals
4ac1be2d_01_01_13,Cruise Line Terminals,address,table_3d59ba3279094b618561872d1063fa10_cruise_line_terminals
4ac1be2d_01_01_14,Cruise Line Terminals,address2,table_3d59ba3279094b618561872d1063fa10_cruise_line_terminals
13e093e3_01_01_01,Public Transit Stations,objectid,table_3d8afbb16a924603b8c897293dc171ae_public_transit_stations
13e093e3_01_01_02,Public Transit Stations,id,table_3d8afbb16a924603b8c897293dc171ae_public_transit_stations
13e093e3_01_01_03,Public Transit Stations,station,table_3d8afbb16a924603b8c897293dc171ae_public_transit_stations
13e093e3_01_01_04,Public Transit Stations,stationurl,table_3d8afbb16a924603b8c897293dc171ae_public_transit_stations
13e093e3_01_01_05,Public Transit Stations,sta_id,table_3d8afbb16a924603b8c897293dc171ae_public_transit_stations
13e093e3_01_01_06,Public Transit Stations,system,table_3d8afbb16a924603b8c897293dc171ae_public_transit_stations
13e093e3_01_01_07,Public Transit Stations,sys_agency,table_3d8afbb16a924603b8c897293dc171ae_public_transit_stations
13e093e3_01_01_08,Public Transit Stations,ntdid,table_3d8afbb16a924603b8c897293dc171ae_public_transit_stations
13e093e3_01_01_09,Public Transit Stations,latitude,table_3d8afbb16a924603b8c897293dc171ae_public_transit_stations
13e093e3_01_01_10,Public Transit Stations,longitude,table_3d8afbb16a924603b8c897293dc171ae_public_transit_stations
13e093e3_01_01_11,Public Transit Stations,ua,table_3d8afbb16a924603b8c897293dc171ae_public_transit_stations
13e093e3_01_01_12,Public Transit Stations,uacode,table_3d8afbb16a924603b8c897293dc171ae_public_transit_stations
13e093e3_01_01_13,Public Transit Stations,status,table_3d8afbb16a924603b8c897293dc171ae_public_transit_stations
13e093e3_01_01_14,Public Transit Stations,source,table_3d8afbb16a924603b8c897293dc171ae_public_transit_stations
13e093e3_01_01_15,Public Transit Stations,sourcedate,table_3d8afbb16a924603b8c897293dc171ae_public_transit_stations
13e093e3_01_01_16,Public Transit Stations,grd_elev,table_3d8afbb16a924603b8c897293dc171ae_public_transit_stations
13e093e3_01_01_17,Public Transit Stations,address,table_3d8afbb16a924603b8c897293dc171ae_public_transit_stations
13e093e3_01_01_18,Public Transit Stations,city,table_3d8afbb16a924603b8c897293dc171ae_public_transit_stations
13e093e3_01_01_19,Public Transit Stations,state,table_3d8afbb16a924603b8c897293dc171ae_public_transit_stations
13e093e3_01_01_20,Public Transit Stations,zip,table_3d8afbb16a924603b8c897293dc171ae_public_transit_stations
13e093e3_01_01_21,Public Transit Stations,stationsys,table_3d8afbb16a924603b8c897293dc171ae_public_transit_stations
55b3233d_01_01_01,Public Nifs Perimeters,objectid,table_48f1211b6a3b41619cd4d72dc1c99b1e_public_nifs_perimeters
55b3233d_01_01_02,Public Nifs Perimeters,incidentname,table_48f1211b6a3b41619cd4d72dc1c99b1e_public_nifs_perimeters
55b3233d_01_01_03,Public Nifs Perimeters,featurecategory,table_48f1211b6a3b41619cd4d72dc1c99b1e_public_nifs_perimeters
55b3233d_01_01_04,Public Nifs Perimeters,mapmethod,table_48f1211b6a3b41619cd4d72dc1c99b1e_public_nifs_perimeters
55b3233d_01_01_05,Public Nifs Perimeters,comments,table_48f1211b6a3b41619cd4d72dc1c99b1e_public_nifs_perimeters
55b3233d_01_01_06,Public Nifs Perimeters,gisacres,table_48f1211b6a3b41619cd4d72dc1c99b1e_public_nifs_perimeters
55b3233d_01_01_07,Public Nifs Perimeters,label,table_48f1211b6a3b41619cd4d72dc1c99b1e_public_nifs_perimeters
55b3233d_01_01_08,Public Nifs Perimeters,featureaccess,table_48f1211b6a3b41619cd4d72dc1c99b1e_public_nifs_perimeters
55b3233d_01_01_09,Public Nifs Perimeters,featurestatus,table_48f1211b6a3b41619cd4d72dc1c99b1e_public_nifs_perimeters
55b3233d_01_01_10,Public Nifs Perimeters,isvisible,table_48f1211b6a3b41619cd4d72dc1c99b1e_public_nifs_perimeters
55b3233d_01_01_11,Public Nifs Perimeters,createdate,table_48f1211b6a3b41619cd4d72dc1c99b1e_public_nifs_perimeters
55b3233d_01_01_12,Public Nifs Perimeters,datecurrent,table_48f1211b6a3b41619cd4d72dc1c99b1e_public_nifs_perimeters
55b3233d_01_01_13,Public Nifs Perimeters,polygondatetime,table_48f1211b6a3b41619cd4d72dc1c99b1e_public_nifs_perimeters
55b3233d_01_01_14,Public Nifs Perimeters,complexname,table_48f1211b6a3b41619cd4d72dc1c99b1e_public_nifs_perimeters
55b3233d_01_01_15,Public Nifs Perimeters,complexid,table_48f1211b6a3b41619cd4d72dc1c99b1e_public_nifs_perimeters
55b3233d_01_01_16,Public Nifs Perimeters,gacc,table_48f1211b6a3b41619cd4d72dc1c99b1e_public_nifs_perimeters
55b3233d_01_01_17,Public Nifs Perimeters,imtname,table_48f1211b6a3b41619cd4d72dc1c99b1e_public_nifs_perimeters
55b3233d_01_01_18,Public Nifs Perimeters,unitid,table_48f1211b6a3b41619cd4d72dc1c99b1e_public_nifs_perimeters
55b3233d_01_01_19,Public Nifs Perimeters,localincidentid,table_48f1211b6a3b41619cd4d72dc1c99b1e_public_nifs_perimeters
55b3233d_01_01_20,Public Nifs Perimeters,irwinid,table_48f1211b6a3b41619cd4d72dc1c99b1e_public_nifs_perimeters
55b3233d_01_01_21,Public Nifs Perimeters,geometryid,table_48f1211b6a3b41619cd4d72dc1c99b1e_public_nifs_perimeters
55b3233d_01_01_22,Public Nifs Perimeters,globalid,table_48f1211b6a3b41619cd4d72dc1c99b1e_public_nifs_perimeters
55b3233d_01_01_23,Public Nifs Perimeters,globalid_2,table_48f1211b6a3b41619cd4d72dc1c99b1e_public_nifs_perimeters
55b3233d_01_01_24,Public Nifs Perimeters,shape_length,table_48f1211b6a3b41619cd4d72dc1c99b1e_public_nifs_perimeters
55b3233d_01_01_25,Public Nifs Perimeters,shape_area,table_48f1211b6a3b41619cd4d72dc1c99b1e_public_nifs_perimeters
24e97717_01_01_01,Crushed Stone Operations,fid,table_4a6e0c1312884fa79e0a23ce917418b9_crushed_stone_operations
24e97717_01_01_02,Crushed Stone Operations,objectid,table_4a6e0c1312884fa79e0a23ce917418b9_crushed_stone_operations
24e97717_01_01_03,Crushed Stone Operations,minop2x020,table_4a6e0c1312884fa79e0a23ce917418b9_crushed_stone_operations
24e97717_01_01_04,Crushed Stone Operations,commodity,table_4a6e0c1312884fa79e0a23ce917418b9_crushed_stone_operations
24e97717_01_01_05,Crushed Stone Operations,site_name,table_4a6e0c1312884fa79e0a23ce917418b9_crushed_stone_operations
24e97717_01_01_06,Crushed Stone Operations,company_na,table_4a6e0c1312884fa79e0a23ce917418b9_crushed_stone_operations
24e97717_01_01_07,Crushed Stone Operations,state_loca,table_4a6e0c1312884fa79e0a23ce917418b9_crushed_stone_operations
24e97717_01_01_08,Crushed Stone Operations,county,table_4a6e0c1312884fa79e0a23ce917418b9_crushed_stone_operations
24e97717_01_01_09,Crushed Stone Operations,latitude,table_4a6e0c1312884fa79e0a23ce917418b9_crushed_stone_operations
24e97717_01_01_10,Crushed Stone Operations,longitude,table_4a6e0c1312884fa79e0a23ce917418b9_crushed_stone_operations
24e97717_01_01_11,Crushed Stone Operations,plant_min,table_4a6e0c1312884fa79e0a23ce917418b9_crushed_stone_operations
7a52b9bd_01_01_01,Ethanol Transloading Facilities,objectid,table_58ed8b708ac94d14b1e478e998d25aaa_ethanoltransloading_faci
7a52b9bd_01_01_02,Ethanol Transloading Facilities,etohid,table_58ed8b708ac94d14b1e478e998d25aaa_ethanoltransloading_faci
7a52b9bd_01_01_03,Ethanol Transloading Facilities,name,table_58ed8b708ac94d14b1e478e998d25aaa_ethanoltransloading_faci
7a52b9bd_01_01_04,Ethanol Transloading Facilities,address,table_58ed8b708ac94d14b1e478e998d25aaa_ethanoltransloading_faci
7a52b9bd_01_01_05,Ethanol Transloading Facilities,address2,table_58ed8b708ac94d14b1e478e998d25aaa_ethanoltransloading_faci
7a52b9bd_01_01_06,Ethanol Transloading Facilities,city,table_58ed8b708ac94d14b1e478e998d25aaa_ethanoltransloading_faci
7a52b9bd_01_01_07,Ethanol Transloading Facilities,state,table_58ed8b708ac94d14b1e478e998d25aaa_ethanoltransloading_faci
7a52b9bd_01_01_08,Ethanol Transloading Facilities,zip,table_58ed8b708ac94d14b1e478e998d25aaa_ethanoltransloading_faci
7a52b9bd_01_01_09,Ethanol Transloading Facilities,zip4,table_58ed8b708ac94d14b1e478e998d25aaa_ethanoltransloading_faci
7a52b9bd_01_01_10,Ethanol Transloading Facilities,telephone,table_58ed8b708ac94d14b1e478e998d25aaa_ethanoltransloading_faci
7a52b9bd_01_01_11,Ethanol Transloading Facilities,type,table_58ed8b708ac94d14b1e478e998d25aaa_ethanoltransloading_faci
7a52b9bd_01_01_12,Ethanol Transloading Facilities,status,table_58ed8b708ac94d14b1e478e998d25aaa_ethanoltransloading_faci
7a52b9bd_01_01_13,Ethanol Transloading Facilities,population,table_58ed8b708ac94d14b1e478e998d25aaa_ethanoltransloading_faci
7a52b9bd_01_01_14,Ethanol Transloading Facilities,county,table_58ed8b708ac94d14b1e478e998d25aaa_ethanoltransloading_faci
7a52b9bd_01_01_15,Ethanol Transloading Facilities,countyfips,table_58ed8b708ac94d14b1e478e998d25aaa_ethanoltransloading_faci
7a52b9bd_01_01_16,Ethanol Transloading Facilities,country,table_58ed8b708ac94d14b1e478e998d25aaa_ethanoltransloading_faci
7a52b9bd_01_01_17,Ethanol Transloading Facilities,latitude,table_58ed8b708ac94d14b1e478e998d25aaa_ethanoltransloading_faci
7a52b9bd_01_01_18,Ethanol Transloading Facilities,longitude,table_58ed8b708ac94d14b1e478e998d25aaa_ethanoltransloading_faci
7a52b9bd_01_01_19,Ethanol Transloading Facilities,naics_code,table_58ed8b708ac94d14b1e478e998d25aaa_ethanoltransloading_faci
7a52b9bd_01_01_20,Ethanol Transloading Facilities,naics_desc,table_58ed8b708ac94d14b1e478e998d25aaa_ethanoltransloading_faci
7a52b9bd_01_01_21,Ethanol Transloading Facilities,source,table_58ed8b708ac94d14b1e478e998d25aaa_ethanoltransloading_faci
7a52b9bd_01_01_22,Ethanol Transloading Facilities,sourcedate,table_58ed8b708ac94d14b1e478e998d25aaa_ethanoltransloading_faci
7a52b9bd_01_01_23,Ethanol Transloading Facilities,val_method,table_58ed8b708ac94d14b1e478e998d25aaa_ethanoltransloading_faci
7a52b9bd_01_01_24,Ethanol Transloading Facilities,val_date,table_58ed8b708ac94d14b1e478e998d25aaa_ethanoltransloading_faci
7a52b9bd_01_01_25,Ethanol Transloading Facilities,website,table_58ed8b708ac94d14b1e478e998d25aaa_ethanoltransloading_faci
7a52b9bd_01_01_26,Ethanol Transloading Facilities,owner,table_58ed8b708ac94d14b1e478e998d25aaa_ethanoltransloading_faci
7a52b9bd_01_01_27,Ethanol Transloading Facilities,posrel,table_58ed8b708ac94d14b1e478e998d25aaa_ethanoltransloading_faci
7a52b9bd_01_01_28,Ethanol Transloading Facilities,railroads,table_58ed8b708ac94d14b1e478e998d25aaa_ethanoltransloading_faci
7a52b9bd_01_01_29,Ethanol Transloading Facilities,carspots,table_58ed8b708ac94d14b1e478e998d25aaa_ethanoltransloading_faci
454f652e_01_01_01,Power Plants,objectid,table_590346c686004299ba453175a0495de9_power_plants
454f652e_01_01_02,Power Plants,plant_code,table_590346c686004299ba453175a0495de9_power_plants
454f652e_01_01_03,Power Plants,name,table_590346c686004299ba453175a0495de9_power_plants
454f652e_01_01_04,Power Plants,address,table_590346c686004299ba453175a0495de9_power_plants
454f652e_01_01_05,Power Plants,city,table_590346c686004299ba453175a0495de9_power_plants
454f652e_01_01_06,Power Plants,state,table_590346c686004299ba453175a0495de9_power_plants
454f652e_01_01_07,Power Plants,zip,table_590346c686004299ba453175a0495de9_power_plants
454f652e_01_01_08,Power Plants,telephone,table_590346c686004299ba453175a0495de9_power_plants
454f652e_01_01_09,Power Plants,type,table_590346c686004299ba453175a0495de9_power_plants
454f652e_01_01_10,Power Plants,status,table_590346c686004299ba453175a0495de9_power_plants
454f652e_01_01_11,Power Plants,county,table_590346c686004299ba453175a0495de9_power_plants
454f652e_01_01_12,Power Plants,countyfips,table_590346c686004299ba453175a0495de9_power_plants
454f652e_01_01_13,Power Plants,country,table_590346c686004299ba453175a0495de9_power_plants
454f652e_01_01_14,Power Plants,latitude,table_590346c686004299ba453175a0495de9_power_plants
454f652e_01_01_15,Power Plants,longitude,table_590346c686004299ba453175a0495de9_power_plants
454f652e_01_01_16,Power Plants,naics_code,table_590346c686004299ba453175a0495de9_power_plants
454f652e_01_01_17,Power Plants,naics_desc,table_590346c686004299ba453175a0495de9_power_plants
454f652e_01_01_18,Power Plants,source,table_590346c686004299ba453175a0495de9_power_plants
454f652e_01_01_19,Power Plants,sourcedate,table_590346c686004299ba453175a0495de9_power_plants
454f652e_01_01_20,Power Plants,val_method,table_590346c686004299ba453175a0495de9_power_plants
454f652e_01_01_21,Power Plants,val_date,table_590346c686004299ba453175a0495de9_power_plants
454f652e_01_01_22,Power Plants,website,table_590346c686004299ba453175a0495de9_power_plants
454f652e_01_01_23,Power Plants,operator,table_590346c686004299ba453175a0495de9_power_plants
454f652e_01_01_24,Power Plants,operat_id,table_590346c686004299ba453175a0495de9_power_plants
454f652e_01_01_25,Power Plants,oper_cap,table_590346c686004299ba453175a0495de9_power_plants
454f652e_01_01_26,Power Plants,summer_cap,table_590346c686004299ba453175a0495de9_power_plants
454f652e_01_01_27,Power Plants,winter_cap,table_590346c686004299ba453175a0495de9_power_plants
454f652e_01_01_28,Power Plants,plan_cap,table_590346c686004299ba453175a0495de9_power_plants
454f652e_01_01_29,Power Plants,retire_cap,table_590346c686004299ba453175a0495de9_power_plants
454f652e_01_01_30,Power Plants,gen_units,table_590346c686004299ba453175a0495de9_power_plants
454f652e_01_01_31,Power Plants,plan_unit,table_590346c686004299ba453175a0495de9_power_plants
454f652e_01_01_32,Power Plants,retir_unit,table_590346c686004299ba453175a0495de9_power_plants
454f652e_01_01_33,Power Plants,prim_fuel,table_590346c686004299ba453175a0495de9_power_plants
454f652e_01_01_34,Power Plants,sec_fuel,table_590346c686004299ba453175a0495de9_power_plants
454f652e_01_01_35,Power Plants,coal_used,table_590346c686004299ba453175a0495de9_power_plants
454f652e_01_01_36,Power Plants,ngas_used,table_590346c686004299ba453175a0495de9_power_plants
454f652e_01_01_37,Power Plants,oil_used,table_590346c686004299ba453175a0495de9_power_plants
454f652e_01_01_38,Power Plants,net_gen,table_590346c686004299ba453175a0495de9_power_plants
454f652e_01_01_39,Power Plants,cap_factor,table_590346c686004299ba453175a0495de9_power_plants
454f652e_01_01_40,Power Plants,sub_1,table_590346c686004299ba453175a0495de9_power_plants
454f652e_01_01_41,Power Plants,sub_2,table_590346c686004299ba453175a0495de9_power_plants
454f652e_01_01_42,Power Plants,lines,table_590346c686004299ba453175a0495de9_power_plants
454f652e_01_01_43,Power Plants,source_lat,table_590346c686004299ba453175a0495de9_power_plants
454f652e_01_01_44,Power Plants,sourc_long,table_590346c686004299ba453175a0495de9_power_plants
ed7873ad_01_01_01,Petroleum Ports,objectid,table_5a2f47784b49431681c45fc2e340d023_petroleum_ports
ed7873ad_01_01_02,Petroleum Ports,pp_id,table_5a2f47784b49431681c45fc2e340d023_petroleum_ports
ed7873ad_01_01_03,Petroleum Ports,name,table_5a2f47784b49431681c45fc2e340d023_petroleum_ports
ed7873ad_01_01_04,Petroleum Ports,state,table_5a2f47784b49431681c45fc2e340d023_petroleum_ports
ed7873ad_01_01_05,Petroleum Ports,type,table_5a2f47784b49431681c45fc2e340d023_petroleum_ports
ed7873ad_01_01_06,Petroleum Ports,status,table_5a2f47784b49431681c45fc2e340d023_petroleum_ports
ed7873ad_01_01_07,Petroleum Ports,county,table_5a2f47784b49431681c45fc2e340d023_petroleum_ports
ed7873ad_01_01_08,Petroleum Ports,countyfips,table_5a2f47784b49431681c45fc2e340d023_petroleum_ports
ed7873ad_01_01_09,Petroleum Ports,country,table_5a2f47784b49431681c45fc2e340d023_petroleum_ports
ed7873ad_01_01_10,Petroleum Ports,latitude,table_5a2f47784b49431681c45fc2e340d023_petroleum_ports
ed7873ad_01_01_11,Petroleum Ports,longitude,table_5a2f47784b49431681c45fc2e340d023_petroleum_ports
ed7873ad_01_01_12,Petroleum Ports,naics_code,table_5a2f47784b49431681c45fc2e340d023_petroleum_ports
ed7873ad_01_01_13,Petroleum Ports,naics_desc,table_5a2f47784b49431681c45fc2e340d023_petroleum_ports
ed7873ad_01_01_14,Petroleum Ports,source,table_5a2f47784b49431681c45fc2e340d023_petroleum_ports
ed7873ad_01_01_15,Petroleum Ports,sourcedate,table_5a2f47784b49431681c45fc2e340d023_petroleum_ports
ed7873ad_01_01_16,Petroleum Ports,val_method,table_5a2f47784b49431681c45fc2e340d023_petroleum_ports
ed7873ad_01_01_17,Petroleum Ports,val_date,table_5a2f47784b49431681c45fc2e340d023_petroleum_ports
ed7873ad_01_01_18,Petroleum Ports,website,table_5a2f47784b49431681c45fc2e340d023_petroleum_ports
ed7873ad_01_01_19,Petroleum Ports,port_id,table_5a2f47784b49431681c45fc2e340d023_petroleum_ports
ed7873ad_01_01_20,Petroleum Ports,operator,table_5a2f47784b49431681c45fc2e340d023_petroleum_ports
ed7873ad_01_01_21,Petroleum Ports,posrel,table_5a2f47784b49431681c45fc2e340d023_petroleum_ports
ed7873ad_01_01_22,Petroleum Ports,ktonscrude,table_5a2f47784b49431681c45fc2e340d023_petroleum_ports
ed7873ad_01_01_23,Petroleum Ports,kbblscrude,table_5a2f47784b49431681c45fc2e340d023_petroleum_ports
ed7873ad_01_01_24,Petroleum Ports,ktons_gas,table_5a2f47784b49431681c45fc2e340d023_petroleum_ports
ed7873ad_01_01_25,Petroleum Ports,kbbls_gas,table_5a2f47784b49431681c45fc2e340d023_petroleum_ports
ed7873ad_01_01_26,Petroleum Ports,ktons_kero,table_5a2f47784b49431681c45fc2e340d023_petroleum_ports
ed7873ad_01_01_27,Petroleum Ports,kbbls_kero,table_5a2f47784b49431681c45fc2e340d023_petroleum_ports
ed7873ad_01_01_28,Petroleum Ports,ktons_dist,table_5a2f47784b49431681c45fc2e340d023_petroleum_ports
ed7873ad_01_01_29,Petroleum Ports,kbbls_dist,table_5a2f47784b49431681c45fc2e340d023_petroleum_ports
ed7873ad_01_01_30,Petroleum Ports,ktons_resd,table_5a2f47784b49431681c45fc2e340d023_petroleum_ports
ed7873ad_01_01_31,Petroleum Ports,kbbls_resd,table_5a2f47784b49431681c45fc2e340d023_petroleum_ports
ed7873ad_01_01_32,Petroleum Ports,ktons_lube,table_5a2f47784b49431681c45fc2e340d023_petroleum_ports
ed7873ad_01_01_33,Petroleum Ports,kbbls_lube,table_5a2f47784b49431681c45fc2e340d023_petroleum_ports
ed7873ad_01_01_34,Petroleum Ports,ktonsjelly,table_5a2f47784b49431681c45fc2e340d023_petroleum_ports
ed7873ad_01_01_35,Petroleum Ports,kbblsjelly,table_5a2f47784b49431681c45fc2e340d023_petroleum_ports
ed7873ad_01_01_36,Petroleum Ports,ktons_naph,table_5a2f47784b49431681c45fc2e340d023_petroleum_ports
ed7873ad_01_01_37,Petroleum Ports,kbbls_naph,table_5a2f47784b49431681c45fc2e340d023_petroleum_ports
ed7873ad_01_01_38,Petroleum Ports,ktons_asph,table_5a2f47784b49431681c45fc2e340d023_petroleum_ports
ed7873ad_01_01_39,Petroleum Ports,kbbls_asph,table_5a2f47784b49431681c45fc2e340d023_petroleum_ports
ed7873ad_01_01_40,Petroleum Ports,ktons_pcok,table_5a2f47784b49431681c45fc2e340d023_petroleum_ports
ed7873ad_01_01_41,Petroleum Ports,kbbls_pcok,table_5a2f47784b49431681c45fc2e340d023_petroleum_ports
ed7873ad_01_01_42,Petroleum Ports,ktons_lpg,table_5a2f47784b49431681c45fc2e340d023_petroleum_ports
ed7873ad_01_01_43,Petroleum Ports,kbbls_lpg,table_5a2f47784b49431681c45fc2e340d023_petroleum_ports
ed7873ad_01_01_44,Petroleum Ports,ktons_misc,table_5a2f47784b49431681c45fc2e340d023_petroleum_ports
ed7873ad_01_01_45,Petroleum Ports,kbbls_misc,table_5a2f47784b49431681c45fc2e340d023_petroleum_ports
cec114d3_01_01_01,645139A1-3E70-469C-90E8-26133A79Bc352020313-1-1Q8Uxur.Qrnxf,ogc_fid,table_645139a1_3e70_469c_90e8_26133a79bc352020313_1_1q8uxur
cec114d3_01_01_03,645139A1-3E70-469C-90E8-26133A79Bc352020313-1-1Q8Uxur.Qrnxf,objectid,table_645139a1_3e70_469c_90e8_26133a79bc352020313_1_1q8uxur
cec114d3_01_01_04,645139A1-3E70-469C-90E8-26133A79Bc352020313-1-1Q8Uxur.Qrnxf,id,table_645139a1_3e70_469c_90e8_26133a79bc352020313_1_1q8uxur
cec114d3_01_01_05,645139A1-3E70-469C-90E8-26133A79Bc352020313-1-1Q8Uxur.Qrnxf,address,table_645139a1_3e70_469c_90e8_26133a79bc352020313_1_1q8uxur
cec114d3_01_01_06,645139A1-3E70-469C-90E8-26133A79Bc352020313-1-1Q8Uxur.Qrnxf,address2,table_645139a1_3e70_469c_90e8_26133a79bc352020313_1_1q8uxur
cec114d3_01_01_07,645139A1-3E70-469C-90E8-26133A79Bc352020313-1-1Q8Uxur.Qrnxf,city,table_645139a1_3e70_469c_90e8_26133a79bc352020313_1_1q8uxur
cec114d3_01_01_08,645139A1-3E70-469C-90E8-26133A79Bc352020313-1-1Q8Uxur.Qrnxf,state,table_645139a1_3e70_469c_90e8_26133a79bc352020313_1_1q8uxur
cec114d3_01_01_09,645139A1-3E70-469C-90E8-26133A79Bc352020313-1-1Q8Uxur.Qrnxf,zip,table_645139a1_3e70_469c_90e8_26133a79bc352020313_1_1q8uxur
cec114d3_01_01_10,645139A1-3E70-469C-90E8-26133A79Bc352020313-1-1Q8Uxur.Qrnxf,zip4,table_645139a1_3e70_469c_90e8_26133a79bc352020313_1_1q8uxur
cec114d3_01_01_11,645139A1-3E70-469C-90E8-26133A79Bc352020313-1-1Q8Uxur.Qrnxf,county,table_645139a1_3e70_469c_90e8_26133a79bc352020313_1_1q8uxur
cec114d3_01_01_12,645139A1-3E70-469C-90E8-26133A79Bc352020313-1-1Q8Uxur.Qrnxf,fips,table_645139a1_3e70_469c_90e8_26133a79bc352020313_1_1q8uxur
cec114d3_01_01_13,645139A1-3E70-469C-90E8-26133A79Bc352020313-1-1Q8Uxur.Qrnxf,naicscode,table_645139a1_3e70_469c_90e8_26133a79bc352020313_1_1q8uxur
cec114d3_01_01_14,645139A1-3E70-469C-90E8-26133A79Bc352020313-1-1Q8Uxur.Qrnxf,naicsdescr,table_645139a1_3e70_469c_90e8_26133a79bc352020313_1_1q8uxur
cec114d3_01_01_15,645139A1-3E70-469C-90E8-26133A79Bc352020313-1-1Q8Uxur.Qrnxf,longitude,table_645139a1_3e70_469c_90e8_26133a79bc352020313_1_1q8uxur
cec114d3_01_01_16,645139A1-3E70-469C-90E8-26133A79Bc352020313-1-1Q8Uxur.Qrnxf,latitude,table_645139a1_3e70_469c_90e8_26133a79bc352020313_1_1q8uxur
cec114d3_01_01_17,645139A1-3E70-469C-90E8-26133A79Bc352020313-1-1Q8Uxur.Qrnxf,geoprec,table_645139a1_3e70_469c_90e8_26133a79bc352020313_1_1q8uxur
cec114d3_01_01_18,645139A1-3E70-469C-90E8-26133A79Bc352020313-1-1Q8Uxur.Qrnxf,phoneloc,table_645139a1_3e70_469c_90e8_26133a79bc352020313_1_1q8uxur
cec114d3_01_01_19,645139A1-3E70-469C-90E8-26133A79Bc352020313-1-1Q8Uxur.Qrnxf,state_id,table_645139a1_3e70_469c_90e8_26133a79bc352020313_1_1q8uxur
cec114d3_01_01_20,645139A1-3E70-469C-90E8-26133A79Bc352020313-1-1Q8Uxur.Qrnxf,fdid,table_645139a1_3e70_469c_90e8_26133a79bc352020313_1_1q8uxur
cec114d3_01_01_21,645139A1-3E70-469C-90E8-26133A79Bc352020313-1-1Q8Uxur.Qrnxf,level_,table_645139a1_3e70_469c_90e8_26133a79bc352020313_1_1q8uxur
cec114d3_01_01_22,645139A1-3E70-469C-90E8-26133A79Bc352020313-1-1Q8Uxur.Qrnxf,specialty,table_645139a1_3e70_469c_90e8_26133a79bc352020313_1_1q8uxur
cec114d3_01_01_23,645139A1-3E70-469C-90E8-26133A79Bc352020313-1-1Q8Uxur.Qrnxf,emslicense,table_645139a1_3e70_469c_90e8_26133a79bc352020313_1_1q8uxur
cec114d3_01_01_24,645139A1-3E70-469C-90E8-26133A79Bc352020313-1-1Q8Uxur.Qrnxf,frst,table_645139a1_3e70_469c_90e8_26133a79bc352020313_1_1q8uxur
cec114d3_01_01_25,645139A1-3E70-469C-90E8-26133A79Bc352020313-1-1Q8Uxur.Qrnxf,perm_id,table_645139a1_3e70_469c_90e8_26133a79bc352020313_1_1q8uxur
cec114d3_01_01_26,645139A1-3E70-469C-90E8-26133A79Bc352020313-1-1Q8Uxur.Qrnxf,gnis_id,table_645139a1_3e70_469c_90e8_26133a79bc352020313_1_1q8uxur
cec114d3_01_01_27,645139A1-3E70-469C-90E8-26133A79Bc352020313-1-1Q8Uxur.Qrnxf,emergtel,table_645139a1_3e70_469c_90e8_26133a79bc352020313_1_1q8uxur
cec114d3_01_01_28,645139A1-3E70-469C-90E8-26133A79Bc352020313-1-1Q8Uxur.Qrnxf,telephone,table_645139a1_3e70_469c_90e8_26133a79bc352020313_1_1q8uxur
cec114d3_01_01_29,645139A1-3E70-469C-90E8-26133A79Bc352020313-1-1Q8Uxur.Qrnxf,emerphone,table_645139a1_3e70_469c_90e8_26133a79bc352020313_1_1q8uxur
cec114d3_01_01_30,645139A1-3E70-469C-90E8-26133A79Bc352020313-1-1Q8Uxur.Qrnxf,directions,table_645139a1_3e70_469c_90e8_26133a79bc352020313_1_1q8uxur
cec114d3_01_01_31,645139A1-3E70-469C-90E8-26133A79Bc352020313-1-1Q8Uxur.Qrnxf,emergtitle,table_645139a1_3e70_469c_90e8_26133a79bc352020313_1_1q8uxur
cec114d3_01_01_32,645139A1-3E70-469C-90E8-26133A79Bc352020313-1-1Q8Uxur.Qrnxf,name,table_645139a1_3e70_469c_90e8_26133a79bc352020313_1_1q8uxur
cec114d3_01_01_33,645139A1-3E70-469C-90E8-26133A79Bc352020313-1-1Q8Uxur.Qrnxf,owner,table_645139a1_3e70_469c_90e8_26133a79bc352020313_1_1q8uxur
29a5673e_01_01_01,Public Health Departments,objectid,table_66097a9ef4dd41bdbf720590c5617482_publichealthdepartments
29a5673e_01_01_02,Public Health Departments,id,table_66097a9ef4dd41bdbf720590c5617482_publichealthdepartments
29a5673e_01_01_03,Public Health Departments,name,table_66097a9ef4dd41bdbf720590c5617482_publichealthdepartments
29a5673e_01_01_04,Public Health Departments,telephone,table_66097a9ef4dd41bdbf720590c5617482_publichealthdepartments
29a5673e_01_01_05,Public Health Departments,address,table_66097a9ef4dd41bdbf720590c5617482_publichealthdepartments
29a5673e_01_01_06,Public Health Departments,address2,table_66097a9ef4dd41bdbf720590c5617482_publichealthdepartments
29a5673e_01_01_07,Public Health Departments,city,table_66097a9ef4dd41bdbf720590c5617482_publichealthdepartments
29a5673e_01_01_08,Public Health Departments,state,table_66097a9ef4dd41bdbf720590c5617482_publichealthdepartments
29a5673e_01_01_09,Public Health Departments,zip,table_66097a9ef4dd41bdbf720590c5617482_publichealthdepartments
29a5673e_01_01_10,Public Health Departments,zipp4,table_66097a9ef4dd41bdbf720590c5617482_publichealthdepartments
29a5673e_01_01_11,Public Health Departments,county,table_66097a9ef4dd41bdbf720590c5617482_publichealthdepartments
29a5673e_01_01_12,Public Health Departments,fips,table_66097a9ef4dd41bdbf720590c5617482_publichealthdepartments
29a5673e_01_01_13,Public Health Departments,directions,table_66097a9ef4dd41bdbf720590c5617482_publichealthdepartments
29a5673e_01_01_14,Public Health Departments,emergtitle,table_66097a9ef4dd41bdbf720590c5617482_publichealthdepartments
29a5673e_01_01_15,Public Health Departments,emergtel,table_66097a9ef4dd41bdbf720590c5617482_publichealthdepartments
29a5673e_01_01_16,Public Health Departments,emergext,table_66097a9ef4dd41bdbf720590c5617482_publichealthdepartments
29a5673e_01_01_17,Public Health Departments,contdate,table_66097a9ef4dd41bdbf720590c5617482_publichealthdepartments
29a5673e_01_01_18,Public Health Departments,conthow,table_66097a9ef4dd41bdbf720590c5617482_publichealthdepartments
29a5673e_01_01_19,Public Health Departments,geodate,table_66097a9ef4dd41bdbf720590c5617482_publichealthdepartments
29a5673e_01_01_20,Public Health Departments,geohow,table_66097a9ef4dd41bdbf720590c5617482_publichealthdepartments
29a5673e_01_01_21,Public Health Departments,hsipthemes,table_66097a9ef4dd41bdbf720590c5617482_publichealthdepartments
29a5673e_01_01_22,Public Health Departments,naicscode,table_66097a9ef4dd41bdbf720590c5617482_publichealthdepartments
29a5673e_01_01_23,Public Health Departments,naicsdescr,table_66097a9ef4dd41bdbf720590c5617482_publichealthdepartments
29a5673e_01_01_24,Public Health Departments,geolinkid,table_66097a9ef4dd41bdbf720590c5617482_publichealthdepartments
29a5673e_01_01_25,Public Health Departments,x,table_66097a9ef4dd41bdbf720590c5617482_publichealthdepartments
29a5673e_01_01_26,Public Health Departments,y,table_66097a9ef4dd41bdbf720590c5617482_publichealthdepartments
29a5673e_01_01_27,Public Health Departments,st_vendor,table_66097a9ef4dd41bdbf720590c5617482_publichealthdepartments
29a5673e_01_01_28,Public Health Departments,st_version,table_66097a9ef4dd41bdbf720590c5617482_publichealthdepartments
29a5673e_01_01_29,Public Health Departments,geoprec,table_66097a9ef4dd41bdbf720590c5617482_publichealthdepartments
29a5673e_01_01_30,Public Health Departments,phoneloc,table_66097a9ef4dd41bdbf720590c5617482_publichealthdepartments
29a5673e_01_01_31,Public Health Departments,qc_qa,table_66097a9ef4dd41bdbf720590c5617482_publichealthdepartments
29a5673e_01_01_32,Public Health Departments,website,table_66097a9ef4dd41bdbf720590c5617482_publichealthdepartments
29a5673e_01_01_33,Public Health Departments,fcode,table_66097a9ef4dd41bdbf720590c5617482_publichealthdepartments
29a5673e_01_01_34,Public Health Departments,gnis_id,table_66097a9ef4dd41bdbf720590c5617482_publichealthdepartments
29a5673e_01_01_35,Public Health Departments,source,table_66097a9ef4dd41bdbf720590c5617482_publichealthdepartments
29a5673e_01_01_36,Public Health Departments,govt_level,table_66097a9ef4dd41bdbf720590c5617482_publichealthdepartments
29a5673e_01_01_37,Public Health Departments,tot_staff,table_66097a9ef4dd41bdbf720590c5617482_publichealthdepartments
29a5673e_01_01_38,Public Health Departments,spec_equip,table_66097a9ef4dd41bdbf720590c5617482_publichealthdepartments
29a5673e_01_01_39,Public Health Departments,sdr,table_66097a9ef4dd41bdbf720590c5617482_publichealthdepartments
1039cbc9_01_01_01,Refract Abrasive Other Ind Min Ops,objectid,table_6a5a19b9655c4607bbd313a1c5713d9f_refractabrasiveotherindm
1039cbc9_01_01_02,Refract Abrasive Other Ind Min Ops,minop8x020,table_6a5a19b9655c4607bbd313a1c5713d9f_refractabrasiveotherindm
1039cbc9_01_01_03,Refract Abrasive Other Ind Min Ops,commodity,table_6a5a19b9655c4607bbd313a1c5713d9f_refractabrasiveotherindm
1039cbc9_01_01_04,Refract Abrasive Other Ind Min Ops,site_name,table_6a5a19b9655c4607bbd313a1c5713d9f_refractabrasiveotherindm
1039cbc9_01_01_05,Refract Abrasive Other Ind Min Ops,company_na,table_6a5a19b9655c4607bbd313a1c5713d9f_refractabrasiveotherindm
1039cbc9_01_01_06,Refract Abrasive Other Ind Min Ops,state_loca,table_6a5a19b9655c4607bbd313a1c5713d9f_refractabrasiveotherindm
1039cbc9_01_01_07,Refract Abrasive Other Ind Min Ops,county,table_6a5a19b9655c4607bbd313a1c5713d9f_refractabrasiveotherindm
1039cbc9_01_01_08,Refract Abrasive Other Ind Min Ops,latitude,table_6a5a19b9655c4607bbd313a1c5713d9f_refractabrasiveotherindm
1039cbc9_01_01_09,Refract Abrasive Other Ind Min Ops,longitude,table_6a5a19b9655c4607bbd313a1c5713d9f_refractabrasiveotherindm
1039cbc9_01_01_10,Refract Abrasive Other Ind Min Ops,plant_min,table_6a5a19b9655c4607bbd313a1c5713d9f_refractabrasiveotherindm
bfd307c1_01_01_01,Child Care Centers,objectid,table_6c6b67cca81c473a8e21eca5e1bfe81a_childcarecenters
bfd307c1_01_01_02,Child Care Centers,id,table_6c6b67cca81c473a8e21eca5e1bfe81a_childcarecenters
bfd307c1_01_01_03,Child Care Centers,name,table_6c6b67cca81c473a8e21eca5e1bfe81a_childcarecenters
bfd307c1_01_01_04,Child Care Centers,address,table_6c6b67cca81c473a8e21eca5e1bfe81a_childcarecenters
bfd307c1_01_01_05,Child Care Centers,city,table_6c6b67cca81c473a8e21eca5e1bfe81a_childcarecenters
bfd307c1_01_01_06,Child Care Centers,state,table_6c6b67cca81c473a8e21eca5e1bfe81a_childcarecenters
bfd307c1_01_01_07,Child Care Centers,zip,table_6c6b67cca81c473a8e21eca5e1bfe81a_childcarecenters
bfd307c1_01_01_08,Child Care Centers,zip4,table_6c6b67cca81c473a8e21eca5e1bfe81a_childcarecenters
bfd307c1_01_01_09,Child Care Centers,telephone,table_6c6b67cca81c473a8e21eca5e1bfe81a_childcarecenters
bfd307c1_01_01_10,Child Care Centers,type,table_6c6b67cca81c473a8e21eca5e1bfe81a_childcarecenters
bfd307c1_01_01_11,Child Care Centers,status,table_6c6b67cca81c473a8e21eca5e1bfe81a_childcarecenters
bfd307c1_01_01_12,Child Care Centers,population,table_6c6b67cca81c473a8e21eca5e1bfe81a_childcarecenters
bfd307c1_01_01_13,Child Care Centers,county,table_6c6b67cca81c473a8e21eca5e1bfe81a_childcarecenters
bfd307c1_01_01_14,Child Care Centers,countyfips,table_6c6b67cca81c473a8e21eca5e1bfe81a_childcarecenters
bfd307c1_01_01_15,Child Care Centers,country,table_6c6b67cca81c473a8e21eca5e1bfe81a_childcarecenters
bfd307c1_01_01_16,Child Care Centers,latitude,table_6c6b67cca81c473a8e21eca5e1bfe81a_childcarecenters
bfd307c1_01_01_17,Child Care Centers,longitude,table_6c6b67cca81c473a8e21eca5e1bfe81a_childcarecenters
bfd307c1_01_01_18,Child Care Centers,naics_code,table_6c6b67cca81c473a8e21eca5e1bfe81a_childcarecenters
bfd307c1_01_01_19,Child Care Centers,naics_desc,table_6c6b67cca81c473a8e21eca5e1bfe81a_childcarecenters
bfd307c1_01_01_20,Child Care Centers,source,table_6c6b67cca81c473a8e21eca5e1bfe81a_childcarecenters
bfd307c1_01_01_21,Child Care Centers,sourcedate,table_6c6b67cca81c473a8e21eca5e1bfe81a_childcarecenters
bfd307c1_01_01_22,Child Care Centers,val_method,table_6c6b67cca81c473a8e21eca5e1bfe81a_childcarecenters
bfd307c1_01_01_23,Child Care Centers,val_date,table_6c6b67cca81c473a8e21eca5e1bfe81a_childcarecenters
bfd307c1_01_01_24,Child Care Centers,website,table_6c6b67cca81c473a8e21eca5e1bfe81a_childcarecenters
bfd307c1_01_01_25,Child Care Centers,st_subtype,table_6c6b67cca81c473a8e21eca5e1bfe81a_childcarecenters
2cb51201_01_01_01,Solid Waste Landfill Facilities,objectid,table_70478a68f59a462489f9c41a5cab4403_solidwastelandfillfacili
2cb51201_01_01_02,Solid Waste Landfill Facilities,swid,table_70478a68f59a462489f9c41a5cab4403_solidwastelandfillfacili
2cb51201_01_01_03,Solid Waste Landfill Facilities,name,table_70478a68f59a462489f9c41a5cab4403_solidwastelandfillfacili
2cb51201_01_01_04,Solid Waste Landfill Facilities,address,table_70478a68f59a462489f9c41a5cab4403_solidwastelandfillfacili
2cb51201_01_01_05,Solid Waste Landfill Facilities,city,table_70478a68f59a462489f9c41a5cab4403_solidwastelandfillfacili
2cb51201_01_01_06,Solid Waste Landfill Facilities,state,table_70478a68f59a462489f9c41a5cab4403_solidwastelandfillfacili
2cb51201_01_01_07,Solid Waste Landfill Facilities,zip,table_70478a68f59a462489f9c41a5cab4403_solidwastelandfillfacili
2cb51201_01_01_08,Solid Waste Landfill Facilities,zip4,table_70478a68f59a462489f9c41a5cab4403_solidwastelandfillfacili
2cb51201_01_01_09,Solid Waste Landfill Facilities,telephone,table_70478a68f59a462489f9c41a5cab4403_solidwastelandfillfacili
2cb51201_01_01_10,Solid Waste Landfill Facilities,type,table_70478a68f59a462489f9c41a5cab4403_solidwastelandfillfacili
2cb51201_01_01_11,Solid Waste Landfill Facilities,status,table_70478a68f59a462489f9c41a5cab4403_solidwastelandfillfacili
2cb51201_01_01_12,Solid Waste Landfill Facilities,county,table_70478a68f59a462489f9c41a5cab4403_solidwastelandfillfacili
2cb51201_01_01_13,Solid Waste Landfill Facilities,countyfips,table_70478a68f59a462489f9c41a5cab4403_solidwastelandfillfacili
2cb51201_01_01_14,Solid Waste Landfill Facilities,country,table_70478a68f59a462489f9c41a5cab4403_solidwastelandfillfacili
2cb51201_01_01_15,Solid Waste Landfill Facilities,latitude,table_70478a68f59a462489f9c41a5cab4403_solidwastelandfillfacili
2cb51201_01_01_16,Solid Waste Landfill Facilities,longitude,table_70478a68f59a462489f9c41a5cab4403_solidwastelandfillfacili
2cb51201_01_01_17,Solid Waste Landfill Facilities,naics_code,table_70478a68f59a462489f9c41a5cab4403_solidwastelandfillfacili
2cb51201_01_01_18,Solid Waste Landfill Facilities,naics_desc,table_70478a68f59a462489f9c41a5cab4403_solidwastelandfillfacili
2cb51201_01_01_19,Solid Waste Landfill Facilities,source,table_70478a68f59a462489f9c41a5cab4403_solidwastelandfillfacili
2cb51201_01_01_20,Solid Waste Landfill Facilities,sourcedate,table_70478a68f59a462489f9c41a5cab4403_solidwastelandfillfacili
2cb51201_01_01_21,Solid Waste Landfill Facilities,val_method,table_70478a68f59a462489f9c41a5cab4403_solidwastelandfillfacili
2cb51201_01_01_22,Solid Waste Landfill Facilities,val_date,table_70478a68f59a462489f9c41a5cab4403_solidwastelandfillfacili
2cb51201_01_01_23,Solid Waste Landfill Facilities,website,table_70478a68f59a462489f9c41a5cab4403_solidwastelandfillfacili
2cb51201_01_01_24,Solid Waste Landfill Facilities,reg_id,table_70478a68f59a462489f9c41a5cab4403_solidwastelandfillfacili
2cb51201_01_01_25,Solid Waste Landfill Facilities,statusdate,table_70478a68f59a462489f9c41a5cab4403_solidwastelandfillfacili
2cb51201_01_01_26,Solid Waste Landfill Facilities,owner,table_70478a68f59a462489f9c41a5cab4403_solidwastelandfillfacili
2cb51201_01_01_27,Solid Waste Landfill Facilities,close_date,table_70478a68f59a462489f9c41a5cab4403_solidwastelandfillfacili
2cb51201_01_01_28,Solid Waste Landfill Facilities,permit_no,table_70478a68f59a462489f9c41a5cab4403_solidwastelandfillfacili
1b442fb7_01_01_01,Independent System Operators,objectid,table_726ec8e44f1c49779b09ce472c2ca685_independent_system_opera
1b442fb7_01_01_02,Independent System Operators,id,table_726ec8e44f1c49779b09ce472c2ca685_independent_system_opera
1b442fb7_01_01_03,Independent System Operators,name,table_726ec8e44f1c49779b09ce472c2ca685_independent_system_opera
1b442fb7_01_01_04,Independent System Operators,address,table_726ec8e44f1c49779b09ce472c2ca685_independent_system_opera
1b442fb7_01_01_05,Independent System Operators,city,table_726ec8e44f1c49779b09ce472c2ca685_independent_system_opera
1b442fb7_01_01_06,Independent System Operators,state,table_726ec8e44f1c49779b09ce472c2ca685_independent_system_opera
1b442fb7_01_01_07,Independent System Operators,zip,table_726ec8e44f1c49779b09ce472c2ca685_independent_system_opera
1b442fb7_01_01_08,Independent System Operators,telephone,table_726ec8e44f1c49779b09ce472c2ca685_independent_system_opera
1b442fb7_01_01_09,Independent System Operators,country,table_726ec8e44f1c49779b09ce472c2ca685_independent_system_opera
1b442fb7_01_01_10,Independent System Operators,naics_code,table_726ec8e44f1c49779b09ce472c2ca685_independent_system_opera
1b442fb7_01_01_11,Independent System Operators,naics_desc,table_726ec8e44f1c49779b09ce472c2ca685_independent_system_opera
1b442fb7_01_01_12,Independent System Operators,source,table_726ec8e44f1c49779b09ce472c2ca685_independent_system_opera
1b442fb7_01_01_13,Independent System Operators,sourcedate,table_726ec8e44f1c49779b09ce472c2ca685_independent_system_opera
1b442fb7_01_01_14,Independent System Operators,val_method,table_726ec8e44f1c49779b09ce472c2ca685_independent_system_opera
1b442fb7_01_01_15,Independent System Operators,val_date,table_726ec8e44f1c49779b09ce472c2ca685_independent_system_opera
1b442fb7_01_01_16,Independent System Operators,website,table_726ec8e44f1c49779b09ce472c2ca685_independent_system_opera
1b442fb7_01_01_17,Independent System Operators,peak_load,table_726ec8e44f1c49779b09ce472c2ca685_independent_system_opera
1b442fb7_01_01_18,Independent System Operators,avg_load,table_726ec8e44f1c49779b09ce472c2ca685_independent_system_opera
1b442fb7_01_01_19,Independent System Operators,year,table_726ec8e44f1c49779b09ce472c2ca685_independent_system_opera
1b442fb7_01_01_20,Independent System Operators,shape_length,table_726ec8e44f1c49779b09ce472c2ca685_independent_system_opera
1b442fb7_01_01_21,Independent System Operators,shape_area,table_726ec8e44f1c49779b09ce472c2ca685_independent_system_opera
69927cfe_01_01_01,Sand And Gravel Operations,fid,table_72739707b8284b45955d82265a61d007_sand_and_gravel_operatio
69927cfe_01_01_02,Sand And Gravel Operations,objectid,table_72739707b8284b45955d82265a61d007_sand_and_gravel_operatio
69927cfe_01_01_03,Sand And Gravel Operations,sndgrvx020,table_72739707b8284b45955d82265a61d007_sand_and_gravel_operatio
69927cfe_01_01_04,Sand And Gravel Operations,comp_name,table_72739707b8284b45955d82265a61d007_sand_and_gravel_operatio
69927cfe_01_01_05,Sand And Gravel Operations,oper_name,table_72739707b8284b45955d82265a61d007_sand_and_gravel_operatio
69927cfe_01_01_06,Sand And Gravel Operations,county,table_72739707b8284b45955d82265a61d007_sand_and_gravel_operatio
69927cfe_01_01_07,Sand And Gravel Operations,state,table_72739707b8284b45955d82265a61d007_sand_and_gravel_operatio
69927cfe_01_01_08,Sand And Gravel Operations,fips,table_72739707b8284b45955d82265a61d007_sand_and_gravel_operatio
69927cfe_01_01_09,Sand And Gravel Operations,state_fips,table_72739707b8284b45955d82265a61d007_sand_and_gravel_operatio
69927cfe_01_01_10,Sand And Gravel Operations,latitude,table_72739707b8284b45955d82265a61d007_sand_and_gravel_operatio
69927cfe_01_01_11,Sand And Gravel Operations,longitude,table_72739707b8284b45955d82265a61d007_sand_and_gravel_operatio
69927cfe_01_01_12,Sand And Gravel Operations,oper_type,table_72739707b8284b45955d82265a61d007_sand_and_gravel_operatio
69927cfe_01_01_13,Sand And Gravel Operations,commodity,table_72739707b8284b45955d82265a61d007_sand_and_gravel_operatio
53feabf9_01_01_01,Oil Ng Fields,objectid,table_76ab88e0817d477eae523a020d264df4_oil_ng_fields
53feabf9_01_01_02,Oil Ng Fields,prodid,table_76ab88e0817d477eae523a020d264df4_oil_ng_fields
53feabf9_01_01_03,Oil Ng Fields,name,table_76ab88e0817d477eae523a020d264df4_oil_ng_fields
53feabf9_01_01_04,Oil Ng Fields,type,table_76ab88e0817d477eae523a020d264df4_oil_ng_fields
53feabf9_01_01_05,Oil Ng Fields,country,table_76ab88e0817d477eae523a020d264df4_oil_ng_fields
53feabf9_01_01_06,Oil Ng Fields,naics_code,table_76ab88e0817d477eae523a020d264df4_oil_ng_fields
53feabf9_01_01_07,Oil Ng Fields,naics_desc,table_76ab88e0817d477eae523a020d264df4_oil_ng_fields
53feabf9_01_01_08,Oil Ng Fields,source,table_76ab88e0817d477eae523a020d264df4_oil_ng_fields
53feabf9_01_01_09,Oil Ng Fields,sourcedate,table_76ab88e0817d477eae523a020d264df4_oil_ng_fields
53feabf9_01_01_10,Oil Ng Fields,val_method,table_76ab88e0817d477eae523a020d264df4_oil_ng_fields
53feabf9_01_01_11,Oil Ng Fields,val_date,table_76ab88e0817d477eae523a020d264df4_oil_ng_fields
53feabf9_01_01_12,Oil Ng Fields,play,table_76ab88e0817d477eae523a020d264df4_oil_ng_fields
53feabf9_01_01_13,Oil Ng Fields,commodity,table_76ab88e0817d477eae523a020d264df4_oil_ng_fields
53feabf9_01_01_14,Oil Ng Fields,pr_oil,table_76ab88e0817d477eae523a020d264df4_oil_ng_fields
53feabf9_01_01_15,Oil Ng Fields,pr_oil_uom,table_76ab88e0817d477eae523a020d264df4_oil_ng_fields
53feabf9_01_01_16,Oil Ng Fields,pr_oil_yr,table_76ab88e0817d477eae523a020d264df4_oil_ng_fields
53feabf9_01_01_17,Oil Ng Fields,pr_gas,table_76ab88e0817d477eae523a020d264df4_oil_ng_fields
53feabf9_01_01_18,Oil Ng Fields,pr_gas_uom,table_76ab88e0817d477eae523a020d264df4_oil_ng_fields
53feabf9_01_01_19,Oil Ng Fields,pr_gas_yr,table_76ab88e0817d477eae523a020d264df4_oil_ng_fields
53feabf9_01_01_20,Oil Ng Fields,region,table_76ab88e0817d477eae523a020d264df4_oil_ng_fields
53feabf9_01_01_21,Oil Ng Fields,posrel,table_76ab88e0817d477eae523a020d264df4_oil_ng_fields
53feabf9_01_01_22,Oil Ng Fields,shape_length,table_76ab88e0817d477eae523a020d264df4_oil_ng_fields
53feabf9_01_01_23,Oil Ng Fields,shape_area,table_76ab88e0817d477eae523a020d264df4_oil_ng_fields
c4581794_01_01_01,Ferrous Metal Process Plants,objectid,table_77fcbcc5bf50418eb8606fd8917d131e_ferrousmetalprocessplant
c4581794_01_01_02,Ferrous Metal Process Plants,mineral_operations_id,table_77fcbcc5bf50418eb8606fd8917d131e_ferrousmetalprocessplant
c4581794_01_01_03,Ferrous Metal Process Plants,site_name,table_77fcbcc5bf50418eb8606fd8917d131e_ferrousmetalprocessplant
c4581794_01_01_04,Ferrous Metal Process Plants,company_name,table_77fcbcc5bf50418eb8606fd8917d131e_ferrousmetalprocessplant
c4581794_01_01_05,Ferrous Metal Process Plants,state,table_77fcbcc5bf50418eb8606fd8917d131e_ferrousmetalprocessplant
c4581794_01_01_06,Ferrous Metal Process Plants,county,table_77fcbcc5bf50418eb8606fd8917d131e_ferrousmetalprocessplant
c4581794_01_01_07,Ferrous Metal Process Plants,latitude,table_77fcbcc5bf50418eb8606fd8917d131e_ferrousmetalprocessplant
c4581794_01_01_08,Ferrous Metal Process Plants,longitude,table_77fcbcc5bf50418eb8606fd8917d131e_ferrousmetalprocessplant
c4581794_01_01_09,Ferrous Metal Process Plants,plant_mine,table_77fcbcc5bf50418eb8606fd8917d131e_ferrousmetalprocessplant
c4581794_01_01_10,Ferrous Metal Process Plants,commodity,table_77fcbcc5bf50418eb8606fd8917d131e_ferrousmetalprocessplant
b5a1d39a_01_01_01,Agricultural Minerals Operations,fid,table_7e6830b439374e418a91482de89e3baf_agricultural_minerals_op
b5a1d39a_01_01_02,Agricultural Minerals Operations,objectid,table_7e6830b439374e418a91482de89e3baf_agricultural_minerals_op
b5a1d39a_01_01_03,Agricultural Minerals Operations,minop1x020,table_7e6830b439374e418a91482de89e3baf_agricultural_minerals_op
b5a1d39a_01_01_04,Agricultural Minerals Operations,commodity,table_7e6830b439374e418a91482de89e3baf_agricultural_minerals_op
b5a1d39a_01_01_05,Agricultural Minerals Operations,site_name,table_7e6830b439374e418a91482de89e3baf_agricultural_minerals_op
b5a1d39a_01_01_06,Agricultural Minerals Operations,company_na,table_7e6830b439374e418a91482de89e3baf_agricultural_minerals_op
b5a1d39a_01_01_07,Agricultural Minerals Operations,state_loca,table_7e6830b439374e418a91482de89e3baf_agricultural_minerals_op
b5a1d39a_01_01_08,Agricultural Minerals Operations,county,table_7e6830b439374e418a91482de89e3baf_agricultural_minerals_op
b5a1d39a_01_01_09,Agricultural Minerals Operations,latitude,table_7e6830b439374e418a91482de89e3baf_agricultural_minerals_op
b5a1d39a_01_01_10,Agricultural Minerals Operations,longitude,table_7e6830b439374e418a91482de89e3baf_agricultural_minerals_op
b5a1d39a_01_01_11,Agricultural Minerals Operations,plant_min,table_7e6830b439374e418a91482de89e3baf_agricultural_minerals_op
443ff20b_01_01_01,Hospitals,objectid,table_7fd78ade6d9847dab7aff72866124f79_hospitals
443ff20b_01_01_02,Hospitals,id,table_7fd78ade6d9847dab7aff72866124f79_hospitals
443ff20b_01_01_03,Hospitals,name,table_7fd78ade6d9847dab7aff72866124f79_hospitals
443ff20b_01_01_04,Hospitals,address,table_7fd78ade6d9847dab7aff72866124f79_hospitals
443ff20b_01_01_05,Hospitals,city,table_7fd78ade6d9847dab7aff72866124f79_hospitals
443ff20b_01_01_06,Hospitals,state,table_7fd78ade6d9847dab7aff72866124f79_hospitals
443ff20b_01_01_07,Hospitals,zip,table_7fd78ade6d9847dab7aff72866124f79_hospitals
443ff20b_01_01_08,Hospitals,zip4,table_7fd78ade6d9847dab7aff72866124f79_hospitals
443ff20b_01_01_09,Hospitals,telephone,table_7fd78ade6d9847dab7aff72866124f79_hospitals
443ff20b_01_01_10,Hospitals,type,table_7fd78ade6d9847dab7aff72866124f79_hospitals
443ff20b_01_01_11,Hospitals,status,table_7fd78ade6d9847dab7aff72866124f79_hospitals
443ff20b_01_01_12,Hospitals,population,table_7fd78ade6d9847dab7aff72866124f79_hospitals
443ff20b_01_01_13,Hospitals,county,table_7fd78ade6d9847dab7aff72866124f79_hospitals
443ff20b_01_01_14,Hospitals,countyfips,table_7fd78ade6d9847dab7aff72866124f79_hospitals
443ff20b_01_01_15,Hospitals,country,table_7fd78ade6d9847dab7aff72866124f79_hospitals
443ff20b_01_01_16,Hospitals,latitude,table_7fd78ade6d9847dab7aff72866124f79_hospitals
443ff20b_01_01_17,Hospitals,longitude,table_7fd78ade6d9847dab7aff72866124f79_hospitals
443ff20b_01_01_18,Hospitals,naics_code,table_7fd78ade6d9847dab7aff72866124f79_hospitals
443ff20b_01_01_19,Hospitals,naics_desc,table_7fd78ade6d9847dab7aff72866124f79_hospitals
443ff20b_01_01_20,Hospitals,source,table_7fd78ade6d9847dab7aff72866124f79_hospitals
443ff20b_01_01_21,Hospitals,sourcedate,table_7fd78ade6d9847dab7aff72866124f79_hospitals
443ff20b_01_01_22,Hospitals,val_method,table_7fd78ade6d9847dab7aff72866124f79_hospitals
443ff20b_01_01_23,Hospitals,val_date,table_7fd78ade6d9847dab7aff72866124f79_hospitals
443ff20b_01_01_24,Hospitals,website,table_7fd78ade6d9847dab7aff72866124f79_hospitals
443ff20b_01_01_25,Hospitals,state_id,table_7fd78ade6d9847dab7aff72866124f79_hospitals
443ff20b_01_01_26,Hospitals,alt_name,table_7fd78ade6d9847dab7aff72866124f79_hospitals
443ff20b_01_01_27,Hospitals,st_fips,table_7fd78ade6d9847dab7aff72866124f79_hospitals
443ff20b_01_01_28,Hospitals,owner,table_7fd78ade6d9847dab7aff72866124f79_hospitals
443ff20b_01_01_29,Hospitals,ttl_staff,table_7fd78ade6d9847dab7aff72866124f79_hospitals
443ff20b_01_01_30,Hospitals,beds,table_7fd78ade6d9847dab7aff72866124f79_hospitals
443ff20b_01_01_31,Hospitals,trauma,table_7fd78ade6d9847dab7aff72866124f79_hospitals
443ff20b_01_01_32,Hospitals,helipad,table_7fd78ade6d9847dab7aff72866124f79_hospitals
b9f39dc9_01_01_01,Major Sport Venues,objectid,table_8201f6a9651b4e7cb320fb6385694ea7_majorsportvenues
b9f39dc9_01_01_02,Major Sport Venues,venueid,table_8201f6a9651b4e7cb320fb6385694ea7_majorsportvenues
b9f39dc9_01_01_03,Major Sport Venues,name,table_8201f6a9651b4e7cb320fb6385694ea7_majorsportvenues
b9f39dc9_01_01_04,Major Sport Venues,address,table_8201f6a9651b4e7cb320fb6385694ea7_majorsportvenues
b9f39dc9_01_01_05,Major Sport Venues,city,table_8201f6a9651b4e7cb320fb6385694ea7_majorsportvenues
b9f39dc9_01_01_06,Major Sport Venues,state,table_8201f6a9651b4e7cb320fb6385694ea7_majorsportvenues
b9f39dc9_01_01_07,Major Sport Venues,zip,table_8201f6a9651b4e7cb320fb6385694ea7_majorsportvenues
b9f39dc9_01_01_08,Major Sport Venues,zip4,table_8201f6a9651b4e7cb320fb6385694ea7_majorsportvenues
b9f39dc9_01_01_09,Major Sport Venues,telephone,table_8201f6a9651b4e7cb320fb6385694ea7_majorsportvenues
b9f39dc9_01_01_10,Major Sport Venues,type,table_8201f6a9651b4e7cb320fb6385694ea7_majorsportvenues
b9f39dc9_01_01_11,Major Sport Venues,status,table_8201f6a9651b4e7cb320fb6385694ea7_majorsportvenues
b9f39dc9_01_01_12,Major Sport Venues,population,table_8201f6a9651b4e7cb320fb6385694ea7_majorsportvenues
b9f39dc9_01_01_13,Major Sport Venues,county,table_8201f6a9651b4e7cb320fb6385694ea7_majorsportvenues
b9f39dc9_01_01_14,Major Sport Venues,countyfips,table_8201f6a9651b4e7cb320fb6385694ea7_majorsportvenues
b9f39dc9_01_01_15,Major Sport Venues,country,table_8201f6a9651b4e7cb320fb6385694ea7_majorsportvenues
b9f39dc9_01_01_16,Major Sport Venues,latitude,table_8201f6a9651b4e7cb320fb6385694ea7_majorsportvenues
b9f39dc9_01_01_17,Major Sport Venues,longitude,table_8201f6a9651b4e7cb320fb6385694ea7_majorsportvenues
b9f39dc9_01_01_18,Major Sport Venues,naics_code,table_8201f6a9651b4e7cb320fb6385694ea7_majorsportvenues
b9f39dc9_01_01_19,Major Sport Venues,naics_desc,table_8201f6a9651b4e7cb320fb6385694ea7_majorsportvenues
b9f39dc9_01_01_20,Major Sport Venues,source,table_8201f6a9651b4e7cb320fb6385694ea7_majorsportvenues
b9f39dc9_01_01_21,Major Sport Venues,sourcedate,table_8201f6a9651b4e7cb320fb6385694ea7_majorsportvenues
b9f39dc9_01_01_22,Major Sport Venues,val_method,table_8201f6a9651b4e7cb320fb6385694ea7_majorsportvenues
b9f39dc9_01_01_23,Major Sport Venues,val_date,table_8201f6a9651b4e7cb320fb6385694ea7_majorsportvenues
b9f39dc9_01_01_24,Major Sport Venues,name2,table_8201f6a9651b4e7cb320fb6385694ea7_majorsportvenues
b9f39dc9_01_01_25,Major Sport Venues,name3,table_8201f6a9651b4e7cb320fb6385694ea7_majorsportvenues
b9f39dc9_01_01_26,Major Sport Venues,formernm,table_8201f6a9651b4e7cb320fb6385694ea7_majorsportvenues
b9f39dc9_01_01_27,Major Sport Venues,yearchng,table_8201f6a9651b4e7cb320fb6385694ea7_majorsportvenues
6796b9aa_01_01_01,Oil And Natural Gas Wells,objectid,table_8b67f37fcd994ed9876d20d9a98b161f_oil_and_natural_gas_well
6796b9aa_01_01_02,Oil And Natural Gas Wells,id,table_8b67f37fcd994ed9876d20d9a98b161f_oil_and_natural_gas_well
6796b9aa_01_01_03,Oil And Natural Gas Wells,name,table_8b67f37fcd994ed9876d20d9a98b161f_oil_and_natural_gas_well
6796b9aa_01_01_04,Oil And Natural Gas Wells,state,table_8b67f37fcd994ed9876d20d9a98b161f_oil_and_natural_gas_well
6796b9aa_01_01_05,Oil And Natural Gas Wells,type,table_8b67f37fcd994ed9876d20d9a98b161f_oil_and_natural_gas_well
6796b9aa_01_01_06,Oil And Natural Gas Wells,status,table_8b67f37fcd994ed9876d20d9a98b161f_oil_and_natural_gas_well
6796b9aa_01_01_07,Oil And Natural Gas Wells,county,table_8b67f37fcd994ed9876d20d9a98b161f_oil_and_natural_gas_well
6796b9aa_01_01_08,Oil And Natural Gas Wells,countyfips,table_8b67f37fcd994ed9876d20d9a98b161f_oil_and_natural_gas_well
6796b9aa_01_01_09,Oil And Natural Gas Wells,country,table_8b67f37fcd994ed9876d20d9a98b161f_oil_and_natural_gas_well
6796b9aa_01_01_10,Oil And Natural Gas Wells,latitude,table_8b67f37fcd994ed9876d20d9a98b161f_oil_and_natural_gas_well
6796b9aa_01_01_11,Oil And Natural Gas Wells,longitude,table_8b67f37fcd994ed9876d20d9a98b161f_oil_and_natural_gas_well
6796b9aa_01_01_12,Oil And Natural Gas Wells,naics_code,table_8b67f37fcd994ed9876d20d9a98b161f_oil_and_natural_gas_well
6796b9aa_01_01_13,Oil And Natural Gas Wells,naics_desc,table_8b67f37fcd994ed9876d20d9a98b161f_oil_and_natural_gas_well
6796b9aa_01_01_14,Oil And Natural Gas Wells,source,table_8b67f37fcd994ed9876d20d9a98b161f_oil_and_natural_gas_well
6796b9aa_01_01_15,Oil And Natural Gas Wells,sourcedate,table_8b67f37fcd994ed9876d20d9a98b161f_oil_and_natural_gas_well
6796b9aa_01_01_16,Oil And Natural Gas Wells,val_method,table_8b67f37fcd994ed9876d20d9a98b161f_oil_and_natural_gas_well
6796b9aa_01_01_17,Oil And Natural Gas Wells,val_date,table_8b67f37fcd994ed9876d20d9a98b161f_oil_and_natural_gas_well
6796b9aa_01_01_18,Oil And Natural Gas Wells,website,table_8b67f37fcd994ed9876d20d9a98b161f_oil_and_natural_gas_well
6796b9aa_01_01_19,Oil And Natural Gas Wells,wellidno,table_8b67f37fcd994ed9876d20d9a98b161f_oil_and_natural_gas_well
6796b9aa_01_01_20,Oil And Natural Gas Wells,api,table_8b67f37fcd994ed9876d20d9a98b161f_oil_and_natural_gas_well
6796b9aa_01_01_21,Oil And Natural Gas Wells,permitno,table_8b67f37fcd994ed9876d20d9a98b161f_oil_and_natural_gas_well
6796b9aa_01_01_22,Oil And Natural Gas Wells,operator,table_8b67f37fcd994ed9876d20d9a98b161f_oil_and_natural_gas_well
6796b9aa_01_01_23,Oil And Natural Gas Wells,operatorid,table_8b67f37fcd994ed9876d20d9a98b161f_oil_and_natural_gas_well
6796b9aa_01_01_24,Oil And Natural Gas Wells,prodtype,table_8b67f37fcd994ed9876d20d9a98b161f_oil_and_natural_gas_well
6796b9aa_01_01_25,Oil And Natural Gas Wells,coordtype,table_8b67f37fcd994ed9876d20d9a98b161f_oil_and_natural_gas_well
6796b9aa_01_01_26,Oil And Natural Gas Wells,surf_lat,table_8b67f37fcd994ed9876d20d9a98b161f_oil_and_natural_gas_well
6796b9aa_01_01_27,Oil And Natural Gas Wells,surf_long,table_8b67f37fcd994ed9876d20d9a98b161f_oil_and_natural_gas_well
6796b9aa_01_01_28,Oil And Natural Gas Wells,bot_lat,table_8b67f37fcd994ed9876d20d9a98b161f_oil_and_natural_gas_well
6796b9aa_01_01_29,Oil And Natural Gas Wells,bot_long,table_8b67f37fcd994ed9876d20d9a98b161f_oil_and_natural_gas_well
6796b9aa_01_01_30,Oil And Natural Gas Wells,posrel,table_8b67f37fcd994ed9876d20d9a98b161f_oil_and_natural_gas_well
6796b9aa_01_01_31,Oil And Natural Gas Wells,field,table_8b67f37fcd994ed9876d20d9a98b161f_oil_and_natural_gas_well
6796b9aa_01_01_32,Oil And Natural Gas Wells,compdate,table_8b67f37fcd994ed9876d20d9a98b161f_oil_and_natural_gas_well
6796b9aa_01_01_33,Oil And Natural Gas Wells,totdepth,table_8b67f37fcd994ed9876d20d9a98b161f_oil_and_natural_gas_well
b5ef0aa5_01_01_01,Ethanol Plants,objectid,table_8fb64a34098c48a39a412a4a3b8c8eee_ethanol_plants
b5ef0aa5_01_01_02,Ethanol Plants,ethpid,table_8fb64a34098c48a39a412a4a3b8c8eee_ethanol_plants
b5ef0aa5_01_01_03,Ethanol Plants,name,table_8fb64a34098c48a39a412a4a3b8c8eee_ethanol_plants
b5ef0aa5_01_01_04,Ethanol Plants,address,table_8fb64a34098c48a39a412a4a3b8c8eee_ethanol_plants
b5ef0aa5_01_01_05,Ethanol Plants,address2,table_8fb64a34098c48a39a412a4a3b8c8eee_ethanol_plants
b5ef0aa5_01_01_06,Ethanol Plants,city,table_8fb64a34098c48a39a412a4a3b8c8eee_ethanol_plants
b5ef0aa5_01_01_07,Ethanol Plants,state,table_8fb64a34098c48a39a412a4a3b8c8eee_ethanol_plants
b5ef0aa5_01_01_08,Ethanol Plants,zip,table_8fb64a34098c48a39a412a4a3b8c8eee_ethanol_plants
b5ef0aa5_01_01_09,Ethanol Plants,zip4,table_8fb64a34098c48a39a412a4a3b8c8eee_ethanol_plants
b5ef0aa5_01_01_10,Ethanol Plants,telephone,table_8fb64a34098c48a39a412a4a3b8c8eee_ethanol_plants
b5ef0aa5_01_01_11,Ethanol Plants,type,table_8fb64a34098c48a39a412a4a3b8c8eee_ethanol_plants
b5ef0aa5_01_01_12,Ethanol Plants,status,table_8fb64a34098c48a39a412a4a3b8c8eee_ethanol_plants
b5ef0aa5_01_01_13,Ethanol Plants,population,table_8fb64a34098c48a39a412a4a3b8c8eee_ethanol_plants
b5ef0aa5_01_01_14,Ethanol Plants,county,table_8fb64a34098c48a39a412a4a3b8c8eee_ethanol_plants
b5ef0aa5_01_01_15,Ethanol Plants,countyfips,table_8fb64a34098c48a39a412a4a3b8c8eee_ethanol_plants
b5ef0aa5_01_01_16,Ethanol Plants,country,table_8fb64a34098c48a39a412a4a3b8c8eee_ethanol_plants
b5ef0aa5_01_01_17,Ethanol Plants,latitude,table_8fb64a34098c48a39a412a4a3b8c8eee_ethanol_plants
b5ef0aa5_01_01_18,Ethanol Plants,longitude,table_8fb64a34098c48a39a412a4a3b8c8eee_ethanol_plants
b5ef0aa5_01_01_19,Ethanol Plants,naics_code,table_8fb64a34098c48a39a412a4a3b8c8eee_ethanol_plants
b5ef0aa5_01_01_20,Ethanol Plants,naics_desc,table_8fb64a34098c48a39a412a4a3b8c8eee_ethanol_plants
b5ef0aa5_01_01_21,Ethanol Plants,source,table_8fb64a34098c48a39a412a4a3b8c8eee_ethanol_plants
b5ef0aa5_01_01_22,Ethanol Plants,sourcedate,table_8fb64a34098c48a39a412a4a3b8c8eee_ethanol_plants
b5ef0aa5_01_01_23,Ethanol Plants,val_method,table_8fb64a34098c48a39a412a4a3b8c8eee_ethanol_plants
b5ef0aa5_01_01_24,Ethanol Plants,val_date,table_8fb64a34098c48a39a412a4a3b8c8eee_ethanol_plants
b5ef0aa5_01_01_25,Ethanol Plants,website,table_8fb64a34098c48a39a412a4a3b8c8eee_ethanol_plants
b5ef0aa5_01_01_26,Ethanol Plants,epafacid,table_8fb64a34098c48a39a412a4a3b8c8eee_ethanol_plants
b5ef0aa5_01_01_27,Ethanol Plants,owner,table_8fb64a34098c48a39a412a4a3b8c8eee_ethanol_plants
b5ef0aa5_01_01_28,Ethanol Plants,posrel,table_8fb64a34098c48a39a412a4a3b8c8eee_ethanol_plants
b5ef0aa5_01_01_29,Ethanol Plants,padd,table_8fb64a34098c48a39a412a4a3b8c8eee_ethanol_plants
b5ef0aa5_01_01_30,Ethanol Plants,sec_naics,table_8fb64a34098c48a39a412a4a3b8c8eee_ethanol_plants
b5ef0aa5_01_01_31,Ethanol Plants,sec_n_desc,table_8fb64a34098c48a39a412a4a3b8c8eee_ethanol_plants
b5ef0aa5_01_01_32,Ethanol Plants,hq_phone,table_8fb64a34098c48a39a412a4a3b8c8eee_ethanol_plants
b5ef0aa5_01_01_33,Ethanol Plants,currentcap,table_8fb64a34098c48a39a412a4a3b8c8eee_ethanol_plants
b5ef0aa5_01_01_34,Ethanol Plants,nameplate,table_8fb64a34098c48a39a412a4a3b8c8eee_ethanol_plants
b5ef0aa5_01_01_35,Ethanol Plants,futurecap,table_8fb64a34098c48a39a412a4a3b8c8eee_ethanol_plants
b5ef0aa5_01_01_36,Ethanol Plants,feedstock,table_8fb64a34098c48a39a412a4a3b8c8eee_ethanol_plants
b5ef0aa5_01_01_37,Ethanol Plants,platform,table_8fb64a34098c48a39a412a4a3b8c8eee_ethanol_plants
b5ef0aa5_01_01_38,Ethanol Plants,railroad,table_8fb64a34098c48a39a412a4a3b8c8eee_ethanol_plants
b5ef0aa5_01_01_39,Ethanol Plants,rmp_id,table_8fb64a34098c48a39a412a4a3b8c8eee_ethanol_plants
b5ef0aa5_01_01_40,Ethanol Plants,epa_id,table_8fb64a34098c48a39a412a4a3b8c8eee_ethanol_plants
b5ef0aa5_01_01_41,Ethanol Plants,procamt,table_8fb64a34098c48a39a412a4a3b8c8eee_ethanol_plants
24687509_01_01_01,Construction Minerals Operations,fid,table_92a830dedd8b47128fe1f83ece0dc6a6_construction_minerals_op
24687509_01_01_02,Construction Minerals Operations,objectid,table_92a830dedd8b47128fe1f83ece0dc6a6_construction_minerals_op
24687509_01_01_03,Construction Minerals Operations,minop2x020,table_92a830dedd8b47128fe1f83ece0dc6a6_construction_minerals_op
24687509_01_01_04,Construction Minerals Operations,commodity,table_92a830dedd8b47128fe1f83ece0dc6a6_construction_minerals_op
24687509_01_01_05,Construction Minerals Operations,site_name,table_92a830dedd8b47128fe1f83ece0dc6a6_construction_minerals_op
24687509_01_01_06,Construction Minerals Operations,company_na,table_92a830dedd8b47128fe1f83ece0dc6a6_construction_minerals_op
24687509_01_01_07,Construction Minerals Operations,state_loca,table_92a830dedd8b47128fe1f83ece0dc6a6_construction_minerals_op
24687509_01_01_08,Construction Minerals Operations,county,table_92a830dedd8b47128fe1f83ece0dc6a6_construction_minerals_op
24687509_01_01_09,Construction Minerals Operations,latitude,table_92a830dedd8b47128fe1f83ece0dc6a6_construction_minerals_op
24687509_01_01_10,Construction Minerals Operations,longitude,table_92a830dedd8b47128fe1f83ece0dc6a6_construction_minerals_op
24687509_01_01_11,Construction Minerals Operations,plant_min,table_92a830dedd8b47128fe1f83ece0dc6a6_construction_minerals_op
8fef1973_01_01_01,Generating Units,objectid,table_9577a1d3f3cd4eaf81b69d18380bf4f4_generating_units
8fef1973_01_01_02,Generating Units,id,table_9577a1d3f3cd4eaf81b69d18380bf4f4_generating_units
8fef1973_01_01_03,Generating Units,name,table_9577a1d3f3cd4eaf81b69d18380bf4f4_generating_units
8fef1973_01_01_04,Generating Units,city,table_9577a1d3f3cd4eaf81b69d18380bf4f4_generating_units
8fef1973_01_01_05,Generating Units,state,table_9577a1d3f3cd4eaf81b69d18380bf4f4_generating_units
8fef1973_01_01_06,Generating Units,zip,table_9577a1d3f3cd4eaf81b69d18380bf4f4_generating_units
8fef1973_01_01_07,Generating Units,type,table_9577a1d3f3cd4eaf81b69d18380bf4f4_generating_units
8fef1973_01_01_08,Generating Units,status,table_9577a1d3f3cd4eaf81b69d18380bf4f4_generating_units
8fef1973_01_01_09,Generating Units,country,table_9577a1d3f3cd4eaf81b69d18380bf4f4_generating_units
8fef1973_01_01_10,Generating Units,naics_code,table_9577a1d3f3cd4eaf81b69d18380bf4f4_generating_units
8fef1973_01_01_11,Generating Units,naics_desc,table_9577a1d3f3cd4eaf81b69d18380bf4f4_generating_units
8fef1973_01_01_12,Generating Units,source,table_9577a1d3f3cd4eaf81b69d18380bf4f4_generating_units
8fef1973_01_01_13,Generating Units,sourcedate,table_9577a1d3f3cd4eaf81b69d18380bf4f4_generating_units
8fef1973_01_01_14,Generating Units,plant,table_9577a1d3f3cd4eaf81b69d18380bf4f4_generating_units
8fef1973_01_01_15,Generating Units,plant_code,table_9577a1d3f3cd4eaf81b69d18380bf4f4_generating_units
8fef1973_01_01_16,Generating Units,operator,table_9577a1d3f3cd4eaf81b69d18380bf4f4_generating_units
8fef1973_01_01_17,Generating Units,operat_id,table_9577a1d3f3cd4eaf81b69d18380bf4f4_generating_units
8fef1973_01_01_18,Generating Units,namplt_cap,table_9577a1d3f3cd4eaf81b69d18380bf4f4_generating_units
8fef1973_01_01_19,Generating Units,summer_cap,table_9577a1d3f3cd4eaf81b69d18380bf4f4_generating_units
8fef1973_01_01_20,Generating Units,winter_cap,table_9577a1d3f3cd4eaf81b69d18380bf4f4_generating_units
8fef1973_01_01_21,Generating Units,prim_fuel,table_9577a1d3f3cd4eaf81b69d18380bf4f4_generating_units
8fef1973_01_01_22,Generating Units,fuel1_tran,table_9577a1d3f3cd4eaf81b69d18380bf4f4_generating_units
8fef1973_01_01_23,Generating Units,sec_fuel,table_9577a1d3f3cd4eaf81b69d18380bf4f4_generating_units
8fef1973_01_01_24,Generating Units,fuel2_tran,table_9577a1d3f3cd4eaf81b69d18380bf4f4_generating_units
8fef1973_01_01_25,Generating Units,prim_mvr,table_9577a1d3f3cd4eaf81b69d18380bf4f4_generating_units
8fef1973_01_01_26,Generating Units,run_date,table_9577a1d3f3cd4eaf81b69d18380bf4f4_generating_units
8fef1973_01_01_27,Generating Units,ret_date,table_9577a1d3f3cd4eaf81b69d18380bf4f4_generating_units
f37c3187_01_01_01,Substations,objectid,table_967f8f854bdc4cb095d7db8c1a6a9036_substations
f37c3187_01_01_02,Substations,id,table_967f8f854bdc4cb095d7db8c1a6a9036_substations
f37c3187_01_01_03,Substations,name,table_967f8f854bdc4cb095d7db8c1a6a9036_substations
f37c3187_01_01_04,Substations,city,table_967f8f854bdc4cb095d7db8c1a6a9036_substations
f37c3187_01_01_05,Substations,state,table_967f8f854bdc4cb095d7db8c1a6a9036_substations
f37c3187_01_01_06,Substations,zip,table_967f8f854bdc4cb095d7db8c1a6a9036_substations
f37c3187_01_01_07,Substations,type,table_967f8f854bdc4cb095d7db8c1a6a9036_substations
f37c3187_01_01_08,Substations,status,table_967f8f854bdc4cb095d7db8c1a6a9036_substations
f37c3187_01_01_09,Substations,county,table_967f8f854bdc4cb095d7db8c1a6a9036_substations
f37c3187_01_01_10,Substations,countyfips,table_967f8f854bdc4cb095d7db8c1a6a9036_substations
f37c3187_01_01_11,Substations,country,table_967f8f854bdc4cb095d7db8c1a6a9036_substations
f37c3187_01_01_12,Substations,latitude,table_967f8f854bdc4cb095d7db8c1a6a9036_substations
f37c3187_01_01_13,Substations,longitude,table_967f8f854bdc4cb095d7db8c1a6a9036_substations
f37c3187_01_01_14,Substations,naics_code,table_967f8f854bdc4cb095d7db8c1a6a9036_substations
f37c3187_01_01_15,Substations,naics_desc,table_967f8f854bdc4cb095d7db8c1a6a9036_substations
f37c3187_01_01_16,Substations,source,table_967f8f854bdc4cb095d7db8c1a6a9036_substations
f37c3187_01_01_17,Substations,sourcedate,table_967f8f854bdc4cb095d7db8c1a6a9036_substations
f37c3187_01_01_18,Substations,val_method,table_967f8f854bdc4cb095d7db8c1a6a9036_substations
f37c3187_01_01_19,Substations,val_date,table_967f8f854bdc4cb095d7db8c1a6a9036_substations
f37c3187_01_01_20,Substations,lines,table_967f8f854bdc4cb095d7db8c1a6a9036_substations
f37c3187_01_01_21,Substations,max_volt,table_967f8f854bdc4cb095d7db8c1a6a9036_substations
f37c3187_01_01_22,Substations,min_volt,table_967f8f854bdc4cb095d7db8c1a6a9036_substations
f37c3187_01_01_23,Substations,max_infer,table_967f8f854bdc4cb095d7db8c1a6a9036_substations
f37c3187_01_01_24,Substations,min_infer,table_967f8f854bdc4cb095d7db8c1a6a9036_substations
a14046c9_01_01_01,American Red Cross Chp Facs,objectid,table_98183d76b5304859be510bd7d3f8af1a_americanredcrosschpfacs
a14046c9_01_01_02,American Red Cross Chp Facs,ngaid,table_98183d76b5304859be510bd7d3f8af1a_americanredcrosschpfacs
a14046c9_01_01_03,American Red Cross Chp Facs,metlnkid,table_98183d76b5304859be510bd7d3f8af1a_americanredcrosschpfacs
a14046c9_01_01_04,American Red Cross Chp Facs,feattype,table_98183d76b5304859be510bd7d3f8af1a_americanredcrosschpfacs
a14046c9_01_01_05,American Red Cross Chp Facs,name,table_98183d76b5304859be510bd7d3f8af1a_americanredcrosschpfacs
a14046c9_01_01_06,American Red Cross Chp Facs,area_,table_98183d76b5304859be510bd7d3f8af1a_americanredcrosschpfacs
a14046c9_01_01_07,American Red Cross Chp Facs,phone,table_98183d76b5304859be510bd7d3f8af1a_americanredcrosschpfacs
a14046c9_01_01_08,American Red Cross Chp Facs,address,table_98183d76b5304859be510bd7d3f8af1a_americanredcrosschpfacs
a14046c9_01_01_09,American Red Cross Chp Facs,address2,table_98183d76b5304859be510bd7d3f8af1a_americanredcrosschpfacs
a14046c9_01_01_10,American Red Cross Chp Facs,city,table_98183d76b5304859be510bd7d3f8af1a_americanredcrosschpfacs
a14046c9_01_01_11,American Red Cross Chp Facs,state,table_98183d76b5304859be510bd7d3f8af1a_americanredcrosschpfacs
a14046c9_01_01_12,American Red Cross Chp Facs,zip,table_98183d76b5304859be510bd7d3f8af1a_americanredcrosschpfacs
a14046c9_01_01_13,American Red Cross Chp Facs,zipp4,table_98183d76b5304859be510bd7d3f8af1a_americanredcrosschpfacs
a14046c9_01_01_14,American Red Cross Chp Facs,county,table_98183d76b5304859be510bd7d3f8af1a_americanredcrosschpfacs
a14046c9_01_01_15,American Red Cross Chp Facs,fips,table_98183d76b5304859be510bd7d3f8af1a_americanredcrosschpfacs
a14046c9_01_01_16,American Red Cross Chp Facs,directions,table_98183d76b5304859be510bd7d3f8af1a_americanredcrosschpfacs
a14046c9_01_01_17,American Red Cross Chp Facs,emergtitle,table_98183d76b5304859be510bd7d3f8af1a_americanredcrosschpfacs
a14046c9_01_01_18,American Red Cross Chp Facs,emergphone,table_98183d76b5304859be510bd7d3f8af1a_americanredcrosschpfacs
a14046c9_01_01_19,American Red Cross Chp Facs,emergext,table_98183d76b5304859be510bd7d3f8af1a_americanredcrosschpfacs
a14046c9_01_01_20,American Red Cross Chp Facs,contdate,table_98183d76b5304859be510bd7d3f8af1a_americanredcrosschpfacs
a14046c9_01_01_21,American Red Cross Chp Facs,conthow,table_98183d76b5304859be510bd7d3f8af1a_americanredcrosschpfacs
a14046c9_01_01_22,American Red Cross Chp Facs,geodate,table_98183d76b5304859be510bd7d3f8af1a_americanredcrosschpfacs
a14046c9_01_01_23,American Red Cross Chp Facs,geohow,table_98183d76b5304859be510bd7d3f8af1a_americanredcrosschpfacs
a14046c9_01_01_24,American Red Cross Chp Facs,hsipthemes,table_98183d76b5304859be510bd7d3f8af1a_americanredcrosschpfacs
a14046c9_01_01_25,American Red Cross Chp Facs,naicscode,table_98183d76b5304859be510bd7d3f8af1a_americanredcrosschpfacs
a14046c9_01_01_26,American Red Cross Chp Facs,naicsdescr,table_98183d76b5304859be510bd7d3f8af1a_americanredcrosschpfacs
a14046c9_01_01_27,American Red Cross Chp Facs,geolinkid,table_98183d76b5304859be510bd7d3f8af1a_americanredcrosschpfacs
a14046c9_01_01_28,American Red Cross Chp Facs,x,table_98183d76b5304859be510bd7d3f8af1a_americanredcrosschpfacs
a14046c9_01_01_29,American Red Cross Chp Facs,y,table_98183d76b5304859be510bd7d3f8af1a_americanredcrosschpfacs
a14046c9_01_01_30,American Red Cross Chp Facs,st_vendor,table_98183d76b5304859be510bd7d3f8af1a_americanredcrosschpfacs
a14046c9_01_01_31,American Red Cross Chp Facs,st_version,table_98183d76b5304859be510bd7d3f8af1a_americanredcrosschpfacs
a14046c9_01_01_32,American Red Cross Chp Facs,geoprec,table_98183d76b5304859be510bd7d3f8af1a_americanredcrosschpfacs
a14046c9_01_01_33,American Red Cross Chp Facs,phoneloc,table_98183d76b5304859be510bd7d3f8af1a_americanredcrosschpfacs
a14046c9_01_01_34,American Red Cross Chp Facs,qc_qa,table_98183d76b5304859be510bd7d3f8af1a_americanredcrosschpfacs
a14046c9_01_01_35,American Red Cross Chp Facs,svc_area,table_98183d76b5304859be510bd7d3f8af1a_americanredcrosschpfacs
a14046c9_01_01_36,American Red Cross Chp Facs,pop06,table_98183d76b5304859be510bd7d3f8af1a_americanredcrosschpfacs
a14046c9_01_01_37,American Red Cross Chp Facs,sqmi,table_98183d76b5304859be510bd7d3f8af1a_americanredcrosschpfacs
a14046c9_01_01_38,American Red Cross Chp Facs,status,table_98183d76b5304859be510bd7d3f8af1a_americanredcrosschpfacs
a14046c9_01_01_39,American Red Cross Chp Facs,ecode,table_98183d76b5304859be510bd7d3f8af1a_americanredcrosschpfacs
9e71d816_01_01_01,Public Refrigerated Warehouses,objectid,table_98c5a47208e8426ca73f571173b517d2_public_refrigerated_ware
9e71d816_01_01_02,Public Refrigerated Warehouses,loc_name,table_98c5a47208e8426ca73f571173b517d2_public_refrigerated_ware
9e71d816_01_01_03,Public Refrigerated Warehouses,score,table_98c5a47208e8426ca73f571173b517d2_public_refrigerated_ware
9e71d816_01_01_04,Public Refrigerated Warehouses,x,table_98c5a47208e8426ca73f571173b517d2_public_refrigerated_ware
9e71d816_01_01_05,Public Refrigerated Warehouses,y,table_98c5a47208e8426ca73f571173b517d2_public_refrigerated_ware
9e71d816_01_01_06,Public Refrigerated Warehouses,facility,table_98c5a47208e8426ca73f571173b517d2_public_refrigerated_ware
9e71d816_01_01_07,Public Refrigerated Warehouses,address1,table_98c5a47208e8426ca73f571173b517d2_public_refrigerated_ware
9e71d816_01_01_08,Public Refrigerated Warehouses,address2,table_98c5a47208e8426ca73f571173b517d2_public_refrigerated_ware
9e71d816_01_01_09,Public Refrigerated Warehouses,address3,table_98c5a47208e8426ca73f571173b517d2_public_refrigerated_ware
9e71d816_01_01_10,Public Refrigerated Warehouses,city_1,table_98c5a47208e8426ca73f571173b517d2_public_refrigerated_ware
9e71d816_01_01_11,Public Refrigerated Warehouses,state_1,table_98c5a47208e8426ca73f571173b517d2_public_refrigerated_ware
9e71d816_01_01_12,Public Refrigerated Warehouses,zip_1,table_98c5a47208e8426ca73f571173b517d2_public_refrigerated_ware
9e71d816_01_01_13,Public Refrigerated Warehouses,country,table_98c5a47208e8426ca73f571173b517d2_public_refrigerated_ware
9e71d816_01_01_14,Public Refrigerated Warehouses,volume,table_98c5a47208e8426ca73f571173b517d2_public_refrigerated_ware
27e29c2f_01_01_01,Urgent Care Facs,ogc_fid,urgentcarefacs
27e29c2f_01_01_03,Urgent Care Facs,fid,urgentcarefacs
27e29c2f_01_01_04,Urgent Care Facs,id,urgentcarefacs
27e29c2f_01_01_05,Urgent Care Facs,name,urgentcarefacs
27e29c2f_01_01_06,Urgent Care Facs,telephone,urgentcarefacs
27e29c2f_01_01_07,Urgent Care Facs,address,urgentcarefacs
27e29c2f_01_01_08,Urgent Care Facs,address2,urgentcarefacs
27e29c2f_01_01_09,Urgent Care Facs,city,urgentcarefacs
27e29c2f_01_01_10,Urgent Care Facs,state,urgentcarefacs
27e29c2f_01_01_11,Urgent Care Facs,zip,urgentcarefacs
27e29c2f_01_01_12,Urgent Care Facs,zipp4,urgentcarefacs
27e29c2f_01_01_13,Urgent Care Facs,county,urgentcarefacs
27e29c2f_01_01_14,Urgent Care Facs,fips,urgentcarefacs
27e29c2f_01_01_15,Urgent Care Facs,directions,urgentcarefacs
27e29c2f_01_01_16,Urgent Care Facs,emergtitle,urgentcarefacs
27e29c2f_01_01_17,Urgent Care Facs,emergtel,urgentcarefacs
27e29c2f_01_01_18,Urgent Care Facs,emergext,urgentcarefacs
27e29c2f_01_01_19,Urgent Care Facs,contdate,urgentcarefacs
27e29c2f_01_01_20,Urgent Care Facs,conthow,urgentcarefacs
27e29c2f_01_01_21,Urgent Care Facs,geodate,urgentcarefacs
27e29c2f_01_01_22,Urgent Care Facs,geohow,urgentcarefacs
27e29c2f_01_01_23,Urgent Care Facs,hsipthemes,urgentcarefacs
27e29c2f_01_01_24,Urgent Care Facs,naicscode,urgentcarefacs
27e29c2f_01_01_25,Urgent Care Facs,naicsdescr,urgentcarefacs
27e29c2f_01_01_26,Urgent Care Facs,geolinkid,urgentcarefacs
27e29c2f_01_01_27,Urgent Care Facs,x,urgentcarefacs
27e29c2f_01_01_28,Urgent Care Facs,y,urgentcarefacs
27e29c2f_01_01_29,Urgent Care Facs,st_vendor,urgentcarefacs
27e29c2f_01_01_30,Urgent Care Facs,st_version,urgentcarefacs
27e29c2f_01_01_31,Urgent Care Facs,geoprec,urgentcarefacs
27e29c2f_01_01_32,Urgent Care Facs,phoneloc,urgentcarefacs
27e29c2f_01_01_33,Urgent Care Facs,qc_qa,urgentcarefacs
27e29c2f_01_01_34,Urgent Care Facs,ucaoa_id,urgentcarefacs
